{
  "metrics": {
    "openslr/librispeech_asr:test.clean": {
      "seed": {
        "mean": 82.5,
        "std": 40.5
      },
      "wer": {
        "mean": 1.0054794549942017,
        "std": 0.00547945499420166
      },
      "accuracy": {
        "mean": 0.07133261687264913,
        "std": 0.0315690488984417
      },
      "eval_batch_size": {
        "mean": 1.0,
        "std": 0.0
      },
      "inference_runtime_sec": {
        "mean": 13.208754539489746,
        "std": 0.5410299301147461
      },
      "inference_samples_per_sec": {
        "mean": 8.26597073982041,
        "std": 0.3385737510925333
      },
      "inference_peak_gpu_mem_mb": {
        "mean": 44.8984375,
        "std": 0.0
      },
      "model_total_params": {
        "mean": 2839133.0,
        "std": 0.0
      },
      "model_trainable_params": {
        "mean": 2839133.0,
        "std": 0.0
      },
      "blank_ratio": {
        "mean": 0.09935167057162114,
        "std": 0.09931957505536476
      },
      "empty_pred_ratio": {
        "mean": 0.0,
        "std": 0.0
      },
      "nonempty_pred_ratio": {
        "mean": 1.0,
        "std": 0.0
      },
      "exact_match_ratio": {
        "mean": 0.0,
        "std": 0.0
      },
      "avg_pred_chars": {
        "mean": 2.9128440366972477,
        "std": 0.334862385321101
      },
      "avg_ref_chars": {
        "mean": 28.44954128440367,
        "std": 0.0
      },
      "avg_out_length": {
        "mean": 285.8440366972477,
        "std": 0.0
      },
      "pred_to_ref_char_ratio": {
        "mean": 0.10238632699129313,
        "std": 0.011770396646243152
      },
      "short_pred_ratio": {
        "mean": 0.8976136730087069,
        "std": 0.01177039664624313
      },
      "long_pred_ratio": {
        "mean": 0.0,
        "std": 0.0
      },
      "length_deviation_ratio": {
        "mean": 0.8976136730087069,
        "std": 0.01177039664624313
      },
      "adjacent_repeat_ratio": {
        "mean": 0.7385321100917431,
        "std": 0.032110091743119296
      },
      "dominant_char_ratio": {
        "mean": 1.0,
        "std": 0.0
      },
      "avg_target_length": {
        "mean": 34.14678899082569,
        "std": 0.0
      },
      "avg_length_margin": {
        "mean": 251.69724770642202,
        "std": 0.0
      },
      "invalid_length_ratio": {
        "mean": 0.0,
        "std": 0.0
      }
    }
  }
}