{
  "model_name": "phase3_corrective_mae",
  "architecture": "Audio Transformer Encoder + CTC",
  "adaptation_technique": "MAE pretrain -> CTC fine-tune",
  "runs": {
    "42": {
      "seed": 42.0,
      "wer": 1.0,
      "inference_runtime_sec": 34.06881260871887,
      "inference_samples_per_sec": 8.805707538020394,
      "inference_peak_gpu_mem_mb": 34.482421875,
      "blank_ratio": 1.0,
      "empty_pred_ratio": 1.0,
      "nonempty_pred_ratio": 0.0,
      "invalid_length_ratio": 0.0,
      "avg_out_length": 389.97,
      "avg_target_length": 115.85666666666667,
      "avg_length_margin": 274.11333333333334
    },
    "123": {
      "seed": 123.0,
      "wer": 1.0,
      "inference_runtime_sec": 34.46940588951111,
      "inference_samples_per_sec": 8.703370199115868,
      "inference_peak_gpu_mem_mb": 34.482421875,
      "blank_ratio": 0.19559624244600013,
      "empty_pred_ratio": 0.9933333333333333,
      "nonempty_pred_ratio": 0.00666666666666671,
      "invalid_length_ratio": 0.0,
      "avg_out_length": 389.97,
      "avg_target_length": 115.85666666666667,
      "avg_length_margin": 274.11333333333334
    }
  }
}