{
  "metrics": {
    "openslr/librispeech_asr:test.clean": {
      "seed": {
        "mean": 82.5,
        "std": 40.5
      },
      "wer": {
        "mean": 1.0,
        "std": 0.0
      },
      "inference_runtime_sec": {
        "mean": 34.26910924911499,
        "std": 0.20029664039611816
      },
      "inference_samples_per_sec": {
        "mean": 8.754538868568131,
        "std": 0.05116866945226306
      },
      "inference_peak_gpu_mem_mb": {
        "mean": 34.482421875,
        "std": 0.0
      },
      "model_total_params": {
        "mean": 1520861.0,
        "std": 0.0
      },
      "model_trainable_params": {
        "mean": 1520861.0,
        "std": 0.0
      },
      "blank_ratio": {
        "mean": 0.597798121223,
        "std": 0.4022018787769999
      },
      "empty_pred_ratio": {
        "mean": 0.9966666666666666,
        "std": 0.003333333333333355
      },
      "nonempty_pred_ratio": {
        "mean": 0.003333333333333355,
        "std": 0.003333333333333355
      },
      "exact_match_ratio": {
        "mean": 0.0,
        "std": 0.0
      },
      "avg_pred_chars": {
        "mean": 0.0033333333333333335,
        "std": 0.0033333333333333335
      },
      "avg_ref_chars": {
        "mean": 95.43,
        "std": 0.0
      },
      "avg_out_length": {
        "mean": 389.97,
        "std": 0.0
      },
      "avg_target_length": {
        "mean": 115.85666666666667,
        "std": 0.0
      },
      "avg_length_margin": {
        "mean": 274.11333333333334,
        "std": 0.0
      },
      "invalid_length_ratio": {
        "mean": 0.0,
        "std": 0.0
      }
    }
  }
}