{
  "model_name": "tpfast_core_voxpopuli_R0_VOX",
  "architecture": "Audio Transformer Encoder + CTC",
  "adaptation_technique": "CTC fine-tune only (no MAE)",
  "runs": {
    "42": {
      "seed": 42.0,
      "wer": 1.0,
      "accuracy": 0.004739336492891044,
      "eval_batch_size": 2.0,
      "inference_runtime_sec": 1.1936109066009521,
      "inference_samples_per_sec": 17.593673016780432,
      "inference_peak_gpu_mem_mb": 64.6513671875,
      "model_total_params": 1551581.0,
      "model_trainable_params": 1551581.0,
      "blank_ratio": 0.9154466686585001,
      "empty_pred_ratio": 0.9047619047619048,
      "nonempty_pred_ratio": 0.09523809523809523,
      "pred_to_ref_char_ratio": 0.002232142857142857,
      "short_pred_ratio": 0.9977678571428571,
      "invalid_length_ratio": 0.0,
      "avg_out_length": 159.38095238095238,
      "avg_target_length": 50.23809523809524,
      "avg_length_margin": 109.14285714285714,
      "checkpoint_variant": "best",
      "adjacent_repeat_ratio": 0.0,
      "alignment_interpolation_ratio_mean": 0.0,
      "avg_pred_chars": 0.09523809523809523,
      "avg_ref_chars": 42.666666666666664,
      "collapse_compression_ratio": 148.41349206349207,
      "collapsed_dominant_char_ratio": 0.09523809523809523,
      "collapsed_repeat_ratio": 0.0,
      "collapsed_unique_char_ratio": 0.09523809523809523,
      "dominant_char_ratio": 0.09523809523809523,
      "eval_peak_gpu_mem_mb": 64.6513671875,
      "eval_runtime_sec": 1.1936109066009521,
      "eval_samples_per_sec": 17.593673016780432,
      "exact_match_ratio": 0.14285714285714285,
      "frame_blank_prob_mean": 0.7644558945163742,
      "frame_blank_prob_std": 0.30961725802959167,
      "frame_entropy_mean": 0.959704588020172,
      "frame_entropy_std": 1.0743239550454422,
      "frame_nonblank_prob_mean": 0.2355441101138044,
      "frame_nonblank_prob_std": 0.30961727984355497,
      "frame_top1_confidence_mean": 0.7718129820491721,
      "frame_top1_confidence_std": 0.29388521675129625,
      "frame_top1_margin_mean": 0.7358534798395608,
      "frame_top1_margin_std": 0.3399855132064194,
      "length_deviation_ratio": 0.9977678571428571,
      "long_pred_ratio": 0.0,
      "raw_adjacent_repeat_ratio": 0.972896608088488,
      "raw_blank_argmax_ratio": 0.7245787478310275,
      "raw_dominant_token_ratio": 0.9744320691129202,
      "raw_nonblank_argmax_ratio": 0.27542125216897256,
      "raw_token_switch_ratio": 0.02710339191151204,
      "raw_unique_token_ratio": 0.016823640604470776,
      "sample_coverage_ratio": 1.0,
      "sample_revisit_ratio": 0.0,
      "student_frames_per_second_estimate": 0.0,
      "student_time_steps_mean": 0.0,
      "teacher_blank_prob_mean": 0.0,
      "teacher_blank_prob_std": 0.0,
      "teacher_entropy_mean": 0.0,
      "teacher_entropy_std": 0.0,
      "teacher_frames_per_second_estimate": 0.0,
      "teacher_nonblank_prob_mean": 0.0,
      "teacher_nonblank_prob_std": 0.0,
      "teacher_student_alignment_stretch_mean": 0.0,
      "teacher_student_argmax_agreement": 0.0,
      "teacher_student_feature_cosine_mean": 0.0,
      "teacher_student_feature_cosine_std": 0.0,
      "teacher_student_feature_mse_mean": 0.0,
      "teacher_student_feature_norm_ratio_mean": 0.0,
      "teacher_student_topk_overlap_at1": 0.0,
      "teacher_student_topk_overlap_at3": 0.0,
      "teacher_student_valid_frame_overlap_ratio": 0.0,
      "teacher_time_steps_mean": 0.0,
      "teacher_to_student_time_ratio_mean": 0.0,
      "teacher_top1_confidence_mean": 0.0,
      "teacher_top1_confidence_std": 0.0,
      "teacher_top1_margin_mean": 0.0,
      "teacher_top1_margin_std": 0.0,
      "unique_char_ratio": 0.09523809523809523,
      "unique_sample_ids_seen": 21.0
    },
    "123": {
      "seed": 123.0,
      "wer": 0.9942528605461121,
      "accuracy": 0.005687203791469142,
      "eval_batch_size": 2.0,
      "inference_runtime_sec": 1.0480847358703613,
      "inference_samples_per_sec": 20.036547887095182,
      "inference_peak_gpu_mem_mb": 64.6513671875,
      "model_total_params": 1551581.0,
      "model_trainable_params": 1551581.0,
      "blank_ratio": 0.8864654914849118,
      "empty_pred_ratio": 0.8095238095238095,
      "nonempty_pred_ratio": 0.19047619047619047,
      "pred_to_ref_char_ratio": 0.004464285714285714,
      "short_pred_ratio": 0.9955357142857143,
      "invalid_length_ratio": 0.0,
      "avg_out_length": 159.38095238095238,
      "avg_target_length": 50.23809523809524,
      "avg_length_margin": 109.14285714285714,
      "checkpoint_variant": "best",
      "adjacent_repeat_ratio": 0.0,
      "alignment_interpolation_ratio_mean": 0.0,
      "avg_pred_chars": 0.19047619047619047,
      "avg_ref_chars": 42.666666666666664,
      "collapse_compression_ratio": 142.3219954648526,
      "collapsed_dominant_char_ratio": 0.19047619047619047,
      "collapsed_repeat_ratio": 0.0,
      "collapsed_unique_char_ratio": 0.19047619047619047,
      "dominant_char_ratio": 0.19047619047619047,
      "eval_peak_gpu_mem_mb": 64.6513671875,
      "eval_runtime_sec": 1.0480847358703613,
      "eval_samples_per_sec": 20.036547887095182,
      "exact_match_ratio": 0.14285714285714285,
      "frame_blank_prob_mean": 0.763426533947783,
      "frame_blank_prob_std": 0.32789851484020205,
      "frame_entropy_mean": 0.9230757805351574,
      "frame_entropy_std": 1.0978979425668116,
      "frame_nonblank_prob_mean": 0.2365734726057004,
      "frame_nonblank_prob_std": 0.32789853122523166,
      "frame_top1_confidence_mean": 0.7750750915805439,
      "frame_top1_confidence_std": 0.3043906012942328,
      "frame_top1_margin_mean": 0.7360287006128572,
      "frame_top1_margin_std": 0.3546466110867182,
      "length_deviation_ratio": 0.9955357142857143,
      "long_pred_ratio": 0.0,
      "raw_adjacent_repeat_ratio": 0.9737037455338586,
      "raw_blank_argmax_ratio": 0.6708465715304621,
      "raw_dominant_token_ratio": 0.9473677161188336,
      "raw_nonblank_argmax_ratio": 0.32915342846953793,
      "raw_token_switch_ratio": 0.026296254466141297,
      "raw_unique_token_ratio": 0.01904589686302241,
      "sample_coverage_ratio": 1.0,
      "sample_revisit_ratio": 0.0,
      "student_frames_per_second_estimate": 0.0,
      "student_time_steps_mean": 0.0,
      "teacher_blank_prob_mean": 0.0,
      "teacher_blank_prob_std": 0.0,
      "teacher_entropy_mean": 0.0,
      "teacher_entropy_std": 0.0,
      "teacher_frames_per_second_estimate": 0.0,
      "teacher_nonblank_prob_mean": 0.0,
      "teacher_nonblank_prob_std": 0.0,
      "teacher_student_alignment_stretch_mean": 0.0,
      "teacher_student_argmax_agreement": 0.0,
      "teacher_student_feature_cosine_mean": 0.0,
      "teacher_student_feature_cosine_std": 0.0,
      "teacher_student_feature_mse_mean": 0.0,
      "teacher_student_feature_norm_ratio_mean": 0.0,
      "teacher_student_topk_overlap_at1": 0.0,
      "teacher_student_topk_overlap_at3": 0.0,
      "teacher_student_valid_frame_overlap_ratio": 0.0,
      "teacher_time_steps_mean": 0.0,
      "teacher_to_student_time_ratio_mean": 0.0,
      "teacher_top1_confidence_mean": 0.0,
      "teacher_top1_confidence_std": 0.0,
      "teacher_top1_margin_mean": 0.0,
      "teacher_top1_margin_std": 0.0,
      "unique_char_ratio": 0.19047619047619047,
      "unique_sample_ids_seen": 21.0
    }
  },
  "metrics": {
    "seed": {
      "mean": 82.5,
      "std": 40.5
    },
    "wer": {
      "mean": 0.997126430273056,
      "std": 0.0028735697269439697
    },
    "accuracy": {
      "mean": 0.005213270142180093,
      "std": 0.0004739336492890489
    },
    "eval_batch_size": {
      "mean": 2.0,
      "std": 0.0
    },
    "inference_runtime_sec": {
      "mean": 1.1208478212356567,
      "std": 0.07276308536529541
    },
    "inference_samples_per_sec": {
      "mean": 18.815110451937805,
      "std": 1.221437435157375
    },
    "inference_peak_gpu_mem_mb": {
      "mean": 64.6513671875,
      "std": 0.0
    },