{
  "model_name": "phase2_diagnostic_ctc_baseline",
  "architecture": "Audio Transformer Encoder + CTC",
  "adaptation_technique": "MAE pretrain -> CTC fine-tune",
  "runs": {
    "42": {
      "seed": 42.0,
      "wer": 1.0,
      "inference_runtime_sec": 29.93364644050598,
      "inference_samples_per_sec": 10.022166881547792,
      "inference_peak_gpu_mem_mb": 24.646484375,
      "blank_ratio": 0.6376158940397351,
      "empty_pred_ratio": 0.9866666666666667,
      "nonempty_pred_ratio": 0.013333333333333308,
      "invalid_length_ratio": 0.2633333333333333,
      "avg_out_length": 151.0,
      "avg_target_length": 115.85666666666667,
      "avg_length_margin": 35.14333333333333
    }
  },
  "metrics": {
    "seed": {
      "mean": 42.0,
      "std": 0.0
    },
    "wer": {
      "mean": 1.0,
      "std": 0.0
    },
    "inference_runtime_sec": {
      "mean": 29.93364644050598,
      "std": 0.0
    },
    "inference_samples_per_sec": {
      "mean": 10.022166881547792,
      "std": 0.0
    },
    "inference_peak_gpu_mem_mb": {
      "mean": 24.646484375,
      "std": 0.0
    },
    "blank_ratio": {
      "mean": 0.6376158940397351,
      "std": 0.0
    },
    "empty_pred_ratio": {
      "mean": 0.9866666666666667,
      "std": 0.0
    },
    "nonempty_pred_ratio": {
      "mean": 0.013333333333333308,
      "std": 0.0
    },
    "invalid_length_ratio": {
      "mean": 0.2633333333333333,
      "std": 0.0
    },
    "avg_out_length": {
      "mean": 151.0,
      "std": 0.0
    },
    "avg_target_length": {
      "mean": 115.85666666666667,
      "std": 0.0
    },
    "avg_length_margin": {
      "mean": 35.14333333333333,
      "std": 0.0
    }
  }
}