{
  "experiment_id": "P2D01",
  "datasets": {
    "openslr/librispeech_asr:test.clean": {
      "42": {
        "seed": 42.0,
        "dataset": "openslr/librispeech_asr:test.clean",
        "wer": 1.0,
        "inference_runtime_sec": 29.93364644050598,
        "inference_samples_per_sec": 10.022166881547792,
        "inference_peak_gpu_mem_mb": 24.646484375,
        "model_total_params": 1551581.0,
        "model_trainable_params": 1551581.0,
        "blank_ratio": 0.6376158940397351,
        "empty_pred_ratio": 0.9866666666666667,
        "nonempty_pred_ratio": 0.013333333333333308,
        "exact_match_ratio": 0.0,
        "avg_pred_chars": 0.013333333333333334,
        "avg_ref_chars": 95.43,
        "avg_out_length": 151.0,
        "avg_target_length": 115.85666666666667,
        "avg_length_margin": 35.14333333333333,
        "invalid_length_ratio": 0.2633333333333333,
        "diagnostics_artifact": "results/phase2/experiments/P2D01/diagnostics/test_seed_42_openslr_librispeech_asr_test.clean.json"
      }
    }
  }
}