{
  "metrics": {
    "openslr/librispeech_asr:test.clean": {
      "seed": {
        "mean": 82.5,
        "std": 40.5
      },
      "wer": {
        "mean": 1.0047169923782349,
        "std": 0.0
      },
      "accuracy": {
        "mean": 0.1477944520236471,
        "std": 0.0013642564802182622
      },
      "inference_runtime_sec": {
        "mean": 6.817884087562561,
        "std": 0.14500629901885986
      },
      "inference_samples_per_sec": {
        "mean": 11.445677025085473,
        "std": 0.24343260223513052
      },
      "inference_peak_gpu_mem_mb": {
        "mean": 32.9462890625,
        "std": 0.0
      },
      "model_total_params": {
        "mean": 1520861.0,
        "std": 0.0
      },
      "model_trainable_params": {
        "mean": 1520861.0,
        "std": 0.0
      },
      "blank_ratio": {
        "mean": 0.6444756463639004,
        "std": 0.254720635228043
      },
      "empty_pred_ratio": {
        "mean": 0.01282051282051282,
        "std": 0.0
      },
      "nonempty_pred_ratio": {
        "mean": 0.9871794871794872,
        "std": 0.0
      },
      "exact_match_ratio": {
        "mean": 0.0,
        "std": 0.0
      },
      "avg_pred_chars": {
        "mean": 4.294871794871795,
        "std": 0.37179487179487203
      },
      "avg_ref_chars": {
        "mean": 23.756410256410255,
        "std": 0.0
      },
      "avg_out_length": {
        "mean": 132.39743589743588,
        "std": 0.0
      },
      "avg_target_length": {
        "mean": 28.192307692307693,
        "std": 0.0
      },
      "avg_length_margin": {
        "mean": 104.2051282051282,
        "std": 0.0
      },
      "invalid_length_ratio": {
        "mean": 0.0,
        "std": 0.0
      }
    }
  }
}