{
  "experiment_id": "P6G01",
  "checkpoint_variant": "final",
  "datasets": {
    "openslr/librispeech_asr:test.clean": {
      "42": {
        "seed": 42.0,
        "dataset": "openslr/librispeech_asr:test.clean",
        "wer": 1.0094339847564697,
        "accuracy": 0.15643474306502958,
        "inference_runtime_sec": 6.774051189422607,
        "inference_samples_per_sec": 11.514527690873326,
        "inference_peak_gpu_mem_mb": 32.9462890625,
        "model_total_params": 1520861.0,
        "model_trainable_params": 1520861.0,
        "blank_ratio": 0.38287982957296407,
        "empty_pred_ratio": 0.0,
        "nonempty_pred_ratio": 1.0,
        "exact_match_ratio": 0.0,
        "avg_pred_chars": 4.371794871794871,
        "avg_ref_chars": 23.756410256410255,
        "avg_out_length": 132.39743589743588,
        "avg_target_length": 28.192307692307693,
        "avg_length_margin": 104.2051282051282,
        "invalid_length_ratio": 0.0,
        "diagnostics_artifact": "results/phase6/experiments/P6G01/diagnostics/test_seed_42_final_openslr_librispeech_asr_test.clean.json"
      },
      "123": {
        "seed": 123.0,
        "dataset": "openslr/librispeech_asr:test.clean",
        "wer": 1.0023584365844727,
        "accuracy": 0.1782628467485221,
        "inference_runtime_sec": 6.907343626022339,
        "inference_samples_per_sec": 11.292329471802615,
        "inference_peak_gpu_mem_mb": 32.9462890625,
        "model_total_params": 1520861.0,
        "model_trainable_params": 1520861.0,
        "blank_ratio": 0.8902875956231239,
        "empty_pred_ratio": 0.0,
        "nonempty_pred_ratio": 1.0,
        "exact_match_ratio": 0.0,
        "avg_pred_chars": 5.935897435897436,
        "avg_ref_chars": 23.756410256410255,
        "avg_out_length": 132.39743589743588,
        "avg_target_length": 28.192307692307693,
        "avg_length_margin": 104.2051282051282,
        "invalid_length_ratio": 0.0,
        "diagnostics_artifact": "results/phase6/experiments/P6G01/diagnostics/test_seed_123_final_openslr_librispeech_asr_test.clean.json"
      }
    }
  }
}