{
  "metrics": {
    "openslr/librispeech_asr:test.clean": {
      "seed": {
        "mean": 82.5,
        "std": 40.5
      },
      "wer": {
        "mean": 1.0058962106704712,
        "std": 0.003537774085998535
      },
      "accuracy": {
        "mean": 0.16734879490677584,
        "std": 0.010914051841746264
      },
      "inference_runtime_sec": {
        "mean": 6.840697407722473,
        "std": 0.06664621829986572
      },
      "inference_samples_per_sec": {
        "mean": 11.40342858133797,
        "std": 0.11109910953535529
      },
      "inference_peak_gpu_mem_mb": {
        "mean": 32.9462890625,
        "std": 0.0
      },
      "model_total_params": {
        "mean": 1520861.0,
        "std": 0.0
      },
      "model_trainable_params": {
        "mean": 1520861.0,
        "std": 0.0
      },
      "blank_ratio": {
        "mean": 0.636583712598044,
        "std": 0.2537038830250799
      },
      "empty_pred_ratio": {
        "mean": 0.0,
        "std": 0.0
      },
      "nonempty_pred_ratio": {
        "mean": 1.0,
        "std": 0.0
      },
      "exact_match_ratio": {
        "mean": 0.0,
        "std": 0.0
      },
      "avg_pred_chars": {
        "mean": 5.153846153846153,
        "std": 0.7820512820512824
      },
      "avg_ref_chars": {
        "mean": 23.756410256410255,
        "std": 0.0
      },
      "avg_out_length": {
        "mean": 132.39743589743588,
        "std": 0.0
      },
      "avg_target_length": {
        "mean": 28.192307692307693,
        "std": 0.0
      },
      "avg_length_margin": {
        "mean": 104.2051282051282,
        "std": 0.0
      },
      "invalid_length_ratio": {
        "mean": 0.0,
        "std": 0.0
      }
    }
  }
}