{
  "model_name": "phase6_simple_generalization_no_mae",
  "architecture": "Audio Transformer Encoder + CTC",
  "adaptation_technique": "CTC fine-tune only (no MAE)",
  "runs": {
    "42": {
      "train_loss": 3.159521991411845,
      "train_runtime_sec": 378.7086544036865,
      "train_peak_gpu_mem_mb": 66.71923828125,
      "train_invalid_length_ratio": 0.0,
      "train_avg_out_length": 138.46277777777777,
      "train_avg_target_length": 32.46611111111111,
      "train_avg_length_margin": 105.99666666666667,
      "eval_peak_gpu_mem_mb": 53.48486328125,
      "valid_peak_gpu_mem_mb": 53.48486328125,
      "valid_wer": 1.0026178359985352,
      "valid_accuracy": 0.14077922077922078,
      "valid_runtime_sec": 6.93670392036438,
      "valid_samples_per_sec": 9.226283943316718,
      "valid_blank_ratio": 0.3848396501457726,
      "valid_empty_pred_ratio": 0.0,
      "valid_nonempty_pred_ratio": 1.0,
      "valid_invalid_length_ratio": 0.0,
      "valid_avg_out_length": 133.984375,
      "valid_avg_target_length": 30.078125,
      "valid_avg_length_margin": 103.90625,
      "valid_exact_match_ratio": 0.0,
      "valid_selection_score": 1.0026178359985352,
      "best_valid_wer": 1.0026178359985352,
      "best_valid_score": 1.0026178359985352,
      "best_valid_empty_pred_ratio": 0.0,
      "finetune_total_params": 1520861.0,
      "finetune_trainable_params": 1520861.0,
      "seed": 42.0
    },
    "123": {
      "train_loss": 2.8311260746584996,
      "train_runtime_sec": 391.88570642471313,
      "train_peak_gpu_mem_mb": 66.71728515625,
      "train_invalid_length_ratio": 0.0,
      "train_avg_out_length": 138.42777777777778,
      "train_avg_target_length": 32.46277777777778,
      "train_avg_length_margin": 105.965,
      "eval_peak_gpu_mem_mb": 53.484375,
      "valid_peak_gpu_mem_mb": 53.484375,
      "valid_wer": 1.0,
      "valid_accuracy": 0.1761038961038961,
      "valid_runtime_sec": 7.363529682159424,
      "valid_samples_per_sec": 8.691483943503492,
      "valid_blank_ratio": 0.8871137026239067,
      "valid_empty_pred_ratio": 0.015625,
      "valid_nonempty_pred_ratio": 0.984375,
      "valid_invalid_length_ratio": 0.0,
      "valid_avg_out_length": 133.984375,
      "valid_avg_target_length": 30.078125,
      "valid_avg_length_margin": 103.90625,
      "valid_exact_match_ratio": 0.0,
      "valid_selection_score": 1.015625,
      "best_valid_wer": 1.0,
      "best_valid_score": 1.015625,
      "best_valid_empty_pred_ratio": 0.015625,
      "finetune_total_params": 1520861.0,
      "finetune_trainable_params": 1520861.0,
      "seed": 123.0
    }
  }
}