{
  "model_name": "tp5_core_librispeech_R0_LIBRI",
  "architecture": "Audio Transformer Encoder + CTC",
  "adaptation_technique": "CTC fine-tune only (no MAE)",
  "runs": {
    "42": {
      "seed": 42.0,
      "wer": 1.0,
      "accuracy": 0.09872159090909094,
      "eval_batch_size": 2.0,
      "inference_runtime_sec": 3.0376827716827393,
      "inference_samples_per_sec": 19.09350131642305,
      "inference_peak_gpu_mem_mb": 26.9189453125,
      "model_total_params": 1551581.0,
      "model_trainable_params": 1551581.0,
      "blank_ratio": 0.8218522770761577,
      "empty_pred_ratio": 0.0,
      "nonempty_pred_ratio": 1.0,
      "pred_to_ref_char_ratio": 0.17664670658682635,
      "short_pred_ratio": 0.8233532934131736,
      "invalid_length_ratio": 0.0,
      "avg_out_length": 90.10344827586206,
      "avg_target_length": 48.55172413793103,
      "avg_length_margin": 41.55172413793103,
      "checkpoint_variant": "best",
      "adjacent_repeat_ratio": 0.4380074905936974,
      "alignment_interpolation_ratio_mean": 0.0,
      "avg_pred_chars": 7.120689655172414,
      "avg_ref_chars": 40.310344827586206,
      "collapse_compression_ratio": 13.527673067860693,
      "collapsed_dominant_char_ratio": 0.6657778774491703,
      "collapsed_repeat_ratio": 0.4380074905936974,
      "collapsed_unique_char_ratio": 0.40736344942200603,
      "dominant_char_ratio": 0.6657778774491703,
      "eval_peak_gpu_mem_mb": 26.9189453125,
      "eval_runtime_sec": 3.0376827716827393,
      "eval_samples_per_sec": 19.09350131642305,
      "exact_match_ratio": 0.0,
      "frame_blank_prob_mean": 0.1775978075969826,
      "frame_blank_prob_std": 0.08088571432975399,
      "frame_entropy_mean": 3.0645962411126457,
      "frame_entropy_std": 0.13399988210012173,
      "frame_nonblank_prob_mean": 0.8224021964177198,
      "frame_nonblank_prob_std": 0.0808856898671721,
      "frame_top1_confidence_mean": 0.18488512648689395,
      "frame_top1_confidence_std": 0.07233844732151315,
      "frame_top1_margin_mean": 0.1119348832213281,
      "frame_top1_margin_std": 0.07954128917761992,
      "length_deviation_ratio": 0.8233532934131736,
      "long_pred_ratio": 0.0,
      "raw_adjacent_repeat_ratio": 0.8521008538437858,
      "raw_blank_argmax_ratio": 0.8120370859548377,
      "raw_dominant_token_ratio": 0.8120370859548377,
      "raw_nonblank_argmax_ratio": 0.18796291404516227,
      "raw_token_switch_ratio": 0.1478991461562145,
      "raw_unique_token_ratio": 0.049241508623891525,
      "sample_coverage_ratio": 1.0,
      "sample_revisit_ratio": 0.0,
      "student_frames_per_second_estimate": 0.0,
      "student_time_steps_mean": 0.0,
      "teacher_blank_prob_mean": 0.0,
      "teacher_blank_prob_std": 0.0,
      "teacher_entropy_mean": 0.0,
      "teacher_entropy_std": 0.0,
      "teacher_frames_per_second_estimate": 0.0,
      "teacher_nonblank_prob_mean": 0.0,
      "teacher_nonblank_prob_std": 0.0,
      "teacher_student_alignment_stretch_mean": 0.0,
      "teacher_student_argmax_agreement": 0.0,
      "teacher_student_feature_cosine_mean": 0.0,
      "teacher_student_feature_cosine_std": 0.0,
      "teacher_student_feature_mse_mean": 0.0,
      "teacher_student_feature_norm_ratio_mean": 0.0,
      "teacher_student_topk_overlap_at1": 0.0,
      "teacher_student_topk_overlap_at3": 0.0,
      "teacher_student_valid_frame_overlap_ratio": 0.0,
      "teacher_time_steps_mean": 0.0,
      "teacher_to_student_time_ratio_mean": 0.0,
      "teacher_top1_confidence_mean": 0.0,
      "teacher_top1_confidence_std": 0.0,
      "teacher_top1_margin_mean": 0.0,
      "teacher_top1_margin_std": 0.0,
      "unique_char_ratio": 0.40736344942200603,
      "unique_sample_ids_seen": 58.0
    },
    "123": {
      "seed": 123.0,
      "wer": 1.0,
      "accuracy": 0.006036931818181768,
      "eval_batch_size": 2.0,
      "inference_runtime_sec": 2.958677053451538,
      "inference_samples_per_sec": 19.603356146064765,
      "inference_peak_gpu_mem_mb": 26.9189453125,
      "model_total_params": 1551581.0,
      "model_trainable_params": 1551581.0,
      "blank_ratio": 0.994833524684271,
      "empty_pred_ratio": 0.7241379310344828,
      "nonempty_pred_ratio": 0.27586206896551724,
      "pred_to_ref_char_ratio": 0.007271171941830624,
      "short_pred_ratio": 0.9927288280581694,
      "invalid_length_ratio": 0.0,
      "avg_out_length": 90.10344827586206,
      "avg_target_length": 48.55172413793103,
      "avg_length_margin": 41.55172413793103,
      "checkpoint_variant": "best",
      "adjacent_repeat_ratio": 0.017241379310344827,
      "alignment_interpolation_ratio_mean": 0.0,
      "avg_pred_chars": 0.29310344827586204,
      "avg_ref_chars": 40.310344827586206,
      "collapse_compression_ratio": 88.08620689655173,
      "collapsed_dominant_char_ratio": 0.27586206896551724,
      "collapsed_repeat_ratio": 0.017241379310344827,
      "collapsed_unique_char_ratio": 0.2672413793103448,
      "dominant_char_ratio": 0.27586206896551724,
      "eval_peak_gpu_mem_mb": 26.9189453125,
      "eval_runtime_sec": 2.958677053451538,
      "eval_samples_per_sec": 19.603356146064765,
      "exact_match_ratio": 0.0,
      "frame_blank_prob_mean": 0.3100332346995398,
      "frame_blank_prob_std": 0.08269870881129734,
      "frame_entropy_mean": 2.7753427697468935,
      "frame_entropy_std": 0.19539274641570256,
      "frame_nonblank_prob_mean": 0.6899667616507307,
      "frame_nonblank_prob_std": 0.08269873374488589,
      "frame_top1_confidence_mean": 0.310119729638784,
      "frame_top1_confidence_std": 0.08251246910882516,
      "frame_top1_margin_mean": 0.22877500324563144,
      "frame_top1_margin_std": 0.0954975556934143,
      "length_deviation_ratio": 0.9927288280581694,
      "long_pred_ratio": 0.0,
      "raw_adjacent_repeat_ratio": 0.9944992410125056,
      "raw_blank_argmax_ratio": 0.9954281304208642,
      "raw_dominant_token_ratio": 0.9954281304208642,
      "raw_nonblank_argmax_ratio": 0.0045718695791361055,
      "raw_token_switch_ratio": 0.005500758987494237,
      "raw_unique_token_ratio": 0.01524023345013398,
      "sample_coverage_ratio": 1.0,
      "sample_revisit_ratio": 0.0,
      "student_frames_per_second_estimate": 0.0,
      "student_time_steps_mean": 0.0,
      "teacher_blank_prob_mean": 0.0,
      "teacher_blank_prob_std": 0.0,
      "teacher_entropy_mean": 0.0,
      "teacher_entropy_std": 0.0,
      "teacher_frames_per_second_estimate": 0.0,
      "teacher_nonblank_prob_mean": 0.0,
      "teacher_nonblank_prob_std": 0.0,
      "teacher_student_alignment_stretch_mean": 0.0,
      "teacher_student_argmax_agreement": 0.0,
      "teacher_student_feature_cosine_mean": 0.0,
      "teacher_student_feature_cosine_std": 0.0,
      "teacher_student_feature_mse_mean": 0.0,
      "teacher_student_feature_norm_ratio_mean": 0.0,
      "teacher_student_topk_overlap_at1": 0.0,
      "teacher_student_topk_overlap_at3": 0.0,
      "teacher_student_valid_frame_overlap_ratio": 0.0,
      "teacher_time_steps_mean": 0.0,
      "teacher_to_student_time_ratio_mean": 0.0,
      "teacher_top1_confidence_mean": 0.0,
      "teacher_top1_confidence_std": 0.0,
      "teacher_top1_margin_mean": 0.0,
      "teacher_top1_margin_std": 0.0,
      "unique_char_ratio": 0.2672413793103448,
      "unique_sample_ids_seen": 58.0
    }
  },
  "metrics": {
    "seed": {
      "mean": 82.5,
      "std": 40.5
    },
    "wer": {
      "mean": 1.0,
      "std": 0.0
    },
    "accuracy": {
      "mean": 0.052379261363636354,
      "std": 0.046342329545454586
    },
    "eval_batch_size": {
      "mean": 2.0,
      "std": 0.0
    },
    "inference_runtime_sec": {
      "mean": 2.9981799125671387,
      "std": 0.039502859115600586
    },
    "inference_samples_per_sec": {
      "mean": 19.348428731243906,
      "std": 0.2549274148208571
    },
    "inference_peak_gpu_mem_mb": {
      "mean": 26.9189453125,
      "std": 0.0
    },
    "model_total_params": {
      "mean": 1551581.0,
      "std": 0.0
    },