{
  "metrics": {
    "openslr/librispeech_asr:test.clean": {
      "seed": {
        "mean": 82.5,
        "std": 40.5
      },
      "wer": {
        "mean": 1.0,
        "std": 0.0
      },
      "inference_runtime_sec": {
        "mean": 33.46811652183533,
        "std": 0.989926815032959
      },
      "inference_samples_per_sec": {
        "mean": 8.971604084434885,
        "std": 0.2653639457495913
      },
      "inference_peak_gpu_mem_mb": {
        "mean": 24.646484375,
        "std": 0.0
      },
      "model_total_params": {
        "mean": 1551581.0,
        "std": 0.0
      },
      "model_trainable_params": {
        "mean": 1551581.0,
        "std": 0.0
      }
    }
  }
}