{
  "model_name": "audio_transformer_time_budget_SEL05",
  "architecture": "Audio Transformer Encoder + CTC",
  "adaptation_technique": "CTC fine-tune only (no MAE)",
  "runs": {
    "42": {
      "seed": 42.0,
      "wer": 1.0,
      "inference_runtime_sec": 32.47818970680237,
      "inference_samples_per_sec": 9.236968030184476,
      "inference_peak_gpu_mem_mb": 24.646484375
    },
    "123": {
      "seed": 123.0,
      "wer": 1.0,
      "inference_runtime_sec": 34.458043336868286,
      "inference_samples_per_sec": 8.706240138685294,
      "inference_peak_gpu_mem_mb": 24.646484375
    }
  },
  "metrics": {
    "seed": {
      "mean": 82.5,
      "std": 40.5
    },
    "wer": {
      "mean": 1.0,
      "std": 0.0
    },
    "inference_runtime_sec": {
      "mean": 33.46811652183533,
      "std": 0.989926815032959
    },
    "inference_samples_per_sec": {
      "mean": 8.971604084434885,
      "std": 0.2653639457495913
    },
    "inference_peak_gpu_mem_mb": {
      "mean": 24.646484375,
      "std": 0.0
    }
  }
}