{
  "model_name": "audio_transformer_time_budget_SEL05",
  "architecture": "Audio Transformer Encoder + CTC",
  "adaptation_technique": "CTC fine-tune only (no MAE)",
  "runs": {
    "42": {
      "train_loss": 0.7464720624685287,
      "train_runtime_sec": 111.65720057487488,
      "train_peak_gpu_mem_mb": 55.51513671875,
      "eval_peak_gpu_mem_mb": 39.12255859375,
      "valid_peak_gpu_mem_mb": 39.12255859375,
      "valid_wer": 1.0,
      "valid_runtime_sec": 33.36818552017212,
      "valid_samples_per_sec": 8.990599738144004,
      "best_valid_wer": 1.0,
      "finetune_total_params": 1551581.0,
      "finetune_trainable_params": 1551581.0,
      "seed": 42.0
    },
    "123": {
      "train_loss": 0.7253460848331451,
      "train_runtime_sec": 117.33944511413574,
      "train_peak_gpu_mem_mb": 55.51611328125,
      "eval_peak_gpu_mem_mb": 39.12255859375,
      "valid_peak_gpu_mem_mb": 39.12255859375,
      "valid_wer": 1.0,
      "valid_runtime_sec": 34.44230389595032,
      "valid_samples_per_sec": 8.710218715516113,
      "best_valid_wer": 1.0,
      "finetune_total_params": 1551581.0,
      "finetune_trainable_params": 1551581.0,
      "seed": 123.0
    }
  }
}