{
  "model_name": "audio_transformer_time_budget_SEL05",
  "architecture": "Audio Transformer Encoder + CTC",
  "adaptation_technique": "CTC fine-tune only (no MAE)",
  "runs": {
    "42": {
      "train_loss": 0.7464720624685287,
      "train_runtime_sec": 112.61866092681885,
      "train_peak_gpu_mem_mb": 55.51513671875,
      "eval_peak_gpu_mem_mb": 39.12255859375,
      "valid_peak_gpu_mem_mb": 39.12255859375,
      "valid_wer": 1.0,
      "valid_runtime_sec": 34.59184145927429,
      "valid_samples_per_sec": 8.672565187175605,
      "best_valid_wer": 1.0,
      "finetune_total_params": 1551581.0,
      "finetune_trainable_params": 1551581.0,
      "seed": 42.0
    },
    "123": {
      "train_loss": 0.7253460848331451,
      "train_runtime_sec": 114.91118359565735,
      "train_peak_gpu_mem_mb": 55.51611328125,
      "eval_peak_gpu_mem_mb": 39.12255859375,
      "valid_peak_gpu_mem_mb": 39.12255859375,
      "valid_wer": 1.0,
      "valid_runtime_sec": 34.965200901031494,
      "valid_samples_per_sec": 8.579959281490924,
      "best_valid_wer": 1.0,
      "finetune_total_params": 1551581.0,
      "finetune_trainable_params": 1551581.0,
      "seed": 123.0
    }
  }
}