{
  "metrics": {
    "openslr/librispeech_asr:test.clean": {
      "wer": {
        "mean": 1.0018656730651856,
        "std": 0.003731346130372284
      },
      "accuracy": {
        "mean": 0.07336647727272727,
        "std": 0.06645033022886963
      },
      "eval_runtime_sec": {
        "mean": 2.8533272743225098,
        "std": 0.08265072662199806
      },
      "eval_samples_per_sec": {
        "mean": 20.344324567273922,
        "std": 0.5931164177065574
      },
      "eval_peak_gpu_mem_mb": {
        "mean": 34.349609375,
        "std": 0.0
      },
      "blank_ratio": {
        "mean": 0.4475486903962391,
        "std": 0.34051635431303434
      },
      "empty_pred_ratio": {
        "mean": 0.32068965517241377,
        "std": 0.4122961428313138
      },
      "nonempty_pred_ratio": {
        "mean": 0.6793103448275862,
        "std": 0.41229614283131366
      },
      "exact_match_ratio": {
        "mean": 0.0,
        "std": 0.0
      },
      "avg_pred_chars": {
        "mean": 15.296551724137931,
        "std": 14.991001660885459
      },
      "avg_ref_chars": {
        "mean": 40.310344827586206,
        "std": 0.0
      },
      "avg_out_length": {
        "mean": 179.70689655172413,
        "std": 0.0
      },
      "pred_to_ref_char_ratio": {
        "mean": 0.37946963216424295,
        "std": 0.3718896904753451
      },
      "short_pred_ratio": {
        "mean": 0.6205303678357571,
        "std": 0.371889690475345
      },
      "long_pred_ratio": {
        "mean": 0.0,
        "std": 0.0
      },
      "length_deviation_ratio": {
        "mean": 0.6205303678357571,
        "std": 0.371889690475345
      },
      "adjacent_repeat_ratio": {
        "mean": 0.1565650627052908,
        "std": 0.11255157225016559
      },
      "dominant_char_ratio": {
        "mean": 0.3458248062025414,
        "std": 0.18201527318432248
      },
      "unique_char_ratio": {
        "mean": 0.22130292663767864,
        "std": 0.15880864485930182
      },
      "collapsed_repeat_ratio": {
        "mean": 0.1565650627052908,
        "std": 0.11255157225016559
      },
      "collapsed_dominant_char_ratio": {
        "mean": 0.3458248062025414,
        "std": 0.18201527318432248
      },
      "collapsed_unique_char_ratio": {
        "mean": 0.22130292663767864,
        "std": 0.15880864485930182
      },
      "collapse_compression_ratio": {
        "mean": 73.93358179479053,
        "std": 81.99859229997126
      },
      "raw_blank_argmax_ratio": {
        "mean": 0.44402258276224027,
        "std": 0.34211486548527653
      },
      "raw_nonblank_argmax_ratio": {
        "mean": 0.5559774172377596,
        "std": 0.34211486548527675
      },
      "raw_unique_token_ratio": {
        "mean": 0.02373512085107753,
        "std": 0.01404271720410078
      },
      "raw_dominant_token_ratio": {
        "mean": 0.6726098963300886,
        "std": 0.28311051243993
      },
      "raw_adjacent_repeat_ratio": {
        "mean": 0.8613928713652126,
        "std": 0.11882127229863935
      },
      "raw_token_switch_ratio": {
        "mean": 0.13860712863478747,
        "std": 0.11882127229863938
      },
      "avg_target_length": {
        "mean": 48.55172413793103,
        "std": 0.0
      },
      "avg_length_margin": {
        "mean": 131.1551724137931,
        "std": 0.0
      },
      "invalid_length_ratio": {
        "mean": 0.0,
        "std": 0.0
      },
      "frame_blank_prob_mean": {
        "mean": 0.11995503332179602,
        "std": 0.06873623748559105
      },
      "frame_blank_prob_std": {
        "mean": 0.05301468441526571,
        "std": 0.057936949946959776
      },
      "frame_nonblank_prob_mean": {
        "mean": 0.8800449664494613,
        "std": 0.06873623577880308
      },
      "frame_nonblank_prob_std": {
        "mean": 0.05301474423811962,
        "std": 0.05793691294275787
      },
      "frame_entropy_mean": {
        "mean": 3.0211851592669157,
        "std": 0.13366152867164474
      },
      "frame_entropy_std": {
        "mean": 0.10993965007303567,
        "std": 0.08137131910340417
      },
      "frame_top1_confidence_mean": {
        "mean": 0.19193953966369304,
        "std": 0.07220256973622723
      },
      "frame_top1_confidence_std": {
        "mean": 0.05205893855462872,
        "std": 0.037706412240390286
      },
      "frame_top1_margin_mean": {
        "mean": 0.11321191013654226,
        "std": 0.08339526609519106
      },
      "frame_top1_margin_std": {
        "mean": 0.055553611237631605,
        "std": 0.04259339438358589
      },
      "unique_sample_ids_seen": {
        "mean": 58.0,
        "std": 0.0
      },
      "sample_coverage_ratio": {
        "mean": 1.0,
        "std": 0.0
      },
      "sample_revisit_ratio": {
        "mean": 0.0,
        "std": 0.0
      },
      "student_time_steps_mean": {
        "mean": 0.0,
        "std": 0.0
      },
      "teacher_time_steps_mean": {
        "mean": 0.0,
        "std": 0.0
      },
      "teacher_to_student_time_ratio_mean": {
        "mean": 0.0,
        "std": 0.0
      },
      "alignment_interpolation_ratio_mean": {
        "mean": 0.0,
        "std": 0.0
      },
      "student_frames_per_second_estimate": {
        "mean": 0.0,
        "std": 0.0
      },
      "teacher_frames_per_second_estimate": {
        "mean": 0.0,
        "std": 0.0
      },
      "teacher_student_valid_frame_overlap_ratio": {
        "mean": 0.0,
        "std": 0.0
      },
      "teacher_student_alignment_stretch_mean": {
        "mean": 0.0,
        "std": 0.0
      },
      "teacher_entropy_mean": {
        "mean": 0.0,
        "std": 0.0
      },
      "teacher_entropy_std": {
        "mean": 0.0,
        "std": 0.0
      },
      "teacher_top1_confidence_mean": {
        "mean": 0.0,
        "std": 0.0
      },
      "teacher_top1_confidence_std": {
        "mean": 0.0,
        "std": 0.0
      },
      "teacher_top1_margin_mean": {
        "mean": 0.0,
        "std": 0.0
      },
      "teacher_top1_margin_std": {
        "mean": 0.0,
        "std": 0.0
      },
      "teacher_blank_prob_mean": {
        "mean": 0.0,
        "std": 0.0
      },
      "teacher_blank_prob_std": {
        "mean": 0.0,
        "std": 0.0
      },
      "teacher_nonblank_prob_mean": {
        "mean": 0.0,
        "std": 0.0
      },
      "teacher_nonblank_prob_std": {
        "mean": 0.0,
        "std": 0.0
      },
      "teacher_student_argmax_agreement": {
        "mean": 0.0,
        "std": 0.0
      },
      "teacher_student_topk_overlap_at1": {
        "mean": 0.0,
        "std": 0.0
      },
      "teacher_student_topk_overlap_at3": {
        "mean": 0.0,
        "std": 0.0
      },
      "teacher_student_feature_cosine_mean": {
        "mean": 0.0,
        "std": 0.0
      },
      "teacher_student_feature_cosine_std": {
        "mean": 0.0,
        "std": 0.0
      },
      "teacher_student_feature_mse_mean": {
        "mean": 0.0,
        "std": 0.0
      },
      "teacher_student_feature_norm_ratio_mean": {
        "mean": 0.0,
        "std": 0.0
      },
      "seed": {
        "mean": 486.8,
        "std": 377.1086845990158
      },
      "eval_batch_size": {
        "mean": 2.0,
        "std": 0.0
      },
      "inference_runtime_sec": {
        "mean": 2.8533272743225098,
        "std": 0.08265072662199806
      },
      "inference_samples_per_sec": {
        "mean": 20.344324567273922,
        "std": 0.5931164177065574
      },
      "inference_peak_gpu_mem_mb": {
        "mean": 34.349609375,
        "std": 0.0
      },
      "model_total_params": {
        "mean": 1520861.0,
        "std": 0.0
      },
      "model_trainable_params": {
        "mean": 1520861.0,
        "std": 0.0
      }
    }
  }
}