{
  "experiment_id": "R4_LIBRI",
  "checkpoint_variant": "best",
  "datasets": {
    "openslr/librispeech_asr:test.clean": {
      "456": {
        "wer": 1.0,
        "accuracy": 0.004616477272727293,
        "eval_runtime_sec": 2.8951966762542725,
        "eval_samples_per_sec": 20.03318132951121,
        "eval_peak_gpu_mem_mb": 34.349609375,
        "blank_ratio": 0.994147558284563,
        "empty_pred_ratio": 0.603448275862069,
        "nonempty_pred_ratio": 0.39655172413793105,
        "exact_match_ratio": 0.0,
        "avg_pred_chars": 0.5,
        "avg_ref_chars": 40.310344827586206,
        "avg_out_length": 179.70689655172413,
        "pred_to_ref_char_ratio": 0.01240376390076989,
        "short_pred_ratio": 0.9875962360992301,
        "long_pred_ratio": 0.0,
        "length_deviation_ratio": 0.9875962360992301,
        "adjacent_repeat_ratio": 0.08620689655172414,
        "dominant_char_ratio": 0.39655172413793105,
        "unique_char_ratio": 0.3505747126436782,
        "collapsed_repeat_ratio": 0.08620689655172414,
        "collapsed_dominant_char_ratio": 0.39655172413793105,
        "collapsed_unique_char_ratio": 0.3505747126436782,
        "collapse_compression_ratio": 168.80459770114945,
        "raw_blank_argmax_ratio": 0.9946173389830516,
        "raw_nonblank_argmax_ratio": 0.005382661016948468,
        "raw_unique_token_ratio": 0.008235702339291951,
        "raw_dominant_token_ratio": 0.9946173389830516,
        "raw_adjacent_repeat_ratio": 0.9946821322256141,
        "raw_token_switch_ratio": 0.005317867774385855,
        "avg_target_length": 48.55172413793103,
        "avg_length_margin": 131.1551724137931,
        "invalid_length_ratio": 0.0,
        "frame_blank_prob_mean": 0.18198119332508336,
        "frame_blank_prob_std": 0.04344650882177051,
        "frame_nonblank_prob_mean": 0.8180188066749167,
        "frame_nonblank_prob_std": 0.04344651303371262,
        "frame_entropy_mean": 3.105209899568562,
        "frame_entropy_std": 0.07248614688120841,
        "frame_top1_confidence_mean": 0.18202088989269524,
        "frame_top1_confidence_std": 0.0433514597767801,
        "frame_top1_margin_mean": 0.11490023361450535,
        "frame_top1_margin_std": 0.04762733681446677,
        "raw_top1_token_histogram": [
          {
            "token_id": 0,
            "token": "<blank>",
            "count": 10362.0,
            "ratio": 0.994147558284563
          },
          {
            "token_id": 3,
            "token": "b",
            "count": 61.0,
            "ratio": 0.005852441715437014
          }
        ],
        "collapsed_token_histogram": [
          {
            "token_id": 3,
            "token": "b",
            "count": 29.0,
            "ratio": 1.0
          }
        ],
        "unique_sample_ids_seen": 58.0,
        "sample_coverage_ratio": 1.0,
        "sample_revisit_ratio": 0.0,
        "student_time_steps_mean": 0.0,
        "teacher_time_steps_mean": 0.0,
        "teacher_to_student_time_ratio_mean": 0.0,
        "alignment_interpolation_ratio_mean": 0.0,
        "student_frames_per_second_estimate": 0.0,
        "teacher_frames_per_second_estimate": 0.0,
        "teacher_student_valid_frame_overlap_ratio": 0.0,
        "teacher_student_alignment_stretch_mean": 0.0,
        "teacher_entropy_mean": 0.0,
        "teacher_entropy_std": 0.0,
        "teacher_top1_confidence_mean": 0.0,
        "teacher_top1_confidence_std": 0.0,
        "teacher_top1_margin_mean": 0.0,
        "teacher_top1_margin_std": 0.0,
        "teacher_blank_prob_mean": 0.0,
        "teacher_blank_prob_std": 0.0,
        "teacher_nonblank_prob_mean": 0.0,
        "teacher_nonblank_prob_std": 0.0,
        "teacher_student_argmax_agreement": 0.0,
        "teacher_student_topk_overlap_at1": 0.0,
        "teacher_student_topk_overlap_at3": 0.0,
        "teacher_student_feature_cosine_mean": 0.0,
        "teacher_student_feature_cosine_std": 0.0,
        "teacher_student_feature_mse_mean": 0.0,
        "teacher_student_feature_norm_ratio_mean": 0.0,
        "seed": 456.0,
        "dataset": "openslr/librispeech_asr:test.clean",
        "eval_batch_size": 2.0,
        "inference_runtime_sec": 2.8951966762542725,
        "inference_samples_per_sec": 20.03318132951121,
        "inference_peak_gpu_mem_mb": 34.349609375,
        "model_total_params": 1520861.0,
        "model_trainable_params": 1520861.0,
        "diagnostics_artifact": "results/experiments/R4_LIBRI/diagnostics/test_seed_456_best_openslr_librispeech_asr_test.clean.json"
      },
      "789": {
        "wer": 1.0,
        "accuracy": 0.0,
        "eval_runtime_sec": 2.9560694694519043,
        "eval_samples_per_sec": 19.620648499425826,
        "eval_peak_gpu_mem_mb": 34.349609375,
        "blank_ratio": 0.0,
        "empty_pred_ratio": 1.0,
        "nonempty_pred_ratio": 0.0,
        "exact_match_ratio": 0.0,
        "avg_pred_chars": 0.0,
        "avg_ref_chars": 40.310344827586206,
        "avg_out_length": 179.70689655172413,
        "pred_to_ref_char_ratio": 0.0,
        "short_pred_ratio": 1.0,
        "long_pred_ratio": 0.0,
        "length_deviation_ratio": 1.0,
        "adjacent_repeat_ratio": 0.0,
        "dominant_char_ratio": 0.0,
        "unique_char_ratio": 0.0,
        "collapsed_repeat_ratio": 0.0,
        "collapsed_dominant_char_ratio": 0.0,
        "collapsed_unique_char_ratio": 0.0,
        "collapse_compression_ratio": 179.70689655172413,
        "raw_blank_argmax_ratio": 0.0,
        "raw_nonblank_argmax_ratio": 1.0,
        "raw_unique_token_ratio": 0.006040473338838,
        "raw_dominant_token_ratio": 1.0,
        "raw_adjacent_repeat_ratio": 1.0,
        "raw_token_switch_ratio": 0.0,
        "avg_target_length": 48.55172413793103,
        "avg_length_margin": 131.1551724137931,
        "invalid_length_ratio": 0.0,
        "frame_blank_prob_mean": 0.021368295872130252,
        "frame_blank_prob_std": 0.008582153294111217,
        "frame_nonblank_prob_mean": 0.978631700422237,
        "frame_nonblank_prob_std": 0.00858238652625707,
        "frame_entropy_mean": 2.812401013308908,
        "frame_entropy_std": 0.11804182274591206,
        "frame_top1_confidence_mean": 0.2975780242214296,
        "frame_top1_confidence_std": 0.05156124492889765,
        "frame_top1_margin_mean": 0.22816507397486704,
        "frame_top1_margin_std": 0.05958734424868476,
        "raw_top1_token_histogram": [
          {
            "token_id": 1,
            "token": " ",
            "count": 10423.0,
            "ratio": 1.0
          }
        ],
        "collapsed_token_histogram": [
          {
            "token_id": 1,
            "token": " ",
            "count": 58.0,
            "ratio": 1.0
          }
        ],
        "unique_sample_ids_seen": 58.0,
        "sample_coverage_ratio": 1.0,
        "sample_revisit_ratio": 0.0,
        "student_time_steps_mean": 0.0,
        "teacher_time_steps_mean": 0.0,
        "teacher_to_student_time_ratio_mean": 0.0,
        "alignment_interpolation_ratio_mean": 0.0,
        "student_frames_per_second_estimate": 0.0,
        "teacher_frames_per_second_estimate": 0.0,
        "teacher_student_valid_frame_overlap_ratio": 0.0,
        "teacher_student_alignment_stretch_mean": 0.0,
        "teacher_entropy_mean": 0.0,
        "teacher_entropy_std": 0.0,
        "teacher_top1_confidence_mean": 0.0,
        "teacher_top1_confidence_std": 0.0,
        "teacher_top1_margin_mean": 0.0,
        "teacher_top1_margin_std": 0.0,
        "teacher_blank_prob_mean": 0.0,
        "teacher_blank_prob_std": 0.0,
        "teacher_nonblank_prob_mean": 0.0,
        "teacher_nonblank_prob_std": 0.0,
        "teacher_student_argmax_agreement": 0.0,
        "teacher_student_topk_overlap_at1": 0.0,
        "teacher_student_topk_overlap_at3": 0.0,
        "teacher_student_feature_cosine_mean": 0.0,
        "teacher_student_feature_cosine_std": 0.0,
        "teacher_student_feature_mse_mean": 0.0,