{
  "experiment_id": "P7C04",
  "checkpoint_variant": "final",
  "datasets": {
    "openslr/librispeech_asr:test.clean": {
      "42": {
        "seed": 42.0,
        "dataset": "openslr/librispeech_asr:test.clean",
        "wer": 1.0,
        "accuracy": 0.038151531434712505,
        "eval_batch_size": 1.0,
        "inference_runtime_sec": 12.393246412277222,
        "inference_samples_per_sec": 8.79511278755988,
        "inference_peak_gpu_mem_mb": 44.8984375,
        "model_total_params": 2839133.0,
        "model_trainable_params": 2839133.0,
        "blank_ratio": 0.15829508617646115,
        "empty_pred_ratio": 0.0,
        "nonempty_pred_ratio": 1.0,
        "exact_match_ratio": 0.0,
        "avg_pred_chars": 3.256880733944954,
        "avg_ref_chars": 28.44954128440367,
        "avg_out_length": 285.8440366972477,
        "pred_to_ref_char_ratio": 0.11447920025798129,
        "short_pred_ratio": 0.8855207997420187,
        "long_pred_ratio": 0.0,
        "length_deviation_ratio": 0.8855207997420187,
        "adjacent_repeat_ratio": 0.7614678899082569,
        "dominant_char_ratio": 1.0,
        "avg_target_length": 34.14678899082569,
        "avg_length_margin": 251.69724770642202,
        "invalid_length_ratio": 0.0,
        "diagnostics_artifact": "results/phase7/experiments/P7C04/diagnostics/test_seed_42_final_openslr_librispeech_asr_test.clean.json"
      },
      "123": {
        "seed": 123.0,
        "dataset": "openslr/librispeech_asr:test.clean",
        "wer": 1.0109589099884033,
        "accuracy": 0.10290166577109083,
        "eval_batch_size": 1.0,
        "inference_runtime_sec": 13.323409080505371,
        "inference_samples_per_sec": 8.181089339926318,
        "inference_peak_gpu_mem_mb": 44.8984375,
        "model_total_params": 2839133.0,
        "model_trainable_params": 2839133.0,
        "blank_ratio": 3.2095516256378986e-05,
        "empty_pred_ratio": 0.0,
        "nonempty_pred_ratio": 1.0,
        "exact_match_ratio": 0.0,
        "avg_pred_chars": 2.5779816513761467,
        "avg_ref_chars": 28.44954128440367,
        "avg_out_length": 285.8440366972477,
        "pred_to_ref_char_ratio": 0.09061593034504999,
        "short_pred_ratio": 0.90938406965495,
        "long_pred_ratio": 0.0,
        "length_deviation_ratio": 0.90938406965495,
        "adjacent_repeat_ratio": 0.7064220183486238,
        "dominant_char_ratio": 1.0,
        "avg_target_length": 34.14678899082569,
        "avg_length_margin": 251.69724770642202,
        "invalid_length_ratio": 0.0,
        "diagnostics_artifact": "results/phase7/experiments/P7C04/diagnostics/test_seed_123_final_openslr_librispeech_asr_test.clean.json"
      }
    }
  }
}