{
  "model_name": "phase7_hidden_states_selection_v2_librispeech",
  "architecture": "Audio Transformer Encoder + CTC",
  "adaptation_technique": "CTC fine-tune + distillation (external:wav2vec2_ctc)",
  "runs": {
    "42": {
      "seed": 42.0,
      "wer": 1.0,
      "accuracy": 0.038151531434712505,
      "eval_batch_size": 1.0,
      "inference_runtime_sec": 12.393246412277222,
      "inference_samples_per_sec": 8.79511278755988,
      "inference_peak_gpu_mem_mb": 44.8984375,
      "model_total_params": 2839133.0,
      "model_trainable_params": 2839133.0,
      "blank_ratio": 0.15829508617646115,
      "empty_pred_ratio": 0.0,
      "nonempty_pred_ratio": 1.0,
      "pred_to_ref_char_ratio": 0.11447920025798129,
      "short_pred_ratio": 0.8855207997420187,
      "invalid_length_ratio": 0.0,
      "avg_out_length": 285.8440366972477,
      "avg_target_length": 34.14678899082569,
      "avg_length_margin": 251.69724770642202,
      "checkpoint_variant": "final"
    },
    "123": {
      "seed": 123.0,
      "wer": 1.0109589099884033,
      "accuracy": 0.10290166577109083,
      "eval_batch_size": 1.0,
      "inference_runtime_sec": 13.323409080505371,
      "inference_samples_per_sec": 8.181089339926318,
      "inference_peak_gpu_mem_mb": 44.8984375,
      "model_total_params": 2839133.0,
      "model_trainable_params": 2839133.0,
      "blank_ratio": 3.2095516256378986e-05,
      "empty_pred_ratio": 0.0,
      "nonempty_pred_ratio": 1.0,
      "pred_to_ref_char_ratio": 0.09061593034504999,
      "short_pred_ratio": 0.90938406965495,
      "invalid_length_ratio": 0.0,
      "avg_out_length": 285.8440366972477,
      "avg_target_length": 34.14678899082569,
      "avg_length_margin": 251.69724770642202,
      "checkpoint_variant": "final"
    }
  },
  "metrics": {
    "seed": {
      "mean": 82.5,
      "std": 40.5
    },
    "wer": {
      "mean": 1.0054794549942017,
      "std": 0.00547945499420166
    },
    "accuracy": {
      "mean": 0.07052659860290167,
      "std": 0.032375067168189164
    },
    "eval_batch_size": {
      "mean": 1.0,
      "std": 0.0
    },
    "inference_runtime_sec": {
      "mean": 12.858327746391296,
      "std": 0.4650813341140747
    },
    "inference_samples_per_sec": {
      "mean": 8.488101063743098,
      "std": 0.3070117238167809
    },
    "inference_peak_gpu_mem_mb": {
      "mean": 44.8984375,
      "std": 0.0
    },
    "model_total_params": {
      "mean": 2839133.0,
      "std": 0.0
    },
    "model_trainable_params": {
      "mean": 2839133.0,
      "std": 0.0
    },
    "blank_ratio": {
      "mean": 0.07916359084635877,
      "std": 0.07913149533010239
    },
    "empty_pred_ratio": {
      "mean": 0.0,
      "std": 0.0
    },
    "nonempty_pred_ratio": {
      "mean": 1.0,
      "std": 0.0
    },
    "pred_to_ref_char_ratio": {
      "mean": 0.10254756530151564,
      "std": 0.011931634956465653
    },
    "short_pred_ratio": {
      "mean": 0.8974524346984843,
      "std": 0.011931634956465653
    },
    "invalid_length_ratio": {
      "mean": 0.0,
      "std": 0.0
    },
    "avg_out_length": {
      "mean": 285.8440366972477,
      "std": 0.0
    },
    "avg_target_length": {
      "mean": 34.14678899082569,
      "std": 0.0
    },
    "avg_length_margin": {
      "mean": 251.69724770642202,
      "std": 0.0
    }
  }
}