{
  "model_name": "phase7_hidden_states_selection_v2_librispeech",
  "architecture": "Audio Transformer Encoder + CTC",
  "adaptation_technique": "CTC fine-tune + distillation (external:wav2vec2_ctc)",
  "runs": {
    "42": {
      "seed": 42.0,
      "wer": 1.0,
      "accuracy": 0.024717893605588404,
      "eval_batch_size": 1.0,
      "inference_runtime_sec": 9.94516396522522,
      "inference_samples_per_sec": 10.96010084711877,
      "inference_peak_gpu_mem_mb": 44.8984375,
      "model_total_params": 2839133.0,
      "model_trainable_params": 2839133.0,
      "blank_ratio": 0.0,
      "empty_pred_ratio": 0.0,
      "nonempty_pred_ratio": 1.0,
      "pred_to_ref_char_ratio": 0.03514995162850693,
      "short_pred_ratio": 0.964850048371493,
      "invalid_length_ratio": 0.0,
      "avg_out_length": 285.8440366972477,
      "avg_target_length": 34.14678899082569,
      "avg_length_margin": 251.69724770642202,
      "checkpoint_variant": "best"
    },
    "123": {
      "seed": 123.0,
      "wer": 1.0,
      "accuracy": 0.028747984954325623,
      "eval_batch_size": 1.0,
      "inference_runtime_sec": 11.106138944625854,
      "inference_samples_per_sec": 9.814391891139087,
      "inference_peak_gpu_mem_mb": 44.8984375,
      "model_total_params": 2839133.0,
      "model_trainable_params": 2839133.0,
      "blank_ratio": 0.0,
      "empty_pred_ratio": 0.0,
      "nonempty_pred_ratio": 1.0,
      "pred_to_ref_char_ratio": 0.03514995162850693,
      "short_pred_ratio": 0.964850048371493,
      "invalid_length_ratio": 0.0,
      "avg_out_length": 285.8440366972477,
      "avg_target_length": 34.14678899082569,
      "avg_length_margin": 251.69724770642202,
      "checkpoint_variant": "best"
    }
  },
  "metrics": {
    "seed": {
      "mean": 82.5,
      "std": 40.5
    },
    "wer": {
      "mean": 1.0,
      "std": 0.0
    },
    "accuracy": {
      "mean": 0.026732939279957013,
      "std": 0.0020150456743686096
    },
    "eval_batch_size": {
      "mean": 1.0,
      "std": 0.0
    },
    "inference_runtime_sec": {
      "mean": 10.525651454925537,
      "std": 0.5804874897003174
    },
    "inference_samples_per_sec": {
      "mean": 10.387246369128928,
      "std": 0.5728544779898419
    },
    "inference_peak_gpu_mem_mb": {
      "mean": 44.8984375,
      "std": 0.0
    },
    "model_total_params": {
      "mean": 2839133.0,
      "std": 0.0
    },
    "model_trainable_params": {
      "mean": 2839133.0,
      "std": 0.0
    },
    "blank_ratio": {
      "mean": 0.0,
      "std": 0.0
    },
    "empty_pred_ratio": {
      "mean": 0.0,
      "std": 0.0
    },
    "nonempty_pred_ratio": {
      "mean": 1.0,
      "std": 0.0
    },
    "pred_to_ref_char_ratio": {
      "mean": 0.03514995162850693,
      "std": 0.0
    },
    "short_pred_ratio": {
      "mean": 0.964850048371493,
      "std": 0.0
    },
    "invalid_length_ratio": {
      "mean": 0.0,
      "std": 0.0
    },
    "avg_out_length": {
      "mean": 285.8440366972477,
      "std": 0.0
    },
    "avg_target_length": {
      "mean": 34.14678899082569,
      "std": 0.0
    },
    "avg_length_margin": {
      "mean": 251.69724770642202,
      "std": 0.0
    }
  }
}