{
  "model_name": "tpfast_core_librispeech_R1_LIBRI",
  "architecture": "Audio Transformer Encoder + CTC",
  "adaptation_technique": "MAE pretrain -> CTC fine-tune",
  "runs": {
    "456": {
      "seed": 456.0,
      "wer": 1.0,
      "accuracy": 0.15660511363636365,
      "eval_batch_size": 2.0,
      "inference_runtime_sec": 2.7707629203796387,
      "inference_samples_per_sec": 20.932862777033655,
      "inference_peak_gpu_mem_mb": 26.9189453125,
      "model_total_params": 1551581.0,
      "model_trainable_params": 1551581.0,
      "blank_ratio": 0.47722923842326825,
      "empty_pred_ratio": 0.0,
      "nonempty_pred_ratio": 1.0,
      "pred_to_ref_char_ratio": 0.1668092386655261,
      "short_pred_ratio": 0.8331907613344739,
      "invalid_length_ratio": 0.0,
      "avg_out_length": 90.10344827586206,
      "avg_target_length": 48.55172413793103,
      "avg_length_margin": 41.55172413793103,
      "checkpoint_variant": "best",
      "adjacent_repeat_ratio": 0.5080101651222342,
      "alignment_interpolation_ratio_mean": 0.0,
      "avg_pred_chars": 6.724137931034483,
      "avg_ref_chars": 40.310344827586206,
      "collapse_compression_ratio": 4.7910961523048,
      "collapsed_dominant_char_ratio": 0.7179932840429799,
      "collapsed_repeat_ratio": 0.5080101651222342,
      "collapsed_unique_char_ratio": 0.3890128831051752,
      "dominant_char_ratio": 0.7179932840429799,
      "eval_peak_gpu_mem_mb": 26.9189453125,
      "eval_runtime_sec": 2.7707629203796387,
      "eval_samples_per_sec": 20.932862777033655,
      "exact_match_ratio": 0.0,
      "frame_blank_prob_mean": 0.12699921122922142,
      "frame_blank_prob_std": 0.11285041696045568,
      "frame_entropy_mean": 3.0730409735334,
      "frame_entropy_std": 0.1315596808915103,
      "frame_nonblank_prob_mean": 0.8730007935154269,
      "frame_nonblank_prob_std": 0.11285039359706327,
      "frame_top1_confidence_mean": 0.17393978920377082,
      "frame_top1_confidence_std": 0.07510437129983863,
      "frame_top1_margin_mean": 0.09302624294778829,
      "frame_top1_margin_std": 0.07771752497457186,
      "length_deviation_ratio": 0.8331907613344739,
      "long_pred_ratio": 0.0,
      "raw_adjacent_repeat_ratio": 0.6841947939340942,
      "raw_blank_argmax_ratio": 0.4798583319765643,
      "raw_dominant_token_ratio": 0.49117992056910287,
      "raw_nonblank_argmax_ratio": 0.5201416680234358,
      "raw_token_switch_ratio": 0.3158052060659059,
      "raw_unique_token_ratio": 0.05098177564193596,
      "sample_coverage_ratio": 1.0,
      "sample_revisit_ratio": 0.0,
      "student_frames_per_second_estimate": 0.0,
      "student_time_steps_mean": 0.0,
      "teacher_blank_prob_mean": 0.0,
      "teacher_blank_prob_std": 0.0,
      "teacher_entropy_mean": 0.0,
      "teacher_entropy_std": 0.0,
      "teacher_frames_per_second_estimate": 0.0,
      "teacher_nonblank_prob_mean": 0.0,
      "teacher_nonblank_prob_std": 0.0,
      "teacher_student_alignment_stretch_mean": 0.0,
      "teacher_student_argmax_agreement": 0.0,
      "teacher_student_feature_cosine_mean": 0.0,
      "teacher_student_feature_cosine_std": 0.0,
      "teacher_student_feature_mse_mean": 0.0,
      "teacher_student_feature_norm_ratio_mean": 0.0,
      "teacher_student_topk_overlap_at1": 0.0,
      "teacher_student_topk_overlap_at3": 0.0,
      "teacher_student_valid_frame_overlap_ratio": 0.0,
      "teacher_time_steps_mean": 0.0,
      "teacher_to_student_time_ratio_mean": 0.0,
      "teacher_top1_confidence_mean": 0.0,
      "teacher_top1_confidence_std": 0.0,
      "teacher_top1_margin_mean": 0.0,
      "teacher_top1_margin_std": 0.0,
      "unique_char_ratio": 0.3890128831051752,
      "unique_sample_ids_seen": 58.0
    },
    "789": {
      "seed": 789.0,
      "wer": 1.0,
      "accuracy": 0.0028409090909090606,
      "eval_batch_size": 2.0,
      "inference_runtime_sec": 2.774916887283325,
      "inference_samples_per_sec": 20.90152691267905,
      "inference_peak_gpu_mem_mb": 26.9189453125,
      "model_total_params": 1551581.0,
      "model_trainable_params": 1551581.0,
      "blank_ratio": 0.9955989284347493,
      "empty_pred_ratio": 0.7931034482758621,
      "nonempty_pred_ratio": 0.2068965517241379,
      "pred_to_ref_char_ratio": 0.006415739948674081,
      "short_pred_ratio": 0.9935842600513259,
      "invalid_length_ratio": 0.0,
      "avg_out_length": 90.10344827586206,
      "avg_target_length": 48.55172413793103,
      "avg_length_margin": 41.55172413793103,
      "checkpoint_variant": "best",
      "adjacent_repeat_ratio": 0.0,
      "alignment_interpolation_ratio_mean": 0.0,
      "avg_pred_chars": 0.25862068965517243,
      "avg_ref_chars": 40.310344827586206,
      "collapse_compression_ratio": 87.13793103448276,
      "collapsed_dominant_char_ratio": 0.1810344827586207,
      "collapsed_repeat_ratio": 0.0,
      "collapsed_unique_char_ratio": 0.20689655172413793,
      "dominant_char_ratio": 0.1810344827586207,
      "eval_peak_gpu_mem_mb": 26.9189453125,
      "eval_runtime_sec": 2.774916887283325,
      "eval_samples_per_sec": 20.90152691267905,
      "exact_match_ratio": 0.0,
      "frame_blank_prob_mean": 0.17745234251843528,
      "frame_blank_prob_std": 0.035004646829397454,
      "frame_entropy_mean": 3.1114748324464667,
      "frame_entropy_std": 0.04821906071585717,
      "frame_nonblank_prob_mean": 0.822547648357241,
      "frame_nonblank_prob_std": 0.035004693109000264,
      "frame_top1_confidence_mean": 0.1774829980563351,
      "frame_top1_confidence_std": 0.03492072991907038,
      "frame_top1_margin_mean": 0.10476735630028101,
      "frame_top1_margin_std": 0.03723120528316668,
      "length_deviation_ratio": 0.9935842600513259,
      "long_pred_ratio": 0.0,
      "raw_adjacent_repeat_ratio": 0.9949609588613785,
      "raw_blank_argmax_ratio": 0.9961335610755215,
      "raw_dominant_token_ratio": 0.9961335610755215,
      "raw_nonblank_argmax_ratio": 0.0038664389244785634,
      "raw_token_switch_ratio": 0.005039041138621615,
      "raw_unique_token_ratio": 0.014597838047047403,
      "sample_coverage_ratio": 1.0,
      "sample_revisit_ratio": 0.0,
      "student_frames_per_second_estimate": 0.0,
      "student_time_steps_mean": 0.0,
      "teacher_blank_prob_mean": 0.0,
      "teacher_blank_prob_std": 0.0,
      "teacher_entropy_mean": 0.0,
      "teacher_entropy_std": 0.0,
      "teacher_frames_per_second_estimate": 0.0,
      "teacher_nonblank_prob_mean": 0.0,
      "teacher_nonblank_prob_std": 0.0,
      "teacher_student_alignment_stretch_mean": 0.0,
      "teacher_student_argmax_agreement": 0.0,
      "teacher_student_feature_cosine_mean": 0.0,
      "teacher_student_feature_cosine_std": 0.0,
      "teacher_student_feature_mse_mean": 0.0,
      "teacher_student_feature_norm_ratio_mean": 0.0,
      "teacher_student_topk_overlap_at1": 0.0,
      "teacher_student_topk_overlap_at3": 0.0,
      "teacher_student_valid_frame_overlap_ratio": 0.0,
      "teacher_time_steps_mean": 0.0,
      "teacher_to_student_time_ratio_mean": 0.0,
      "teacher_top1_confidence_mean": 0.0,
      "teacher_top1_confidence_std": 0.0,
      "teacher_top1_margin_mean": 0.0,
      "teacher_top1_margin_std": 0.0,
      "unique_char_ratio": 0.20689655172413793,
      "unique_sample_ids_seen": 58.0
    },
    "1024": {
      "seed": 1024.0,
      "wer": 1.0,
      "accuracy": 0.10298295454545459,
      "eval_batch_size": 2.0,
      "inference_runtime_sec": 2.8131587505340576,
      "inference_samples_per_sec": 20.61739316666332,
      "inference_peak_gpu_mem_mb": 26.9189453125,
      "model_total_params": 1551581.0,
      "model_trainable_params": 1551581.0,
      "blank_ratio": 0.2539226942212017,
      "empty_pred_ratio": 0.0,
      "nonempty_pred_ratio": 1.0,
      "pred_to_ref_char_ratio": 0.22882805816937551,
      "short_pred_ratio": 0.7711719418306244,
      "invalid_length_ratio": 0.0,
      "avg_out_length": 90.10344827586206,
      "avg_target_length": 48.55172413793103,