{
  "model_name": "tpfast_core_librispeech_R1_LIBRI",
  "architecture": "Audio Transformer Encoder + CTC",
  "adaptation_technique": "MAE pretrain -> CTC fine-tune",
  "runs": {
    "456": {
      "seed": 456.0,
      "wer": 1.0,
      "accuracy": 0.0035511363636363535,
      "eval_batch_size": 2.0,
      "inference_runtime_sec": 2.929839849472046,
      "inference_samples_per_sec": 19.79630388686656,
      "inference_peak_gpu_mem_mb": 26.9189453125,
      "model_total_params": 1551581.0,
      "model_trainable_params": 1551581.0,
      "blank_ratio": 0.6008419441255262,
      "empty_pred_ratio": 0.8620689655172413,
      "nonempty_pred_ratio": 0.13793103448275867,
      "pred_to_ref_char_ratio": 0.0038494439692044486,
      "short_pred_ratio": 0.9961505560307955,
      "invalid_length_ratio": 0.0,
      "avg_out_length": 90.10344827586206,
      "avg_target_length": 48.55172413793103,
      "avg_length_margin": 41.55172413793103,
      "checkpoint_variant": "final",
      "adjacent_repeat_ratio": 0.017241379310344827,
      "alignment_interpolation_ratio_mean": 0.0,
      "avg_pred_chars": 0.15517241379310345,
      "avg_ref_chars": 40.310344827586206,
      "collapse_compression_ratio": 9.950316467114133,
      "collapsed_dominant_char_ratio": 0.13793103448275862,
      "collapsed_repeat_ratio": 0.017241379310344827,
      "collapsed_unique_char_ratio": 0.12931034482758622,
      "dominant_char_ratio": 0.13793103448275862,
      "eval_peak_gpu_mem_mb": 26.9189453125,
      "eval_runtime_sec": 2.929839849472046,
      "eval_samples_per_sec": 19.79630388686656,
      "exact_match_ratio": 0.0,
      "frame_blank_prob_mean": 0.47528611733180737,
      "frame_blank_prob_std": 0.38048735510203496,
      "frame_entropy_mean": 1.8813633676055195,
      "frame_entropy_std": 0.9276297593783378,
      "frame_nonblank_prob_mean": 0.5247138826681926,
      "frame_nonblank_prob_std": 0.38048735414281004,
      "frame_top1_confidence_mean": 0.5520735345395917,
      "frame_top1_confidence_std": 0.293052813424433,
      "frame_top1_margin_mean": 0.4828834307408178,
      "frame_top1_margin_std": 0.3437311259747911,
      "length_deviation_ratio": 0.9961505560307955,
      "long_pred_ratio": 0.0,
      "raw_adjacent_repeat_ratio": 0.8074390225120485,
      "raw_blank_argmax_ratio": 0.5999193477700339,
      "raw_dominant_token_ratio": 0.5999193477700339,
      "raw_nonblank_argmax_ratio": 0.4000806522299662,
      "raw_token_switch_ratio": 0.19256097748795148,
      "raw_unique_token_ratio": 0.025300533089194735,
      "sample_coverage_ratio": 1.0,
      "sample_revisit_ratio": 0.0,
      "student_frames_per_second_estimate": 0.0,
      "student_time_steps_mean": 0.0,
      "teacher_blank_prob_mean": 0.0,
      "teacher_blank_prob_std": 0.0,
      "teacher_entropy_mean": 0.0,
      "teacher_entropy_std": 0.0,
      "teacher_frames_per_second_estimate": 0.0,
      "teacher_nonblank_prob_mean": 0.0,
      "teacher_nonblank_prob_std": 0.0,
      "teacher_student_alignment_stretch_mean": 0.0,
      "teacher_student_argmax_agreement": 0.0,
      "teacher_student_feature_cosine_mean": 0.0,
      "teacher_student_feature_cosine_std": 0.0,
      "teacher_student_feature_mse_mean": 0.0,
      "teacher_student_feature_norm_ratio_mean": 0.0,
      "teacher_student_topk_overlap_at1": 0.0,
      "teacher_student_topk_overlap_at3": 0.0,
      "teacher_student_valid_frame_overlap_ratio": 0.0,
      "teacher_time_steps_mean": 0.0,
      "teacher_to_student_time_ratio_mean": 0.0,
      "teacher_top1_confidence_mean": 0.0,
      "teacher_top1_confidence_std": 0.0,
      "teacher_top1_margin_mean": 0.0,
      "teacher_top1_margin_std": 0.0,
      "unique_char_ratio": 0.12931034482758622,
      "unique_sample_ids_seen": 58.0
    },
    "789": {
      "seed": 789.0,
      "wer": 1.0,
      "accuracy": 0.0,
      "eval_batch_size": 2.0,
      "inference_runtime_sec": 2.843186616897583,
      "inference_samples_per_sec": 20.399645825319833,
      "inference_peak_gpu_mem_mb": 26.9189453125,
      "model_total_params": 1551581.0,
      "model_trainable_params": 1551581.0,
      "blank_ratio": 1.0,
      "empty_pred_ratio": 1.0,
      "nonempty_pred_ratio": 0.0,
      "pred_to_ref_char_ratio": 0.0,
      "short_pred_ratio": 1.0,
      "invalid_length_ratio": 0.0,
      "avg_out_length": 90.10344827586206,
      "avg_target_length": 48.55172413793103,
      "avg_length_margin": 41.55172413793103,
      "checkpoint_variant": "final",
      "adjacent_repeat_ratio": 0.0,
      "alignment_interpolation_ratio_mean": 0.0,
      "avg_pred_chars": 0.0,
      "avg_ref_chars": 40.310344827586206,
      "collapse_compression_ratio": 90.10344827586206,
      "collapsed_dominant_char_ratio": 0.0,
      "collapsed_repeat_ratio": 0.0,
      "collapsed_unique_char_ratio": 0.0,
      "dominant_char_ratio": 0.0,
      "eval_peak_gpu_mem_mb": 26.9189453125,
      "eval_runtime_sec": 2.843186616897583,
      "eval_samples_per_sec": 20.399645825319833,
      "exact_match_ratio": 0.0,
      "frame_blank_prob_mean": 0.5669548671180792,
      "frame_blank_prob_std": 0.06717821738805968,
      "frame_entropy_mean": 2.0330596117967854,
      "frame_entropy_std": 0.2257998492441506,
      "frame_nonblank_prob_mean": 0.4330451336118667,
      "frame_nonblank_prob_std": 0.067178247996555,
      "frame_top1_confidence_mean": 0.5669548671180792,
      "frame_top1_confidence_std": 0.06717821738805968,
      "frame_top1_margin_mean": 0.5080782696519188,
      "frame_top1_margin_std": 0.07757072636520247,
      "length_deviation_ratio": 1.0,
      "long_pred_ratio": 0.0,
      "raw_adjacent_repeat_ratio": 1.0,
      "raw_blank_argmax_ratio": 1.0,
      "raw_dominant_token_ratio": 1.0,
      "raw_nonblank_argmax_ratio": 0.0,
      "raw_token_switch_ratio": 0.0,
      "raw_unique_token_ratio": 0.012038221968485016,
      "sample_coverage_ratio": 1.0,
      "sample_revisit_ratio": 0.0,
      "student_frames_per_second_estimate": 0.0,
      "student_time_steps_mean": 0.0,
      "teacher_blank_prob_mean": 0.0,
      "teacher_blank_prob_std": 0.0,
      "teacher_entropy_mean": 0.0,
      "teacher_entropy_std": 0.0,
      "teacher_frames_per_second_estimate": 0.0,
      "teacher_nonblank_prob_mean": 0.0,
      "teacher_nonblank_prob_std": 0.0,
      "teacher_student_alignment_stretch_mean": 0.0,
      "teacher_student_argmax_agreement": 0.0,
      "teacher_student_feature_cosine_mean": 0.0,
      "teacher_student_feature_cosine_std": 0.0,
      "teacher_student_feature_mse_mean": 0.0,
      "teacher_student_feature_norm_ratio_mean": 0.0,
      "teacher_student_topk_overlap_at1": 0.0,
      "teacher_student_topk_overlap_at3": 0.0,
      "teacher_student_valid_frame_overlap_ratio": 0.0,
      "teacher_time_steps_mean": 0.0,
      "teacher_to_student_time_ratio_mean": 0.0,
      "teacher_top1_confidence_mean": 0.0,
      "teacher_top1_confidence_std": 0.0,
      "teacher_top1_margin_mean": 0.0,
      "teacher_top1_margin_std": 0.0,
      "unique_char_ratio": 0.0,
      "unique_sample_ids_seen": 58.0
    },
    "1024": {
      "seed": 1024.0,
      "wer": 1.0,
      "accuracy": 0.0021306818181817677,
      "eval_batch_size": 2.0,
      "inference_runtime_sec": 2.7690253257751465,
      "inference_samples_per_sec": 20.94599838438234,
      "inference_peak_gpu_mem_mb": 26.9189453125,
      "model_total_params": 1551581.0,
      "model_trainable_params": 1551581.0,
      "blank_ratio": 0.9984691924990432,
      "empty_pred_ratio": 0.896551724137931,
      "nonempty_pred_ratio": 0.10344827586206895,
      "pred_to_ref_char_ratio": 0.0025662959794696323,
      "short_pred_ratio": 0.9974337040205303,
      "invalid_length_ratio": 0.0,
      "avg_out_length": 90.10344827586206,
      "avg_target_length": 48.55172413793103,
      "avg_length_margin": 41.55172413793103,
      "checkpoint_variant": "final",
      "adjacent_repeat_ratio": 0.0,
      "alignment_interpolation_ratio_mean": 0.0,
      "avg_pred_chars": 0.10344827586206896,