{
  "experiment_id": "R1_LIBRI",
  "checkpoint_variant": "final",
  "datasets": {
    "openslr/librispeech_asr:test.clean": {
      "456": {
        "wer": 1.0,
        "accuracy": 0.0035511363636363535,
        "eval_runtime_sec": 2.929839849472046,
        "eval_samples_per_sec": 19.79630388686656,
        "eval_peak_gpu_mem_mb": 26.9189453125,
        "blank_ratio": 0.6008419441255262,
        "empty_pred_ratio": 0.8620689655172413,
        "nonempty_pred_ratio": 0.13793103448275867,
        "exact_match_ratio": 0.0,
        "avg_pred_chars": 0.15517241379310345,
        "avg_ref_chars": 40.310344827586206,
        "avg_out_length": 90.10344827586206,
        "pred_to_ref_char_ratio": 0.0038494439692044486,
        "short_pred_ratio": 0.9961505560307955,
        "long_pred_ratio": 0.0,
        "length_deviation_ratio": 0.9961505560307955,
        "adjacent_repeat_ratio": 0.017241379310344827,
        "dominant_char_ratio": 0.13793103448275862,
        "unique_char_ratio": 0.12931034482758622,
        "collapsed_repeat_ratio": 0.017241379310344827,
        "collapsed_dominant_char_ratio": 0.13793103448275862,
        "collapsed_unique_char_ratio": 0.12931034482758622,
        "collapse_compression_ratio": 9.950316467114133,
        "raw_blank_argmax_ratio": 0.5999193477700339,
        "raw_nonblank_argmax_ratio": 0.4000806522299662,
        "raw_unique_token_ratio": 0.025300533089194735,
        "raw_dominant_token_ratio": 0.5999193477700339,
        "raw_adjacent_repeat_ratio": 0.8074390225120485,
        "raw_token_switch_ratio": 0.19256097748795148,
        "avg_target_length": 48.55172413793103,
        "avg_length_margin": 41.55172413793103,
        "invalid_length_ratio": 0.0,
        "frame_blank_prob_mean": 0.47528611733180737,
        "frame_blank_prob_std": 0.38048735510203496,
        "frame_nonblank_prob_mean": 0.5247138826681926,
        "frame_nonblank_prob_std": 0.38048735414281004,
        "frame_entropy_mean": 1.8813633676055195,
        "frame_entropy_std": 0.9276297593783378,
        "frame_top1_confidence_mean": 0.5520735345395917,
        "frame_top1_confidence_std": 0.293052813424433,
        "frame_top1_margin_mean": 0.4828834307408178,
        "frame_top1_margin_std": 0.3437311259747911,
        "raw_top1_token_histogram": [
          {
            "token_id": 0,
            "token": "<blank>",
            "count": 3140.0,
            "ratio": 0.6008419441255262
          },
          {
            "token_id": 1,
            "token": " ",
            "count": 2077.0,
            "ratio": 0.3974358974358974
          },
          {
            "token_id": 6,
            "token": "e",
            "count": 9.0,
            "ratio": 0.001722158438576349
          }
        ],
        "collapsed_token_histogram": [
          {
            "token_id": 1,
            "token": " ",
            "count": 552.0,
            "ratio": 0.983957219251337
          },
          {
            "token_id": 6,
            "token": "e",
            "count": 9.0,
            "ratio": 0.016042780748663103
          }
        ],
        "unique_sample_ids_seen": 58.0,
        "sample_coverage_ratio": 1.0,
        "sample_revisit_ratio": 0.0,
        "student_time_steps_mean": 0.0,
        "teacher_time_steps_mean": 0.0,
        "teacher_to_student_time_ratio_mean": 0.0,
        "alignment_interpolation_ratio_mean": 0.0,
        "student_frames_per_second_estimate": 0.0,
        "teacher_frames_per_second_estimate": 0.0,
        "teacher_student_valid_frame_overlap_ratio": 0.0,
        "teacher_student_alignment_stretch_mean": 0.0,
        "teacher_entropy_mean": 0.0,
        "teacher_entropy_std": 0.0,
        "teacher_top1_confidence_mean": 0.0,
        "teacher_top1_confidence_std": 0.0,
        "teacher_top1_margin_mean": 0.0,
        "teacher_top1_margin_std": 0.0,
        "teacher_blank_prob_mean": 0.0,
        "teacher_blank_prob_std": 0.0,
        "teacher_nonblank_prob_mean": 0.0,
        "teacher_nonblank_prob_std": 0.0,
        "teacher_student_argmax_agreement": 0.0,
        "teacher_student_topk_overlap_at1": 0.0,
        "teacher_student_topk_overlap_at3": 0.0,
        "teacher_student_feature_cosine_mean": 0.0,
        "teacher_student_feature_cosine_std": 0.0,
        "teacher_student_feature_mse_mean": 0.0,
        "teacher_student_feature_norm_ratio_mean": 0.0,
        "seed": 456.0,
        "dataset": "openslr/librispeech_asr:test.clean",
        "eval_batch_size": 2.0,
        "inference_runtime_sec": 2.929839849472046,
        "inference_samples_per_sec": 19.79630388686656,
        "inference_peak_gpu_mem_mb": 26.9189453125,
        "model_total_params": 1551581.0,
        "model_trainable_params": 1551581.0,
        "diagnostics_artifact": "results/experiments/R1_LIBRI/diagnostics/test_seed_456_final_openslr_librispeech_asr_test.clean.json"
      },
      "789": {
        "wer": 1.0,
        "accuracy": 0.0,
        "eval_runtime_sec": 2.843186616897583,
        "eval_samples_per_sec": 20.399645825319833,
        "eval_peak_gpu_mem_mb": 26.9189453125,
        "blank_ratio": 1.0,
        "empty_pred_ratio": 1.0,
        "nonempty_pred_ratio": 0.0,
        "exact_match_ratio": 0.0,
        "avg_pred_chars": 0.0,
        "avg_ref_chars": 40.310344827586206,
        "avg_out_length": 90.10344827586206,
        "pred_to_ref_char_ratio": 0.0,
        "short_pred_ratio": 1.0,
        "long_pred_ratio": 0.0,
        "length_deviation_ratio": 1.0,
        "adjacent_repeat_ratio": 0.0,
        "dominant_char_ratio": 0.0,
        "unique_char_ratio": 0.0,
        "collapsed_repeat_ratio": 0.0,
        "collapsed_dominant_char_ratio": 0.0,
        "collapsed_unique_char_ratio": 0.0,
        "collapse_compression_ratio": 90.10344827586206,
        "raw_blank_argmax_ratio": 1.0,
        "raw_nonblank_argmax_ratio": 0.0,
        "raw_unique_token_ratio": 0.012038221968485016,
        "raw_dominant_token_ratio": 1.0,
        "raw_adjacent_repeat_ratio": 1.0,
        "raw_token_switch_ratio": 0.0,
        "avg_target_length": 48.55172413793103,
        "avg_length_margin": 41.55172413793103,
        "invalid_length_ratio": 0.0,
        "frame_blank_prob_mean": 0.5669548671180792,
        "frame_blank_prob_std": 0.06717821738805968,
        "frame_nonblank_prob_mean": 0.4330451336118667,
        "frame_nonblank_prob_std": 0.067178247996555,
        "frame_entropy_mean": 2.0330596117967854,
        "frame_entropy_std": 0.2257998492441506,
        "frame_top1_confidence_mean": 0.5669548671180792,
        "frame_top1_confidence_std": 0.06717821738805968,
        "frame_top1_margin_mean": 0.5080782696519188,
        "frame_top1_margin_std": 0.07757072636520247,
        "raw_top1_token_histogram": [
          {
            "token_id": 0,
            "token": "<blank>",
            "count": 5226.0,
            "ratio": 1.0
          }
        ],
        "collapsed_token_histogram": [],
        "unique_sample_ids_seen": 58.0,
        "sample_coverage_ratio": 1.0,
        "sample_revisit_ratio": 0.0,
        "student_time_steps_mean": 0.0,
        "teacher_time_steps_mean": 0.0,
        "teacher_to_student_time_ratio_mean": 0.0,
        "alignment_interpolation_ratio_mean": 0.0,
        "student_frames_per_second_estimate": 0.0,
        "teacher_frames_per_second_estimate": 0.0,
        "teacher_student_valid_frame_overlap_ratio": 0.0,
        "teacher_student_alignment_stretch_mean": 0.0,
        "teacher_entropy_mean": 0.0,
        "teacher_entropy_std": 0.0,
        "teacher_top1_confidence_mean": 0.0,
        "teacher_top1_confidence_std": 0.0,
        "teacher_top1_margin_mean": 0.0,
        "teacher_top1_margin_std": 0.0,
        "teacher_blank_prob_mean": 0.0,
        "teacher_blank_prob_std": 0.0,
        "teacher_nonblank_prob_mean": 0.0,
        "teacher_nonblank_prob_std": 0.0,
        "teacher_student_argmax_agreement": 0.0,
        "teacher_student_topk_overlap_at1": 0.0,
        "teacher_student_topk_overlap_at3": 0.0,