{
  "metrics": {
    "openslr/librispeech_asr:test.clean": {
      "wer": {
        "mean": 1.0,
        "std": 0.0
      },
      "accuracy": {
        "mean": 0.05923295454545454,
        "std": 0.06121129092326653
      },
      "eval_runtime_sec": {
        "mean": 2.7412299156188964,
        "std": 0.059650907004527375
      },
      "eval_samples_per_sec": {
        "mean": 21.168512082524465,
        "std": 0.4654131218714085
      },
      "eval_peak_gpu_mem_mb": {
        "mean": 26.9189453125,
        "std": 0.0
      },
      "blank_ratio": {
        "mean": 0.7212399540757749,
        "std": 0.3019724272973451
      },
      "empty_pred_ratio": {
        "mean": 0.3620689655172414,
        "std": 0.44132542774554917
      },
      "nonempty_pred_ratio": {
        "mean": 0.6379310344827587,
        "std": 0.44132542774554906
      },
      "exact_match_ratio": {
        "mean": 0.0,
        "std": 0.0
      },
      "avg_pred_chars": {
        "mean": 4.179310344827586,
        "std": 3.606253651413793
      },
      "avg_ref_chars": {
        "mean": 40.310344827586206,
        "std": 0.0
      },
      "avg_out_length": {
        "mean": 90.10344827586206,
        "std": 0.0
      },
      "pred_to_ref_char_ratio": {
        "mean": 0.10367835757057313,
        "std": 0.08946223771685201
      },
      "short_pred_ratio": {
        "mean": 0.8963216424294268,
        "std": 0.08946223771685266
      },
      "long_pred_ratio": {
        "mean": 0.0,
        "std": 0.0
      },
      "length_deviation_ratio": {
        "mean": 0.8963216424294268,
        "std": 0.08946223771685266
      },
      "adjacent_repeat_ratio": {
        "mean": 0.3709657440260889,
        "std": 0.37155874952996437
      },
      "dominant_char_ratio": {
        "mean": 0.5053535207186324,
        "std": 0.3648107010656388
      },
      "unique_char_ratio": {
        "mean": 0.2521016300580195,
        "std": 0.1930697012408932
      },
      "collapsed_repeat_ratio": {
        "mean": 0.3709657440260889,
        "std": 0.37155874952996437
      },
      "collapsed_dominant_char_ratio": {
        "mean": 0.5053535207186324,
        "std": 0.3648107010656388
      },
      "collapsed_unique_char_ratio": {
        "mean": 0.2521016300580195,
        "std": 0.1930697012408932
      },
      "collapse_compression_ratio": {
        "mean": 43.2222829732316,
        "std": 37.602301419623785
      },
      "raw_blank_argmax_ratio": {
        "mean": 0.7233719256544929,
        "std": 0.3010782245857654
      },
      "raw_nonblank_argmax_ratio": {
        "mean": 0.27662807434550707,
        "std": 0.3010782245857655
      },
      "raw_unique_token_ratio": {
        "mean": 0.027761836184131895,
        "std": 0.01456537279267061
      },
      "raw_dominant_token_ratio": {
        "mean": 0.8227589902317408,
        "std": 0.19053653223720715
      },
      "raw_adjacent_repeat_ratio": {
        "mean": 0.8816434367328675,
        "std": 0.11929707605045589
      },
      "raw_token_switch_ratio": {
        "mean": 0.11835656326713247,
        "std": 0.11929707605045577
      },
      "avg_target_length": {
        "mean": 48.55172413793103,
        "std": 0.0
      },
      "avg_length_margin": {
        "mean": 41.55172413793103,
        "std": 0.0
      },
      "invalid_length_ratio": {
        "mean": 0.0,
        "std": 0.0
      },
      "frame_blank_prob_mean": {
        "mean": 0.1599997170437719,
        "std": 0.033170594334730755
      },
      "frame_blank_prob_std": {
        "mean": 0.05796242809285686,
        "std": 0.03357236500587604
      },
      "frame_nonblank_prob_mean": {
        "mean": 0.8400002836861742,
        "std": 0.033170593578932435
      },
      "frame_nonblank_prob_std": {
        "mean": 0.05796239875677563,
        "std": 0.03357240832920808
      },
      "frame_entropy_mean": {
        "mean": 2.942246967816417,
        "std": 0.29938195749547747
      },
      "frame_entropy_std": {
        "mean": 0.1346452484579371,
        "std": 0.13029697826212927
      },
      "frame_top1_confidence_mean": {
        "mean": 0.22801001315549377,
        "std": 0.10064478734395188
      },
      "frame_top1_confidence_std": {
        "mean": 0.06612093951292877,
        "std": 0.052195823075676814
      },
      "frame_top1_margin_mean": {
        "mean": 0.1471584723180982,
        "std": 0.08717407216597062
      },
      "frame_top1_margin_std": {
        "mean": 0.07961625546057122,
        "std": 0.07206014035344382
      },
      "unique_sample_ids_seen": {
        "mean": 58.0,
        "std": 0.0
      },
      "sample_coverage_ratio": {
        "mean": 1.0,
        "std": 0.0
      },
      "sample_revisit_ratio": {
        "mean": 0.0,
        "std": 0.0
      },
      "student_time_steps_mean": {
        "mean": 0.0,
        "std": 0.0
      },
      "teacher_time_steps_mean": {
        "mean": 0.0,
        "std": 0.0
      },
      "teacher_to_student_time_ratio_mean": {
        "mean": 0.0,
        "std": 0.0
      },
      "alignment_interpolation_ratio_mean": {
        "mean": 0.0,
        "std": 0.0
      },
      "student_frames_per_second_estimate": {
        "mean": 0.0,
        "std": 0.0
      },
      "teacher_frames_per_second_estimate": {
        "mean": 0.0,
        "std": 0.0
      },
      "teacher_student_valid_frame_overlap_ratio": {
        "mean": 0.0,
        "std": 0.0
      },
      "teacher_student_alignment_stretch_mean": {
        "mean": 0.0,
        "std": 0.0
      },
      "teacher_entropy_mean": {
        "mean": 0.0,
        "std": 0.0
      },
      "teacher_entropy_std": {
        "mean": 0.0,
        "std": 0.0
      },
      "teacher_top1_confidence_mean": {
        "mean": 0.0,
        "std": 0.0
      },
      "teacher_top1_confidence_std": {
        "mean": 0.0,
        "std": 0.0
      },
      "teacher_top1_margin_mean": {
        "mean": 0.0,
        "std": 0.0
      },
      "teacher_top1_margin_std": {
        "mean": 0.0,
        "std": 0.0
      },
      "teacher_blank_prob_mean": {
        "mean": 0.0,
        "std": 0.0
      },
      "teacher_blank_prob_std": {
        "mean": 0.0,
        "std": 0.0
      },
      "teacher_nonblank_prob_mean": {
        "mean": 0.0,
        "std": 0.0
      },
      "teacher_nonblank_prob_std": {
        "mean": 0.0,
        "std": 0.0
      },
      "teacher_student_argmax_agreement": {
        "mean": 0.0,
        "std": 0.0
      },
      "teacher_student_topk_overlap_at1": {
        "mean": 0.0,
        "std": 0.0
      },
      "teacher_student_topk_overlap_at3": {
        "mean": 0.0,
        "std": 0.0
      },
      "teacher_student_feature_cosine_mean": {
        "mean": 0.0,
        "std": 0.0
      },
      "teacher_student_feature_cosine_std": {
        "mean": 0.0,
        "std": 0.0
      },
      "teacher_student_feature_mse_mean": {
        "mean": 0.0,
        "std": 0.0
      },
      "teacher_student_feature_norm_ratio_mean": {
        "mean": 0.0,
        "std": 0.0
      },
      "seed": {
        "mean": 486.8,
        "std": 377.1086845990158
      },
      "eval_batch_size": {
        "mean": 2.0,
        "std": 0.0
      },
      "inference_runtime_sec": {
        "mean": 2.7412299156188964,
        "std": 0.059650907004527375
      },
      "inference_samples_per_sec": {
        "mean": 21.168512082524465,
        "std": 0.4654131218714085
      },
      "inference_peak_gpu_mem_mb": {
        "mean": 26.9189453125,
        "std": 0.0
      },
      "model_total_params": {
        "mean": 1551581.0,
        "std": 0.0
      },
      "model_trainable_params": {
        "mean": 1551581.0,
        "std": 0.0
      }
    }
  }
}