{
  "model_name": "audio_transformer_time_budget_E07",
  "architecture": "Audio Transformer Encoder + CTC",
  "adaptation_technique": "MAE pretrain -> CTC fine-tune",
  "runs": {
    "42": {
      "pretrain_loss": 52.597420528956825,
      "pretrain_runtime_sec": 61.98150706291199,
      "pretrain_peak_gpu_mem_mb": 72.8818359375,
      "pretrain_total_params": 1707584.0,
      "pretrain_trainable_params": 1707584.0,
      "train_loss": 0.7297850722074508,
      "train_runtime_sec": 118.169442653656,
      "train_peak_gpu_mem_mb": 55.51513671875,
      "eval_peak_gpu_mem_mb": 39.12255859375,
      "valid_peak_gpu_mem_mb": 39.12255859375,
      "valid_wer": 1.0,
      "valid_runtime_sec": 35.985838890075684,
      "valid_samples_per_sec": 8.336612658006846,
      "best_valid_wer": 1.0,
      "finetune_total_params": 1551581.0,
      "finetune_trainable_params": 1551581.0,
      "seed": 42.0
    }
  },
  "metrics": {
    "pretrain_loss": {
      "mean": 52.597420528956825,
      "std": 0.0
    },
    "pretrain_runtime_sec": {
      "mean": 61.98150706291199,
      "std": 0.0
    },
    "pretrain_peak_gpu_mem_mb": {
      "mean": 72.8818359375,
      "std": 0.0
    },
    "pretrain_total_params": {
      "mean": 1707584.0,
      "std": 0.0
    },
    "pretrain_trainable_params": {
      "mean": 1707584.0,
      "std": 0.0
    },
    "train_loss": {
      "mean": 0.7297850722074508,
      "std": 0.0
    },
    "train_runtime_sec": {
      "mean": 118.169442653656,
      "std": 0.0
    },
    "train_peak_gpu_mem_mb": {
      "mean": 55.51513671875,
      "std": 0.0
    },
    "eval_peak_gpu_mem_mb": {
      "mean": 39.12255859375,
      "std": 0.0
    },
    "valid_peak_gpu_mem_mb": {
      "mean": 39.12255859375,
      "std": 0.0
    },
    "valid_wer": {
      "mean": 1.0,
      "std": 0.0
    },
    "valid_runtime_sec": {
      "mean": 35.985838890075684,
      "std": 0.0
    },
    "valid_samples_per_sec": {
      "mean": 8.336612658006846,
      "std": 0.0
    },
    "best_valid_wer": {
      "mean": 1.0,
      "std": 0.0
    },
    "finetune_total_params": {
      "mean": 1551581.0,
      "std": 0.0
    },
    "finetune_trainable_params": {
      "mean": 1551581.0,
      "std": 0.0
    },
    "seed": {
      "mean": 42.0,
      "std": 0.0
    }
  }
}