{
  "metrics": {
    "openslr/librispeech_asr:test.clean": {
      "seed": {
        "mean": 82.5,
        "std": 40.5
      },
      "wer": {
        "mean": 1.0,
        "std": 0.0
      },
      "inference_runtime_sec": {
        "mean": 32.76962208747864,
        "std": 0.7135820388793945
      },
      "inference_samples_per_sec": {
        "mean": 9.159163363232548,
        "std": 0.1994473555330467
      },
      "inference_peak_gpu_mem_mb": {
        "mean": 25.771484375,
        "std": 0.0
      },
      "model_total_params": {
        "mean": 1846493.0,
        "std": 0.0
      },
      "model_trainable_params": {
        "mean": 1846493.0,
        "std": 0.0
      }
    }
  }
}