{
  "model_name": "audio_transformer_time_budget_SEL01",
  "architecture": "Audio Transformer Encoder + CTC",
  "adaptation_technique": "MAE pretrain -> CTC fine-tune",
  "runs": {
    "42": {
      "seed": 42.0,
      "wer": 1.0,
      "inference_runtime_sec": 31.677239179611206,
      "inference_samples_per_sec": 9.470522298328717,
      "inference_peak_gpu_mem_mb": 24.646484375
    },
    "123": {
      "seed": 123.0,
      "wer": 1.0074673304293715,
      "inference_runtime_sec": 34.963155031204224,
      "inference_samples_per_sec": 8.580461338007208,
      "inference_peak_gpu_mem_mb": 24.646484375
    }
  },
  "metrics": {
    "seed": {
      "mean": 82.5,
      "std": 40.5
    },
    "wer": {
      "mean": 1.0037336652146858,
      "std": 0.0037336652146857663
    },
    "inference_runtime_sec": {
      "mean": 33.320197105407715,
      "std": 1.6429579257965088
    },
    "inference_samples_per_sec": {
      "mean": 9.025491818167962,
      "std": 0.44503048016075475
    },
    "inference_peak_gpu_mem_mb": {
      "mean": 24.646484375,
      "std": 0.0
    }
  }
}