{
  "experiment_id": "P7C03",
  "checkpoint_variant": "final",
  "datasets": {
    "openslr/librispeech_asr:test.clean": {
      "42": {
        "seed": 42.0,
        "dataset": "openslr/librispeech_asr:test.clean",
        "wer": 1.0,
        "accuracy": 0.03895754970445997,
        "eval_batch_size": 1.0,
        "inference_runtime_sec": 12.823068857192993,
        "inference_samples_per_sec": 8.50030528681575,
        "inference_peak_gpu_mem_mb": 44.8984375,
        "model_total_params": 2839133.0,
        "model_trainable_params": 2839133.0,
        "blank_ratio": 0.21478319478768815,
        "empty_pred_ratio": 0.0,
        "nonempty_pred_ratio": 1.0,
        "exact_match_ratio": 0.0,
        "avg_pred_chars": 2.9541284403669725,
        "avg_ref_chars": 28.44954128440367,
        "avg_out_length": 285.8440366972477,
        "pred_to_ref_char_ratio": 0.10383747178329572,
        "short_pred_ratio": 0.8961625282167043,
        "avg_target_length": 34.14678899082569,
        "avg_length_margin": 251.69724770642202,
        "invalid_length_ratio": 0.0,
        "diagnostics_artifact": "results/phase7/experiments/P7C03/diagnostics/test_seed_42_final_openslr_librispeech_asr_test.clean.json"
      },
      "123": {
        "seed": 123.0,
        "dataset": "openslr/librispeech_asr:test.clean",
        "wer": 1.0,
        "accuracy": 0.0585706609349812,
        "eval_batch_size": 1.0,
        "inference_runtime_sec": 13.171232223510742,
        "inference_samples_per_sec": 8.275611434853774,
        "inference_peak_gpu_mem_mb": 44.8984375,
        "model_total_params": 2839133.0,
        "model_trainable_params": 2839133.0,
        "blank_ratio": 0.1925730975382739,
        "empty_pred_ratio": 0.0,
        "nonempty_pred_ratio": 1.0,
        "exact_match_ratio": 0.0,
        "avg_pred_chars": 2.4862385321100917,
        "avg_ref_chars": 28.44954128440367,
        "avg_out_length": 285.8440366972477,
        "pred_to_ref_char_ratio": 0.0873911641405998,
        "short_pred_ratio": 0.9126088358594002,
        "avg_target_length": 34.14678899082569,
        "avg_length_margin": 251.69724770642202,
        "invalid_length_ratio": 0.0,
        "diagnostics_artifact": "results/phase7/experiments/P7C03/diagnostics/test_seed_123_final_openslr_librispeech_asr_test.clean.json"
      }
    }
  }
}