{
  "model_name": "phase7_hidden_states_anti_overemit_librispeech",
  "architecture": "Audio Transformer Encoder + CTC",
  "adaptation_technique": "CTC fine-tune + distillation (external:wav2vec2_ctc)",
  "runs": {
    "42": {
      "seed": 42.0,
      "wer": 1.0,
      "accuracy": 0.03895754970445997,
      "eval_batch_size": 1.0,
      "inference_runtime_sec": 12.823068857192993,
      "inference_samples_per_sec": 8.50030528681575,
      "inference_peak_gpu_mem_mb": 44.8984375,
      "model_total_params": 2839133.0,
      "model_trainable_params": 2839133.0,
      "blank_ratio": 0.21478319478768815,
      "empty_pred_ratio": 0.0,
      "nonempty_pred_ratio": 1.0,
      "pred_to_ref_char_ratio": 0.10383747178329572,
      "short_pred_ratio": 0.8961625282167043,
      "invalid_length_ratio": 0.0,
      "avg_out_length": 285.8440366972477,
      "avg_target_length": 34.14678899082569,
      "avg_length_margin": 251.69724770642202,
      "checkpoint_variant": "final"
    },
    "123": {
      "seed": 123.0,
      "wer": 1.0,
      "accuracy": 0.0585706609349812,
      "eval_batch_size": 1.0,
      "inference_runtime_sec": 13.171232223510742,
      "inference_samples_per_sec": 8.275611434853774,
      "inference_peak_gpu_mem_mb": 44.8984375,
      "model_total_params": 2839133.0,
      "model_trainable_params": 2839133.0,
      "blank_ratio": 0.1925730975382739,
      "empty_pred_ratio": 0.0,
      "nonempty_pred_ratio": 1.0,
      "pred_to_ref_char_ratio": 0.0873911641405998,
      "short_pred_ratio": 0.9126088358594002,
      "invalid_length_ratio": 0.0,
      "avg_out_length": 285.8440366972477,
      "avg_target_length": 34.14678899082569,
      "avg_length_margin": 251.69724770642202,
      "checkpoint_variant": "final"
    }
  }
}