{
  "metrics": {
    "openslr/librispeech_asr:test.clean": {
      "seed": {
        "mean": 82.5,
        "std": 40.5
      },
      "wer": {
        "mean": 1.0,
        "std": 0.0
      },
      "accuracy": {
        "mean": 0.05145083288554536,
        "std": 0.010075228371843103
      },
      "eval_batch_size": {
        "mean": 1.0,
        "std": 0.0
      },
      "inference_runtime_sec": {
        "mean": 11.146897554397583,
        "std": 1.6006691455841064
      },
      "inference_samples_per_sec": {
        "mean": 9.984386705231444,
        "std": 1.433735230691087
      },
      "inference_peak_gpu_mem_mb": {
        "mean": 44.8984375,
        "std": 0.0
      },
      "model_total_params": {
        "mean": 2839133.0,
        "std": 0.0
      },
      "model_trainable_params": {
        "mean": 2839133.0,
        "std": 0.0
      },
      "blank_ratio": {
        "mean": 0.21431780980197068,
        "std": 0.003867509708893671
      },
      "empty_pred_ratio": {
        "mean": 0.0,
        "std": 0.0
      },
      "nonempty_pred_ratio": {
        "mean": 1.0,
        "std": 0.0
      },
      "exact_match_ratio": {
        "mean": 0.0,
        "std": 0.0
      },
      "avg_pred_chars": {
        "mean": 3.0871559633027523,
        "std": 0.38990825688073394
      },
      "avg_ref_chars": {
        "mean": 28.44954128440367,
        "std": 0.0
      },
      "avg_out_length": {
        "mean": 285.8440366972477,
        "std": 0.0
      },
      "pred_to_ref_char_ratio": {
        "mean": 0.10851338277974847,
        "std": 0.01370525636891326
      },
      "short_pred_ratio": {
        "mean": 0.8914866172202516,
        "std": 0.013705256368913232
      },
      "avg_target_length": {
        "mean": 34.14678899082569,
        "std": 0.0
      },
      "avg_length_margin": {
        "mean": 251.69724770642202,
        "std": 0.0
      },
      "invalid_length_ratio": {
        "mean": 0.0,
        "std": 0.0
      }
    }
  }
}