{
  "model_name": "phase7_hidden_states_anti_overemit_librispeech",
  "architecture": "Audio Transformer Encoder + CTC",
  "adaptation_technique": "CTC fine-tune + distillation (external:wav2vec2_ctc)",
  "runs": {
    "42": {
      "train_loss": 9.41513977013235,
      "train_ctc_loss": 9.099679047291673,
      "train_kd_loss": 0.26375290569592647,
      "train_kd_active_ratio": 1.0,
      "train_overemit_loss": 0.5254203199401615,
      "train_nonblank_density": 0.930921647304625,
      "train_target_density": 0.12652048720853534,
      "distillation_enabled": 1.0,
      "train_runtime_sec": 159.81046748161316,
      "train_peak_gpu_mem_mb": 680.29638671875,
      "train_invalid_length_ratio": 0.0,
      "train_avg_out_length": 311.244094488189,
      "train_avg_target_length": 38.45669291338583,
      "train_avg_length_margin": 272.78740157480314,
      "finetune_effective_batch_size": 8.0,
      "finetune_optimizer_steps": 188.0,
      "finetune_warmup_steps": 20.0,
      "finetune_warmup_start_factor": 0.1,
      "finetune_min_lr_ratio": 0.05,
      "finetune_early_stopped": 1.0,
      "finetune_early_stop_epoch": 4.0,
      "best_valid_epoch": 2.0,
      "eval_peak_gpu_mem_mb": 438.24169921875,
      "valid_peak_gpu_mem_mb": 438.24169921875,
      "valid_wer": 1.0,
      "valid_accuracy": 0.04228855721393032,
      "valid_runtime_sec": 10.494991540908813,
      "valid_samples_per_sec": 9.52835451178844,
      "valid_blank_ratio": 0.2007168458781362,
      "valid_empty_pred_ratio": 0.0,
      "valid_nonempty_pred_ratio": 1.0,
      "valid_pred_to_ref_char_ratio": 0.12441783100465736,
      "valid_invalid_length_ratio": 0.0,
      "valid_avg_out_length": 276.21,
      "valid_avg_target_length": 36.18,
      "valid_avg_length_margin": 240.03,
      "valid_exact_match_ratio": 0.0,
      "valid_selection_score": 1.6661861720308382,
      "best_valid_wer": 1.0,
      "best_valid_score": 1.6610784392771936,
      "best_valid_empty_pred_ratio": 0.0,
      "finetune_total_params": 2839133.0,
      "finetune_trainable_params": 2839133.0,
      "seed": 42.0
    },
    "123": {
      "train_loss": 5.9599187408532375,
      "train_ctc_loss": 5.637695121639982,
      "train_kd_loss": 0.22882498570979423,
      "train_kd_active_ratio": 1.0,
      "train_overemit_loss": 0.5529172348929202,
      "train_nonblank_density": 0.9496939273800437,
      "train_target_density": 0.12652048720853534,
      "distillation_enabled": 1.0,
      "train_runtime_sec": 189.2691366672516,
      "train_peak_gpu_mem_mb": 698.671875,
      "train_invalid_length_ratio": 0.0,
      "train_avg_out_length": 311.244094488189,
      "train_avg_target_length": 38.45669291338583,
      "train_avg_length_margin": 272.78740157480314,
      "finetune_effective_batch_size": 8.0,
      "finetune_optimizer_steps": 188.0,
      "finetune_warmup_steps": 20.0,
      "finetune_warmup_start_factor": 0.1,
      "finetune_min_lr_ratio": 0.05,
      "finetune_early_stopped": 1.0,
      "finetune_early_stop_epoch": 5.0,
      "best_valid_epoch": 3.0,
      "eval_peak_gpu_mem_mb": 458.1220703125,
      "valid_peak_gpu_mem_mb": 458.1220703125,
      "valid_wer": 1.0,
      "valid_accuracy": 0.056384742951907096,
      "valid_runtime_sec": 11.819481372833252,
      "valid_samples_per_sec": 8.460608113469954,
      "valid_blank_ratio": 0.1780529307411028,
      "valid_empty_pred_ratio": 0.0,
      "valid_nonempty_pred_ratio": 1.0,
      "valid_pred_to_ref_char_ratio": 0.08982035928143714,
      "valid_invalid_length_ratio": 0.0,
      "valid_avg_out_length": 276.21,
      "valid_avg_target_length": 36.18,
      "valid_avg_length_margin": 240.03,
      "valid_exact_match_ratio": 0.0,
      "valid_selection_score": 1.6863438378750555,
      "best_valid_wer": 1.0,
      "best_valid_score": 1.6671064874816977,
      "best_valid_empty_pred_ratio": 0.0,
      "finetune_total_params": 2839133.0,
      "finetune_trainable_params": 2839133.0,
      "seed": 123.0
    }
  }
}