{
  "model_name": "phase2_budget_recovery_no_mae",
  "architecture": "Audio Transformer Encoder + CTC",
  "adaptation_technique": "CTC fine-tune only (no MAE)",
  "runs": {
    "42": {
      "seed": 42.0,
      "wer": 1.0,
      "inference_runtime_sec": 34.03198266029358,
      "inference_samples_per_sec": 8.815237213611463,
      "inference_peak_gpu_mem_mb": 24.646484375,
      "blank_ratio": 0.5009050772626932,
      "empty_pred_ratio": 0.4666666666666667,
      "nonempty_pred_ratio": 0.5333333333333333,
      "invalid_length_ratio": 0.2633333333333333,
      "avg_out_length": 151.0,
      "avg_target_length": 115.85666666666667,
      "avg_length_margin": 35.14333333333333
    },
    "123": {
      "seed": 123.0,
      "wer": 1.0,
      "inference_runtime_sec": 36.00845789909363,
      "inference_samples_per_sec": 8.331375946192667,
      "inference_peak_gpu_mem_mb": 24.646484375,
      "blank_ratio": 0.6793377483443709,
      "empty_pred_ratio": 0.93,
      "nonempty_pred_ratio": 0.06999999999999995,
      "invalid_length_ratio": 0.2633333333333333,
      "avg_out_length": 151.0,
      "avg_target_length": 115.85666666666667,
      "avg_length_margin": 35.14333333333333
    }
  }
}