{
  "metrics": {
    "openslr/librispeech_asr:test.clean": {
      "seed": {
        "mean": 82.5,
        "std": 40.5
      },
      "wer": {
        "mean": 1.0,
        "std": 0.0
      },
      "inference_runtime_sec": {
        "mean": 35.0202202796936,
        "std": 0.9882376194000244
      },
      "inference_samples_per_sec": {
        "mean": 8.573306579902065,
        "std": 0.24193063370939782
      },
      "inference_peak_gpu_mem_mb": {
        "mean": 24.646484375,
        "std": 0.0
      },
      "model_total_params": {
        "mean": 1551581.0,
        "std": 0.0
      },
      "model_trainable_params": {
        "mean": 1551581.0,
        "std": 0.0
      },
      "blank_ratio": {
        "mean": 0.590121412803532,
        "std": 0.08921633554083885
      },
      "empty_pred_ratio": {
        "mean": 0.6983333333333334,
        "std": 0.2316666666666667
      },
      "nonempty_pred_ratio": {
        "mean": 0.30166666666666664,
        "std": 0.2316666666666667
      },
      "exact_match_ratio": {
        "mean": 0.0,
        "std": 0.0
      },
      "avg_pred_chars": {
        "mean": 0.30333333333333334,
        "std": 0.2333333333333333
      },
      "avg_ref_chars": {
        "mean": 95.43,
        "std": 0.0
      },
      "avg_out_length": {
        "mean": 151.0,
        "std": 0.0
      },
      "avg_target_length": {
        "mean": 115.85666666666667,
        "std": 0.0
      },
      "avg_length_margin": {
        "mean": 35.14333333333333,
        "std": 0.0
      },
      "invalid_length_ratio": {
        "mean": 0.2633333333333333,
        "std": 0.0
      }
    }
  }
}