{
  "model_name": "phase2_budget_recovery_no_mae",
  "architecture": "Audio Transformer Encoder + CTC",
  "adaptation_technique": "CTC fine-tune only (no MAE)",
  "runs": {
    "42": {
      "train_loss": 0.5673186291588678,
      "train_runtime_sec": 331.47785329818726,
      "train_peak_gpu_mem_mb": 55.62841796875,
      "train_invalid_length_ratio": 0.8122222222222222,
      "train_avg_out_length": 151.0,
      "train_avg_target_length": 189.05277777777778,
      "train_avg_length_margin": -38.05277777777778,
      "eval_peak_gpu_mem_mb": 39.12255859375,
      "valid_peak_gpu_mem_mb": 39.12255859375,
      "valid_wer": 1.0,
      "valid_runtime_sec": 68.19118547439575,
      "valid_samples_per_sec": 8.798791160850055,
      "valid_blank_ratio": 0.54560706401766,
      "valid_empty_pred_ratio": 0.355,
      "valid_nonempty_pred_ratio": 0.645,
      "valid_invalid_length_ratio": 0.19,
      "valid_avg_out_length": 151.0,
      "valid_avg_target_length": 107.52,
      "valid_avg_length_margin": 43.48,
      "valid_exact_match_ratio": 0.0,
      "best_valid_wer": 1.0,
      "finetune_total_params": 1551581.0,
      "finetune_trainable_params": 1551581.0,
      "seed": 42.0
    },
    "123": {
      "train_loss": 0.6565909647941589,
      "train_runtime_sec": 339.00193548202515,
      "train_peak_gpu_mem_mb": 55.57763671875,
      "train_invalid_length_ratio": 0.7877777777777778,
      "train_avg_out_length": 151.0,
      "train_avg_target_length": 186.13777777777779,
      "train_avg_length_margin": -35.13777777777778,
      "eval_peak_gpu_mem_mb": 39.123046875,
      "valid_peak_gpu_mem_mb": 39.123046875,
      "valid_wer": 1.0,
      "valid_runtime_sec": 67.49136686325073,
      "valid_samples_per_sec": 8.890025908286974,
      "valid_blank_ratio": 0.766401766004415,
      "valid_empty_pred_ratio": 0.9666666666666667,
      "valid_nonempty_pred_ratio": 0.033333333333333326,
      "valid_invalid_length_ratio": 0.19,
      "valid_avg_out_length": 151.0,
      "valid_avg_target_length": 107.52,
      "valid_avg_length_margin": 43.48,
      "valid_exact_match_ratio": 0.0,
      "best_valid_wer": 1.0,
      "finetune_total_params": 1551581.0,
      "finetune_trainable_params": 1551581.0,
      "seed": 123.0
    }
  },
  "metrics": {
    "train_loss": {
      "mean": 0.6119547969765133,
      "std": 0.04463616781764557
    },
    "train_runtime_sec": {
      "mean": 335.2398943901062,
      "std": 3.7620410919189453
    },
    "train_peak_gpu_mem_mb": {
      "mean": 55.60302734375,
      "std": 0.025390625
    },
    "train_invalid_length_ratio": {
      "mean": 0.8,
      "std": 0.01222222222222219
    },
    "train_avg_out_length": {
      "mean": 151.0,
      "std": 0.0
    },
    "train_avg_target_length": {
      "mean": 187.59527777777777,
      "std": 1.457499999999996
    },
    "train_avg_length_margin": {
      "mean": -36.59527777777778,
      "std": 1.4574999999999996
    },
    "eval_peak_gpu_mem_mb": {
      "mean": 39.122802734375,
      "std": 0.000244140625
    },
    "valid_peak_gpu_mem_mb": {
      "mean": 39.122802734375,
      "std": 0.000244140625
    },
    "valid_wer": {
      "mean": 1.0,
      "std": 0.0
    },
    "valid_runtime_sec": {
      "mean": 67.84127616882324,
      "std": 0.34990930557250977
    },
    "valid_samples_per_sec": {
      "mean": 8.844408534568515,
      "std": 0.04561737371845975
    },
    "valid_blank_ratio": {
      "mean": 0.6560044150110376,
      "std": 0.1103973509933775
    },
    "valid_empty_pred_ratio": {
      "mean": 0.6608333333333334,
      "std": 0.30583333333333335
    },
    "valid_nonempty_pred_ratio": {
      "mean": 0.33916666666666667,
      "std": 0.30583333333333335
    },
    "valid_invalid_length_ratio": {
      "mean": 0.19,
      "std": 0.0
    },
    "valid_avg_out_length": {
      "mean": 151.0,
      "std": 0.0
    },
    "valid_avg_target_length": {
      "mean": 107.52,
      "std": 0.0
    },
    "valid_avg_length_margin": {
      "mean": 43.48,
      "std": 0.0
    },
    "valid_exact_match_ratio": {
      "mean": 0.0,
      "std": 0.0
    },
    "best_valid_wer": {
      "mean": 1.0,
      "std": 0.0
    },
    "finetune_total_params": {
      "mean": 1551581.0,
      "std": 0.0
    },
    "finetune_trainable_params": {
      "mean": 1551581.0,
      "std": 0.0
    },
    "seed": {
      "mean": 82.5,
      "std": 40.5
    }
  }
}