{
  "model_name": "tpfast_core_librispeech_R0_LIBRI",
  "architecture": "Audio Transformer Encoder + CTC",
  "adaptation_technique": "CTC fine-tune only (no MAE)",
  "runs": {
    "456": {
      "seed": 456.0,
      "wer": 1.0,
      "accuracy": 0.09410511363636365,
      "eval_batch_size": 2.0,
      "inference_runtime_sec": 3.026756763458252,
      "inference_samples_per_sec": 19.162425174109963,
      "inference_peak_gpu_mem_mb": 26.9189453125,
      "model_total_params": 1551581.0,
      "model_trainable_params": 1551581.0,
      "blank_ratio": 0.8708381171067738,
      "empty_pred_ratio": 0.0,
      "nonempty_pred_ratio": 1.0,
      "pred_to_ref_char_ratio": 0.15397775876817793,
      "short_pred_ratio": 0.8460222412318221,
      "invalid_length_ratio": 0.0,
      "avg_out_length": 90.10344827586206,
      "avg_target_length": 48.55172413793103,
      "avg_length_margin": 41.55172413793103,
      "checkpoint_variant": "best",
      "adjacent_repeat_ratio": 0.5132625516246205,
      "alignment_interpolation_ratio_mean": 0.0,
      "avg_pred_chars": 6.206896551724138,
      "avg_ref_chars": 40.310344827586206,
      "collapse_compression_ratio": 15.592499502413299,
      "collapsed_dominant_char_ratio": 0.6862037866348211,
      "collapsed_repeat_ratio": 0.5132625516246205,
      "collapsed_unique_char_ratio": 0.3850867044832563,
      "dominant_char_ratio": 0.6862037866348211,
      "eval_peak_gpu_mem_mb": 26.9189453125,
      "eval_runtime_sec": 3.026756763458252,
      "eval_samples_per_sec": 19.162425174109963,
      "exact_match_ratio": 0.0,
      "frame_blank_prob_mean": 0.18502722906965977,
      "frame_blank_prob_std": 0.06960280783450835,
      "frame_entropy_mean": 3.0434876247424985,
      "frame_entropy_std": 0.11265468627511946,
      "frame_nonblank_prob_mean": 0.8149727720252591,
      "frame_nonblank_prob_std": 0.06960277666141415,
      "frame_top1_confidence_mean": 0.1881510197682897,
      "frame_top1_confidence_std": 0.06556158523778322,
      "frame_top1_margin_mean": 0.10402753605862664,
      "frame_top1_margin_std": 0.07534234849700926,
      "length_deviation_ratio": 0.8460222412318221,
      "long_pred_ratio": 0.0,
      "raw_adjacent_repeat_ratio": 0.8710151129198891,
      "raw_blank_argmax_ratio": 0.8677821347804036,
      "raw_dominant_token_ratio": 0.8677821347804036,
      "raw_nonblank_argmax_ratio": 0.1322178652195964,
      "raw_token_switch_ratio": 0.12898488708011074,
      "raw_unique_token_ratio": 0.038263597297421084,
      "sample_coverage_ratio": 1.0,
      "sample_revisit_ratio": 0.0,
      "student_frames_per_second_estimate": 0.0,
      "student_time_steps_mean": 0.0,
      "teacher_blank_prob_mean": 0.0,
      "teacher_blank_prob_std": 0.0,
      "teacher_entropy_mean": 0.0,
      "teacher_entropy_std": 0.0,
      "teacher_frames_per_second_estimate": 0.0,
      "teacher_nonblank_prob_mean": 0.0,
      "teacher_nonblank_prob_std": 0.0,
      "teacher_student_alignment_stretch_mean": 0.0,
      "teacher_student_argmax_agreement": 0.0,
      "teacher_student_feature_cosine_mean": 0.0,
      "teacher_student_feature_cosine_std": 0.0,
      "teacher_student_feature_mse_mean": 0.0,
      "teacher_student_feature_norm_ratio_mean": 0.0,
      "teacher_student_topk_overlap_at1": 0.0,
      "teacher_student_topk_overlap_at3": 0.0,
      "teacher_student_valid_frame_overlap_ratio": 0.0,
      "teacher_time_steps_mean": 0.0,
      "teacher_to_student_time_ratio_mean": 0.0,
      "teacher_top1_confidence_mean": 0.0,
      "teacher_top1_confidence_std": 0.0,
      "teacher_top1_margin_mean": 0.0,
      "teacher_top1_margin_std": 0.0,
      "unique_char_ratio": 0.3850867044832563,
      "unique_sample_ids_seen": 58.0
    },
    "789": {
      "seed": 789.0,
      "wer": 1.0,
      "accuracy": 0.0021306818181817677,
      "eval_batch_size": 2.0,
      "inference_runtime_sec": 2.897916078567505,
      "inference_samples_per_sec": 20.014382206910046,
      "inference_peak_gpu_mem_mb": 26.9189453125,
      "model_total_params": 1551581.0,
      "model_trainable_params": 1551581.0,
      "blank_ratio": 0.9988518943742825,
      "empty_pred_ratio": 0.896551724137931,
      "nonempty_pred_ratio": 0.10344827586206895,
      "pred_to_ref_char_ratio": 0.0025662959794696323,
      "short_pred_ratio": 0.9974337040205303,
      "invalid_length_ratio": 0.0,
      "avg_out_length": 90.10344827586206,
      "avg_target_length": 48.55172413793103,
      "avg_length_margin": 41.55172413793103,
      "checkpoint_variant": "best",
      "adjacent_repeat_ratio": 0.0,
      "alignment_interpolation_ratio_mean": 0.0,
      "avg_pred_chars": 0.10344827586206896,
      "avg_ref_chars": 40.310344827586206,
      "collapse_compression_ratio": 90.10344827586206,
      "collapsed_dominant_char_ratio": 0.10344827586206896,
      "collapsed_repeat_ratio": 0.0,
      "collapsed_unique_char_ratio": 0.10344827586206896,
      "dominant_char_ratio": 0.10344827586206896,
      "eval_peak_gpu_mem_mb": 26.9189453125,
      "eval_runtime_sec": 2.897916078567505,
      "eval_samples_per_sec": 20.014382206910046,
      "exact_match_ratio": 0.0,
      "frame_blank_prob_mean": 0.2454704240141269,
      "frame_blank_prob_std": 0.05722612318527248,
      "frame_entropy_mean": 2.9537716561517082,
      "frame_entropy_std": 0.1157675845164931,
      "frame_nonblank_prob_mean": 0.7545295785406837,
      "frame_nonblank_prob_std": 0.05722613254965319,
      "frame_top1_confidence_mean": 0.24548565725508295,
      "frame_top1_confidence_std": 0.05719408037514974,
      "frame_top1_margin_mean": 0.17639936599702247,
      "frame_top1_margin_std": 0.06610924570631636,
      "length_deviation_ratio": 0.9974337040205303,
      "long_pred_ratio": 0.0,
      "raw_adjacent_repeat_ratio": 0.9978547062532812,
      "raw_blank_argmax_ratio": 0.9989385456666109,
      "raw_dominant_token_ratio": 0.9989385456666109,
      "raw_nonblank_argmax_ratio": 0.0010614543333892416,
      "raw_token_switch_ratio": 0.0021452937467187705,
      "raw_unique_token_ratio": 0.013099676301874258,
      "sample_coverage_ratio": 1.0,
      "sample_revisit_ratio": 0.0,
      "student_frames_per_second_estimate": 0.0,
      "student_time_steps_mean": 0.0,
      "teacher_blank_prob_mean": 0.0,
      "teacher_blank_prob_std": 0.0,
      "teacher_entropy_mean": 0.0,
      "teacher_entropy_std": 0.0,
      "teacher_frames_per_second_estimate": 0.0,
      "teacher_nonblank_prob_mean": 0.0,
      "teacher_nonblank_prob_std": 0.0,
      "teacher_student_alignment_stretch_mean": 0.0,
      "teacher_student_argmax_agreement": 0.0,
      "teacher_student_feature_cosine_mean": 0.0,
      "teacher_student_feature_cosine_std": 0.0,
      "teacher_student_feature_mse_mean": 0.0,
      "teacher_student_feature_norm_ratio_mean": 0.0,
      "teacher_student_topk_overlap_at1": 0.0,
      "teacher_student_topk_overlap_at3": 0.0,
      "teacher_student_valid_frame_overlap_ratio": 0.0,
      "teacher_time_steps_mean": 0.0,
      "teacher_to_student_time_ratio_mean": 0.0,
      "teacher_top1_confidence_mean": 0.0,
      "teacher_top1_confidence_std": 0.0,
      "teacher_top1_margin_mean": 0.0,
      "teacher_top1_margin_std": 0.0,
      "unique_char_ratio": 0.10344827586206896,
      "unique_sample_ids_seen": 58.0
    },
    "1024": {
      "seed": 1024.0,
      "wer": 1.0,
      "accuracy": 0.17400568181818177,
      "eval_batch_size": 2.0,
      "inference_runtime_sec": 2.965627908706665,
      "inference_samples_per_sec": 19.557409690447066,
      "inference_peak_gpu_mem_mb": 26.9189453125,
      "model_total_params": 1551581.0,
      "model_trainable_params": 1551581.0,
      "blank_ratio": 0.6257175660160735,
      "empty_pred_ratio": 0.0,
      "nonempty_pred_ratio": 1.0,
      "pred_to_ref_char_ratio": 0.21000855431993154,
      "short_pred_ratio": 0.7899914456800685,
      "invalid_length_ratio": 0.0,
      "avg_out_length": 90.10344827586206,
      "avg_target_length": 48.55172413793103,