{
  "model_name": "audio_transformer_time_budget_E08",
  "architecture": "Audio Transformer Encoder + CTC",
  "adaptation_technique": "MAE pretrain -> CTC fine-tune",
  "runs": {
    "42": {
      "pretrain_loss": 52.907758712768555,
      "pretrain_runtime_sec": 64.31615352630615,
      "pretrain_peak_gpu_mem_mb": 74.30615234375,
      "pretrain_total_params": 1707584.0,
      "pretrain_trainable_params": 1707584.0,
      "train_loss": 0.73245361328125,
      "train_runtime_sec": 121.53756284713745,
      "train_peak_gpu_mem_mb": 55.51513671875,
      "eval_peak_gpu_mem_mb": 39.12255859375,
      "valid_peak_gpu_mem_mb": 39.12255859375,
      "valid_wer": 1.0,
      "valid_runtime_sec": 36.36714577674866,
      "valid_samples_per_sec": 8.249203878732905,
      "best_valid_wer": 1.0,
      "finetune_total_params": 1551581.0,
      "finetune_trainable_params": 1551581.0,
      "seed": 42.0
    }
  },
  "metrics": {
    "pretrain_loss": {
      "mean": 52.907758712768555,
      "std": 0.0
    },
    "pretrain_runtime_sec": {
      "mean": 64.31615352630615,
      "std": 0.0
    },
    "pretrain_peak_gpu_mem_mb": {
      "mean": 74.30615234375,
      "std": 0.0
    },
    "pretrain_total_params": {
      "mean": 1707584.0,
      "std": 0.0
    },
    "pretrain_trainable_params": {
      "mean": 1707584.0,
      "std": 0.0
    },
    "train_loss": {
      "mean": 0.73245361328125,
      "std": 0.0
    },
    "train_runtime_sec": {
      "mean": 121.53756284713745,
      "std": 0.0
    },
    "train_peak_gpu_mem_mb": {
      "mean": 55.51513671875,
      "std": 0.0
    },
    "eval_peak_gpu_mem_mb": {
      "mean": 39.12255859375,
      "std": 0.0
    },
    "valid_peak_gpu_mem_mb": {
      "mean": 39.12255859375,
      "std": 0.0
    },
    "valid_wer": {
      "mean": 1.0,
      "std": 0.0
    },
    "valid_runtime_sec": {
      "mean": 36.36714577674866,
      "std": 0.0
    },
    "valid_samples_per_sec": {
      "mean": 8.249203878732905,
      "std": 0.0
    },
    "best_valid_wer": {
      "mean": 1.0,
      "std": 0.0
    },
    "finetune_total_params": {
      "mean": 1551581.0,
      "std": 0.0
    },
    "finetune_trainable_params": {
      "mean": 1551581.0,
      "std": 0.0
    },
    "seed": {
      "mean": 42.0,
      "std": 0.0
    }
  }
}