{
  "model_name": "tpfast_core_voxpopuli_R4_VOX",
  "architecture": "Audio Transformer Encoder + CTC",
  "adaptation_technique": "MAE pretrain -> CTC fine-tune",
  "runs": {
    "42": {
      "seed": 42.0,
      "wer": 1.0057470798492432,
      "accuracy": 0.0009478672985782088,
      "eval_batch_size": 2.0,
      "inference_runtime_sec": 1.2388591766357422,
      "inference_samples_per_sec": 16.95107918321096,
      "inference_peak_gpu_mem_mb": 302.2099609375,
      "model_total_params": 1520861.0,
      "model_trainable_params": 1520861.0,
      "blank_ratio": 0.9997006884166417,
      "empty_pred_ratio": 0.9523809523809523,
      "nonempty_pred_ratio": 0.04761904761904767,
      "pred_to_ref_char_ratio": 0.002232142857142857,
      "short_pred_ratio": 0.9977678571428571,
      "invalid_length_ratio": 0.0,
      "avg_out_length": 318.1904761904762,
      "avg_target_length": 50.23809523809524,
      "avg_length_margin": 267.95238095238096,
      "checkpoint_variant": "best",
      "adjacent_repeat_ratio": 0.0,
      "alignment_interpolation_ratio_mean": 0.0,
      "avg_pred_chars": 0.09523809523809523,
      "avg_ref_chars": 42.666666666666664,
      "collapse_compression_ratio": 289.7142857142857,
      "collapsed_dominant_char_ratio": 0.023809523809523808,
      "collapsed_repeat_ratio": 0.0,
      "collapsed_unique_char_ratio": 0.047619047619047616,
      "dominant_char_ratio": 0.023809523809523808,
      "eval_peak_gpu_mem_mb": 302.2099609375,
      "eval_runtime_sec": 1.2388591766357422,
      "eval_samples_per_sec": 16.95107918321096,
      "exact_match_ratio": 0.09523809523809523,
      "frame_blank_prob_mean": 0.502926796505245,
      "frame_blank_prob_std": 0.11055805822714956,
      "frame_entropy_mean": 2.220365513445053,
      "frame_entropy_std": 0.3478324661926915,
      "frame_nonblank_prob_mean": 0.4970731909351412,
      "frame_nonblank_prob_std": 0.11055801916670586,
      "frame_top1_confidence_mean": 0.5029319664990249,
      "frame_top1_confidence_std": 0.11053835929164016,
      "frame_top1_margin_mean": 0.4305434650876714,
      "frame_top1_margin_std": 0.11774469645852034,
      "length_deviation_ratio": 0.9977678571428571,
      "long_pred_ratio": 0.0,
      "raw_adjacent_repeat_ratio": 0.9998804542737597,
      "raw_blank_argmax_ratio": 0.9999203694855868,
      "raw_dominant_token_ratio": 0.9999203694855868,
      "raw_nonblank_argmax_ratio": 7.963051441312311e-05,
      "raw_token_switch_ratio": 0.00011954572624028691,
      "raw_unique_token_ratio": 0.0062072358536090265,
      "sample_coverage_ratio": 1.0,
      "sample_revisit_ratio": 0.0,
      "student_frames_per_second_estimate": 0.0,
      "student_time_steps_mean": 0.0,
      "teacher_blank_prob_mean": 0.0,
      "teacher_blank_prob_std": 0.0,
      "teacher_entropy_mean": 0.0,
      "teacher_entropy_std": 0.0,
      "teacher_frames_per_second_estimate": 0.0,
      "teacher_nonblank_prob_mean": 0.0,
      "teacher_nonblank_prob_std": 0.0,
      "teacher_student_alignment_stretch_mean": 0.0,
      "teacher_student_argmax_agreement": 0.0,
      "teacher_student_feature_cosine_mean": 0.0,
      "teacher_student_feature_cosine_std": 0.0,
      "teacher_student_feature_mse_mean": 0.0,
      "teacher_student_feature_norm_ratio_mean": 0.0,
      "teacher_student_topk_overlap_at1": 0.0,
      "teacher_student_topk_overlap_at3": 0.0,
      "teacher_student_valid_frame_overlap_ratio": 0.0,
      "teacher_time_steps_mean": 0.0,
      "teacher_to_student_time_ratio_mean": 0.0,
      "teacher_top1_confidence_mean": 0.0,
      "teacher_top1_confidence_std": 0.0,
      "teacher_top1_margin_mean": 0.0,
      "teacher_top1_margin_std": 0.0,
      "unique_char_ratio": 0.047619047619047616,
      "unique_sample_ids_seen": 21.0
    },
    "123": {
      "seed": 123.0,
      "wer": 1.0,
      "accuracy": 0.0028436018957346265,
      "eval_batch_size": 2.0,
      "inference_runtime_sec": 1.0373198986053467,
      "inference_samples_per_sec": 20.244478128910888,
      "inference_peak_gpu_mem_mb": 302.2099609375,
      "model_total_params": 1520861.0,
      "model_trainable_params": 1520861.0,
      "blank_ratio": 0.7520203531876684,
      "empty_pred_ratio": 1.0,
      "nonempty_pred_ratio": 0.0,
      "pred_to_ref_char_ratio": 0.0,
      "short_pred_ratio": 1.0,
      "invalid_length_ratio": 0.0,
      "avg_out_length": 318.1904761904762,
      "avg_target_length": 50.23809523809524,
      "avg_length_margin": 267.95238095238096,
      "checkpoint_variant": "best",
      "adjacent_repeat_ratio": 0.0,
      "alignment_interpolation_ratio_mean": 0.0,
      "avg_pred_chars": 0.0,
      "avg_ref_chars": 42.666666666666664,
      "collapse_compression_ratio": 23.503767153325974,
      "collapsed_dominant_char_ratio": 0.0,
      "collapsed_repeat_ratio": 0.0,
      "collapsed_unique_char_ratio": 0.0,
      "dominant_char_ratio": 0.0,
      "eval_peak_gpu_mem_mb": 302.2099609375,
      "eval_runtime_sec": 1.0373198986053467,
      "eval_samples_per_sec": 20.244478128910888,
      "exact_match_ratio": 0.14285714285714285,
      "frame_blank_prob_mean": 0.5342567395892767,
      "frame_blank_prob_std": 0.3100622385940102,
      "frame_entropy_mean": 1.9146786015820838,
      "frame_entropy_std": 0.7925908045555334,
      "frame_nonblank_prob_mean": 0.46574326269428945,
      "frame_nonblank_prob_std": 0.31006221168836995,
      "frame_top1_confidence_mean": 0.5729461162970189,
      "frame_top1_confidence_std": 0.250519820940477,
      "frame_top1_margin_mean": 0.5338753486457466,
      "frame_top1_margin_std": 0.27415677376286784,
      "length_deviation_ratio": 1.0,
      "long_pred_ratio": 0.0,
      "raw_adjacent_repeat_ratio": 0.9126403436811982,
      "raw_blank_argmax_ratio": 0.7750664569440628,
      "raw_dominant_token_ratio": 0.7750664569440628,
      "raw_nonblank_argmax_ratio": 0.224933543055937,
      "raw_token_switch_ratio": 0.087359656318802,
      "raw_unique_token_ratio": 0.012255210678391807,
      "sample_coverage_ratio": 1.0,
      "sample_revisit_ratio": 0.0,
      "student_frames_per_second_estimate": 0.0,
      "student_time_steps_mean": 0.0,
      "teacher_blank_prob_mean": 0.0,
      "teacher_blank_prob_std": 0.0,
      "teacher_entropy_mean": 0.0,
      "teacher_entropy_std": 0.0,
      "teacher_frames_per_second_estimate": 0.0,
      "teacher_nonblank_prob_mean": 0.0,
      "teacher_nonblank_prob_std": 0.0,
      "teacher_student_alignment_stretch_mean": 0.0,
      "teacher_student_argmax_agreement": 0.0,
      "teacher_student_feature_cosine_mean": 0.0,
      "teacher_student_feature_cosine_std": 0.0,
      "teacher_student_feature_mse_mean": 0.0,
      "teacher_student_feature_norm_ratio_mean": 0.0,
      "teacher_student_topk_overlap_at1": 0.0,
      "teacher_student_topk_overlap_at3": 0.0,
      "teacher_student_valid_frame_overlap_ratio": 0.0,
      "teacher_time_steps_mean": 0.0,
      "teacher_to_student_time_ratio_mean": 0.0,
      "teacher_top1_confidence_mean": 0.0,
      "teacher_top1_confidence_std": 0.0,
      "teacher_top1_margin_mean": 0.0,
      "teacher_top1_margin_std": 0.0,
      "unique_char_ratio": 0.0,
      "unique_sample_ids_seen": 21.0
    }
  },
  "metrics": {
    "seed": {
      "mean": 82.5,
      "std": 40.5
    },
    "wer": {
      "mean": 1.0028735399246216,
      "std": 0.002873539924621582
    },
    "accuracy": {
      "mean": 0.0018957345971564177,
      "std": 0.0009478672985782088
    },
    "eval_batch_size": {
      "mean": 2.0,
      "std": 0.0
    },
    "inference_runtime_sec": {
      "mean": 1.1380895376205444,
      "std": 0.10076963901519775
    },
    "inference_samples_per_sec": {
      "mean": 18.597778656060925,
      "std": 1.6466994728499635
    },
    "inference_peak_gpu_mem_mb": {
      "mean": 302.2099609375,
      "std": 0.0
    },
    "model_total_params": {
      "mean": 1520861.0,
      "std": 0.0
    },
    "model_trainable_params": {
      "mean": 1520861.0,
      "std": 0.0
    },