{
  "model_name": "phase2_budget_recovery_mae",
  "architecture": "Audio Transformer Encoder + CTC",
  "adaptation_technique": "MAE pretrain -> CTC fine-tune",
  "runs": {
    "42": {
      "seed": 42.0,
      "wer": 1.0,
      "inference_runtime_sec": 34.28649878501892,
      "inference_samples_per_sec": 8.749799793820927,
      "inference_peak_gpu_mem_mb": 24.646484375,
      "blank_ratio": 0.5386092715231788,
      "empty_pred_ratio": 0.7833333333333333,
      "nonempty_pred_ratio": 0.21666666666666667,
      "invalid_length_ratio": 0.2633333333333333,
      "avg_out_length": 151.0,
      "avg_target_length": 115.85666666666667,
      "avg_length_margin": 35.14333333333333
    },
    "123": {
      "seed": 123.0,
      "wer": 1.0,
      "inference_runtime_sec": 34.2780978679657,
      "inference_samples_per_sec": 8.751944205176052,
      "inference_peak_gpu_mem_mb": 24.646484375,
      "blank_ratio": 0.428233995584989,
      "empty_pred_ratio": 0.9933333333333333,
      "nonempty_pred_ratio": 0.00666666666666671,
      "invalid_length_ratio": 0.2633333333333333,
      "avg_out_length": 151.0,
      "avg_target_length": 115.85666666666667,
      "avg_length_margin": 35.14333333333333
    }
  }
}