{
  "metrics": {
    "openslr/librispeech_asr:test.clean": {
      "seed": {
        "mean": 82.5,
        "std": 40.5
      },
      "wer": {
        "mean": 1.0,
        "std": 0.0
      },
      "inference_runtime_sec": {
        "mean": 34.28229832649231,
        "std": 0.004200458526611328
      },
      "inference_samples_per_sec": {
        "mean": 8.75087199949849,
        "std": 0.001072205677562721
      },
      "inference_peak_gpu_mem_mb": {
        "mean": 24.646484375,
        "std": 0.0
      },
      "model_total_params": {
        "mean": 1551581.0,
        "std": 0.0
      },
      "model_trainable_params": {
        "mean": 1551581.0,
        "std": 0.0
      },
      "blank_ratio": {
        "mean": 0.4834216335540839,
        "std": 0.05518763796909493
      },
      "empty_pred_ratio": {
        "mean": 0.8883333333333333,
        "std": 0.10499999999999998
      },
      "nonempty_pred_ratio": {
        "mean": 0.11166666666666669,
        "std": 0.10499999999999998
      },
      "exact_match_ratio": {
        "mean": 0.0,
        "std": 0.0
      },
      "avg_pred_chars": {
        "mean": 0.11166666666666666,
        "std": 0.105
      },
      "avg_ref_chars": {
        "mean": 95.43,
        "std": 0.0
      },
      "avg_out_length": {
        "mean": 151.0,
        "std": 0.0
      },
      "avg_target_length": {
        "mean": 115.85666666666667,
        "std": 0.0
      },
      "avg_length_margin": {
        "mean": 35.14333333333333,
        "std": 0.0
      },
      "invalid_length_ratio": {
        "mean": 0.2633333333333333,
        "std": 0.0
      }
    }
  }
}