{
  "experiment_id": "R1_VOX",
  "checkpoint_variant": "best",
  "datasets": {
    "facebook/voxpopuli:validation": {
      "456": {
        "wer": 1.0,
        "accuracy": 0.0028436018957346265,
        "eval_runtime_sec": 1.2719535827636719,
        "eval_samples_per_sec": 16.51003643888614,
        "eval_peak_gpu_mem_mb": 64.6513671875,
        "blank_ratio": 0.00358530026889752,
        "empty_pred_ratio": 1.0,
        "nonempty_pred_ratio": 0.0,
        "exact_match_ratio": 0.14285714285714285,
        "avg_pred_chars": 0.0,
        "avg_ref_chars": 42.666666666666664,
        "avg_out_length": 159.38095238095238,
        "pred_to_ref_char_ratio": 0.0,
        "short_pred_ratio": 1.0,
        "long_pred_ratio": 0.0,
        "length_deviation_ratio": 1.0,
        "adjacent_repeat_ratio": 0.0,
        "dominant_char_ratio": 0.0,
        "unique_char_ratio": 0.0,
        "collapsed_repeat_ratio": 0.0,
        "collapsed_dominant_char_ratio": 0.0,
        "collapsed_unique_char_ratio": 0.0,
        "collapse_compression_ratio": 122.23809523809524,
        "raw_blank_argmax_ratio": 0.010407895768981826,
        "raw_nonblank_argmax_ratio": 0.9895921042310183,
        "raw_unique_token_ratio": 0.01772029726610072,
        "raw_dominant_token_ratio": 0.9895921042310183,
        "raw_adjacent_repeat_ratio": 0.9855948188710434,
        "raw_token_switch_ratio": 0.014405181128956718,
        "avg_target_length": 50.23809523809524,
        "avg_length_margin": 109.14285714285714,
        "invalid_length_ratio": 0.0,
        "frame_blank_prob_mean": 0.055675684105719526,
        "frame_blank_prob_std": 0.05707005862531024,
        "frame_nonblank_prob_mean": 0.9443243167490827,
        "frame_nonblank_prob_std": 0.05707017585158238,
        "frame_entropy_mean": 2.063102925041023,
        "frame_entropy_std": 0.4705761911531238,
        "frame_top1_confidence_mean": 0.5400688819896651,
        "frame_top1_confidence_std": 0.14763476080467808,
        "frame_top1_margin_mean": 0.4673166158201447,
        "frame_top1_margin_std": 0.17651452917621704,
        "raw_top1_token_histogram": [
          {
            "token_id": 1,
            "token": " ",
            "count": 3335.0,
            "ratio": 0.9964146997311025
          },
          {
            "token_id": 0,
            "token": "<blank>",
            "count": 12.0,
            "ratio": 0.00358530026889752
          }
        ],
        "collapsed_token_histogram": [
          {
            "token_id": 1,
            "token": " ",
            "count": 29.0,
            "ratio": 1.0
          }
        ],
        "unique_sample_ids_seen": 21.0,
        "sample_coverage_ratio": 1.0,
        "sample_revisit_ratio": 0.0,
        "student_time_steps_mean": 0.0,
        "teacher_time_steps_mean": 0.0,
        "teacher_to_student_time_ratio_mean": 0.0,
        "alignment_interpolation_ratio_mean": 0.0,
        "student_frames_per_second_estimate": 0.0,
        "teacher_frames_per_second_estimate": 0.0,
        "teacher_student_valid_frame_overlap_ratio": 0.0,
        "teacher_student_alignment_stretch_mean": 0.0,
        "teacher_entropy_mean": 0.0,
        "teacher_entropy_std": 0.0,
        "teacher_top1_confidence_mean": 0.0,
        "teacher_top1_confidence_std": 0.0,
        "teacher_top1_margin_mean": 0.0,
        "teacher_top1_margin_std": 0.0,
        "teacher_blank_prob_mean": 0.0,
        "teacher_blank_prob_std": 0.0,
        "teacher_nonblank_prob_mean": 0.0,
        "teacher_nonblank_prob_std": 0.0,
        "teacher_student_argmax_agreement": 0.0,
        "teacher_student_topk_overlap_at1": 0.0,
        "teacher_student_topk_overlap_at3": 0.0,
        "teacher_student_feature_cosine_mean": 0.0,
        "teacher_student_feature_cosine_std": 0.0,
        "teacher_student_feature_mse_mean": 0.0,
        "teacher_student_feature_norm_ratio_mean": 0.0,
        "seed": 456.0,
        "dataset": "facebook/voxpopuli:validation",
        "eval_batch_size": 2.0,
        "inference_runtime_sec": 1.2719535827636719,
        "inference_samples_per_sec": 16.51003643888614,
        "inference_peak_gpu_mem_mb": 64.6513671875,
        "model_total_params": 1551581.0,
        "model_trainable_params": 1551581.0,
        "diagnostics_artifact": "results/experiments/R1_VOX/diagnostics/test_seed_456_best_facebook_voxpopuli_validation.json"
      },
      "789": {
        "wer": 1.0,
        "accuracy": 0.0028436018957346265,
        "eval_runtime_sec": 1.1572613716125488,
        "eval_samples_per_sec": 18.14628960676206,
        "eval_peak_gpu_mem_mb": 64.6513671875,
        "blank_ratio": 1.0,
        "empty_pred_ratio": 1.0,
        "nonempty_pred_ratio": 0.0,
        "exact_match_ratio": 0.14285714285714285,
        "avg_pred_chars": 0.0,
        "avg_ref_chars": 42.666666666666664,
        "avg_out_length": 159.38095238095238,
        "pred_to_ref_char_ratio": 0.0,
        "short_pred_ratio": 1.0,
        "long_pred_ratio": 0.0,
        "length_deviation_ratio": 1.0,
        "adjacent_repeat_ratio": 0.0,
        "dominant_char_ratio": 0.0,
        "unique_char_ratio": 0.0,
        "collapsed_repeat_ratio": 0.0,
        "collapsed_dominant_char_ratio": 0.0,
        "collapsed_unique_char_ratio": 0.0,
        "collapse_compression_ratio": 159.38095238095238,
        "raw_blank_argmax_ratio": 1.0,
        "raw_nonblank_argmax_ratio": 0.0,
        "raw_unique_token_ratio": 0.012228683045987383,
        "raw_dominant_token_ratio": 1.0,
        "raw_adjacent_repeat_ratio": 1.0,
        "raw_token_switch_ratio": 0.0,
        "avg_target_length": 50.23809523809524,
        "avg_length_margin": 109.14285714285714,
        "invalid_length_ratio": 0.0,
        "frame_blank_prob_mean": 0.7011467096233568,
        "frame_blank_prob_std": 0.07928803706644186,
        "frame_nonblank_prob_mean": 0.29885328097381914,
        "frame_nonblank_prob_std": 0.07928801680596662,
        "frame_entropy_mean": 1.5568439311542404,
        "frame_entropy_std": 0.3033153570145962,
        "frame_top1_confidence_mean": 0.7011467096233568,
        "frame_top1_confidence_std": 0.07928803706644186,
        "frame_top1_margin_mean": 0.6729501063766001,
        "frame_top1_margin_std": 0.08611778243202645,
        "raw_top1_token_histogram": [
          {
            "token_id": 0,
            "token": "<blank>",
            "count": 3347.0,
            "ratio": 1.0
          }
        ],
        "collapsed_token_histogram": [],
        "unique_sample_ids_seen": 21.0,
        "sample_coverage_ratio": 1.0,
        "sample_revisit_ratio": 0.0,
        "student_time_steps_mean": 0.0,
        "teacher_time_steps_mean": 0.0,
        "teacher_to_student_time_ratio_mean": 0.0,
        "alignment_interpolation_ratio_mean": 0.0,
        "student_frames_per_second_estimate": 0.0,
        "teacher_frames_per_second_estimate": 0.0,
        "teacher_student_valid_frame_overlap_ratio": 0.0,
        "teacher_student_alignment_stretch_mean": 0.0,
        "teacher_entropy_mean": 0.0,
        "teacher_entropy_std": 0.0,
        "teacher_top1_confidence_mean": 0.0,
        "teacher_top1_confidence_std": 0.0,
        "teacher_top1_margin_mean": 0.0,
        "teacher_top1_margin_std": 0.0,
        "teacher_blank_prob_mean": 0.0,
        "teacher_blank_prob_std": 0.0,
        "teacher_nonblank_prob_mean": 0.0,
        "teacher_nonblank_prob_std": 0.0,
        "teacher_student_argmax_agreement": 0.0,
        "teacher_student_topk_overlap_at1": 0.0,
        "teacher_student_topk_overlap_at3": 0.0,
        "teacher_student_feature_cosine_mean": 0.0,
        "teacher_student_feature_cosine_std": 0.0,
        "teacher_student_feature_mse_mean": 0.0,
        "teacher_student_feature_norm_ratio_mean": 0.0,
        "seed": 789.0,
        "dataset": "facebook/voxpopuli:validation",
        "eval_batch_size": 2.0,
        "inference_runtime_sec": 1.1572613716125488,
        "inference_samples_per_sec": 18.14628960676206,