{
  "metrics": {
    "facebook/voxpopuli:validation": {
      "wer": {
        "mean": 1.0,
        "std": 0.0
      },
      "accuracy": {
        "mean": 0.0028436018957346265,
        "std": 0.0
      },
      "eval_runtime_sec": {
        "mean": 1.149555778503418,
        "std": 0.07084402487735568
      },
      "eval_samples_per_sec": {
        "mean": 18.335770696596825,
        "std": 1.1035575519639444
      },
      "eval_peak_gpu_mem_mb": {
        "mean": 64.6513671875,
        "std": 0.0
      },
      "blank_ratio": {
        "mean": 0.8007170600537794,
        "std": 0.39856587989244113
      },
      "empty_pred_ratio": {
        "mean": 1.0,
        "std": 0.0
      },
      "nonempty_pred_ratio": {
        "mean": 0.0,
        "std": 0.0
      },
      "exact_match_ratio": {
        "mean": 0.14285714285714285,
        "std": 1.862645149230957e-09
      },
      "avg_pred_chars": {
        "mean": 0.0,
        "std": 0.0
      },
      "avg_ref_chars": {
        "mean": 42.666666666666664,
        "std": 4.76837158203125e-07
      },
      "avg_out_length": {
        "mean": 159.38095238095238,
        "std": 0.0
      },
      "pred_to_ref_char_ratio": {
        "mean": 0.0,
        "std": 0.0
      },
      "short_pred_ratio": {
        "mean": 1.0,
        "std": 0.0
      },
      "long_pred_ratio": {
        "mean": 0.0,
        "std": 0.0
      },
      "length_deviation_ratio": {
        "mean": 1.0,
        "std": 0.0
      },
      "adjacent_repeat_ratio": {
        "mean": 0.0,
        "std": 0.0
      },
      "dominant_char_ratio": {
        "mean": 0.0,
        "std": 0.0
      },
      "unique_char_ratio": {
        "mean": 0.0,
        "std": 0.0
      },
      "collapsed_repeat_ratio": {
        "mean": 0.0,
        "std": 0.0
      },
      "collapsed_dominant_char_ratio": {
        "mean": 0.0,
        "std": 0.0
      },
      "collapsed_unique_char_ratio": {
        "mean": 0.0,
        "std": 0.0
      },
      "collapse_compression_ratio": {
        "mean": 151.95238095238096,
        "std": 14.85714285714276
      },
      "raw_blank_argmax_ratio": {
        "mean": 0.8020815791537963,
        "std": 0.39583684169240735
      },
      "raw_nonblank_argmax_ratio": {
        "mean": 0.19791842084620365,
        "std": 0.39583684169240735
      },
      "raw_unique_token_ratio": {
        "mean": 0.013327005890010051,
        "std": 0.0021966456880453352
      },
      "raw_dominant_token_ratio": {
        "mean": 0.9979184208462037,
        "std": 0.004163158307592228
      },
      "raw_adjacent_repeat_ratio": {
        "mean": 0.9971189637742086,
        "std": 0.005762072451590006
      },
      "raw_token_switch_ratio": {
        "mean": 0.002881036225791344,
        "std": 0.005762072451582688
      },
      "avg_target_length": {
        "mean": 50.23809523809524,
        "std": 0.0
      },
      "avg_length_margin": {
        "mean": 109.14285714285715,
        "std": 0.0
      },
      "invalid_length_ratio": {
        "mean": 0.0,
        "std": 0.0
      },
      "frame_blank_prob_mean": {
        "mean": 0.5306573147484535,
        "std": 0.24429409076968733
      },
      "frame_blank_prob_std": {
        "mean": 0.08342641460273166,
        "std": 0.0291895942700396
      },
      "frame_nonblank_prob_mean": {
        "mean": 0.4693426893545971,
        "std": 0.2442940891076557
      },
      "frame_nonblank_prob_std": {
        "mean": 0.08342648848198138,
        "std": 0.02918952982145285
      },
      "frame_entropy_mean": {
        "mean": 1.8153100279576393,
        "std": 0.24134593096502807
      },
      "frame_entropy_std": {
        "mean": 0.3527256223327185,
        "std": 0.09389708903135234
      },
      "frame_top1_confidence_mean": {
        "mean": 0.6275359543252426,
        "std": 0.07204399772860955
      },
      "frame_top1_confidence_std": {
        "mean": 0.1015393550386052,
        "std": 0.0347787959356289
      },
      "frame_top1_margin_mean": {
        "mean": 0.5892949504641444,
        "std": 0.0874523625658954
      },
      "frame_top1_margin_std": {
        "mean": 0.11387684992671279,
        "std": 0.042551801720244926
      },
      "unique_sample_ids_seen": {
        "mean": 21.0,
        "std": 0.0
      },
      "sample_coverage_ratio": {
        "mean": 1.0,
        "std": 0.0
      },
      "sample_revisit_ratio": {
        "mean": 0.0,
        "std": 0.0
      },
      "student_time_steps_mean": {
        "mean": 0.0,
        "std": 0.0
      },
      "teacher_time_steps_mean": {
        "mean": 0.0,
        "std": 0.0
      },
      "teacher_to_student_time_ratio_mean": {
        "mean": 0.0,
        "std": 0.0
      },
      "alignment_interpolation_ratio_mean": {
        "mean": 0.0,
        "std": 0.0
      },
      "student_frames_per_second_estimate": {
        "mean": 0.0,
        "std": 0.0
      },
      "teacher_frames_per_second_estimate": {
        "mean": 0.0,
        "std": 0.0
      },
      "teacher_student_valid_frame_overlap_ratio": {
        "mean": 0.0,
        "std": 0.0
      },
      "teacher_student_alignment_stretch_mean": {
        "mean": 0.0,
        "std": 0.0
      },
      "teacher_entropy_mean": {
        "mean": 0.0,
        "std": 0.0
      },
      "teacher_entropy_std": {
        "mean": 0.0,
        "std": 0.0
      },
      "teacher_top1_confidence_mean": {
        "mean": 0.0,
        "std": 0.0
      },
      "teacher_top1_confidence_std": {
        "mean": 0.0,
        "std": 0.0
      },
      "teacher_top1_margin_mean": {
        "mean": 0.0,
        "std": 0.0
      },
      "teacher_top1_margin_std": {
        "mean": 0.0,
        "std": 0.0
      },
      "teacher_blank_prob_mean": {
        "mean": 0.0,
        "std": 0.0
      },
      "teacher_blank_prob_std": {
        "mean": 0.0,
        "std": 0.0
      },
      "teacher_nonblank_prob_mean": {
        "mean": 0.0,
        "std": 0.0
      },
      "teacher_nonblank_prob_std": {
        "mean": 0.0,
        "std": 0.0
      },
      "teacher_student_argmax_agreement": {
        "mean": 0.0,
        "std": 0.0
      },
      "teacher_student_topk_overlap_at1": {
        "mean": 0.0,
        "std": 0.0
      },
      "teacher_student_topk_overlap_at3": {
        "mean": 0.0,
        "std": 0.0
      },
      "teacher_student_feature_cosine_mean": {
        "mean": 0.0,
        "std": 0.0
      },
      "teacher_student_feature_cosine_std": {
        "mean": 0.0,
        "std": 0.0
      },
      "teacher_student_feature_mse_mean": {
        "mean": 0.0,
        "std": 0.0
      },
      "teacher_student_feature_norm_ratio_mean": {
        "mean": 0.0,
        "std": 0.0
      },
      "seed": {
        "mean": 486.8,
        "std": 377.1086845990158
      },
      "eval_batch_size": {
        "mean": 2.0,
        "std": 0.0
      },
      "inference_runtime_sec": {
        "mean": 1.149555778503418,
        "std": 0.07084402487735568
      },
      "inference_samples_per_sec": {
        "mean": 18.335770696596825,
        "std": 1.1035575519639444
      },
      "inference_peak_gpu_mem_mb": {
        "mean": 64.6513671875,
        "std": 0.0
      },
      "model_total_params": {
        "mean": 1551581.0,
        "std": 0.0
      },
      "model_trainable_params": {
        "mean": 1551581.0,
        "std": 0.0
      }
    }
  }
}