{
  "model_name": "phase7_hidden_states_patch2_kd_warmup_librispeech",
  "architecture": "Audio Transformer Encoder + CTC",
  "adaptation_technique": "CTC fine-tune + distillation (external:wav2vec2_ctc)",
  "runs": {
    "42": {
      "seed": 42.0,
      "wer": 1.0,
      "accuracy": 0.0027434132201459294,
      "eval_batch_size": 1.0,
      "inference_runtime_sec": 45.47015714645386,
      "inference_samples_per_sec": 6.641718853693306,
      "inference_peak_gpu_mem_mb": 580.40185546875,
      "model_total_params": 2854493.0,
      "model_trainable_params": 2854493.0,
      "blank_ratio": 0.9985741650223957,
      "empty_pred_ratio": 0.8708609271523179,
      "nonempty_pred_ratio": 0.1291390728476821,
      "pred_to_ref_char_ratio": 0.0034521717298518703,
      "short_pred_ratio": 0.9965478282701481,
      "invalid_length_ratio": 0.0,
      "avg_out_length": 229.91059602649005,
      "avg_target_length": 63.97019867549669,
      "avg_length_margin": 165.94039735099338,
      "checkpoint_variant": "final",
      "adjacent_repeat_ratio": 0.033112582781456956,
      "alignment_interpolation_ratio_mean": 1.0066038535957187,
      "avg_pred_chars": 0.18211920529801323,
      "avg_ref_chars": 52.75496688741722,
      "collapse_compression_ratio": 223.8424392935982,
      "collapsed_dominant_char_ratio": 0.1291390728476821,
      "collapsed_repeat_ratio": 0.033112582781456956,
      "collapsed_unique_char_ratio": 0.10982339955849892,
      "dominant_char_ratio": 0.1291390728476821,
      "eval_peak_gpu_mem_mb": 580.40185546875,
      "eval_runtime_sec": 45.47015714645386,
      "eval_samples_per_sec": 6.641718853693306,
      "exact_match_ratio": 0.0,
      "frame_blank_prob_mean": 0.7188312300920414,
      "frame_blank_prob_std": 0.15771296696104406,
      "frame_entropy_mean": 1.29281215374616,
      "frame_entropy_std": 0.5847786606269397,
      "frame_nonblank_prob_mean": 0.2811687700041048,
      "frame_nonblank_prob_std": 0.15771296792180187,
      "frame_top1_confidence_mean": 0.7189014766051902,
      "frame_top1_confidence_std": 0.15754341638897792,
      "frame_top1_margin_mean": 0.6605346721662191,
      "frame_top1_margin_std": 0.20145562559560493,
      "length_deviation_ratio": 0.9965478282701481,
      "long_pred_ratio": 0.0,
      "raw_adjacent_repeat_ratio": 0.9986581012791617,
      "raw_blank_argmax_ratio": 0.9987827701294018,
      "raw_dominant_token_ratio": 0.9987827701294018,
      "raw_nonblank_argmax_ratio": 0.0012172298705982346,
      "raw_token_switch_ratio": 0.0013418987208384716,
      "raw_unique_token_ratio": 0.0055913709328594755,
      "sample_coverage_ratio": 1.0,
      "sample_revisit_ratio": 0.0,
      "student_frames_per_second_estimate": 50.1627320656688,
      "student_time_steps_mean": 229.91059602649005,
      "teacher_blank_prob_mean": 0.5640958822518833,
      "teacher_blank_prob_std": 0.39857322192822436,
      "teacher_entropy_mean": 0.43338651048498944,
      "teacher_entropy_std": 0.36228771232752754,
      "teacher_frames_per_second_estimate": 49.83401793405695,
      "teacher_nonblank_prob_mean": 0.43590411549554814,
      "teacher_nonblank_prob_std": 0.39857322420223656,
      "teacher_student_alignment_stretch_mean": 1.0066038535957187,
      "teacher_student_argmax_agreement": 0.5566229314591045,
      "teacher_student_feature_cosine_mean": 0.5727249109137073,
      "teacher_student_feature_cosine_std": 0.21200979793407704,
      "teacher_student_feature_mse_mean": 0.07093495308151905,
      "teacher_student_feature_norm_ratio_mean": 0.8597635044430126,
      "teacher_student_topk_overlap_at1": 0.5566229314591045,
      "teacher_student_topk_overlap_at3": 0.5447697780594242,
      "teacher_student_valid_frame_overlap_ratio": 1.0,
      "teacher_time_steps_mean": 228.6291390728477,
      "teacher_to_student_time_ratio_mean": 0.9934544581065405,
      "teacher_top1_confidence_mean": 0.8293598216748815,
      "teacher_top1_confidence_std": 0.17574425265155863,
      "teacher_top1_margin_mean": 0.6855183120469758,
      "teacher_top1_margin_std": 0.32772030562605337,
      "unique_char_ratio": 0.10982339955849892,
      "unique_sample_ids_seen": 302.0
    },
    "123": {
      "seed": 123.0,
      "wer": 1.0,
      "accuracy": 0.0012423003261038401,
      "eval_batch_size": 1.0,
      "inference_runtime_sec": 46.9003381729126,
      "inference_samples_per_sec": 6.439185979567645,
      "inference_peak_gpu_mem_mb": 595.9052734375,
      "model_total_params": 2854493.0,
      "model_trainable_params": 2854493.0,
      "blank_ratio": 0.9995535264211542,
      "empty_pred_ratio": 0.9370860927152318,
      "nonempty_pred_ratio": 0.0629139072847682,
      "pred_to_ref_char_ratio": 0.001506402209389907,
      "short_pred_ratio": 0.9984935977906101,
      "invalid_length_ratio": 0.0,
      "avg_out_length": 229.91059602649005,
      "avg_target_length": 63.97019867549669,
      "avg_length_margin": 165.94039735099338,
      "checkpoint_variant": "final",
      "adjacent_repeat_ratio": 0.016556291390728478,
      "alignment_interpolation_ratio_mean": 1.0066038535957187,
      "avg_pred_chars": 0.07947019867549669,
      "avg_ref_chars": 52.75496688741722,
      "collapse_compression_ratio": 227.16887417218544,
      "collapsed_dominant_char_ratio": 0.06291390728476821,
      "collapsed_repeat_ratio": 0.016556291390728478,
      "collapsed_unique_char_ratio": 0.054635761589403975,
      "dominant_char_ratio": 0.06291390728476821,
      "eval_peak_gpu_mem_mb": 595.9052734375,
      "eval_runtime_sec": 46.9003381729126,
      "eval_samples_per_sec": 6.439185979567645,
      "exact_match_ratio": 0.0,
      "frame_blank_prob_mean": 0.7198799902140866,
      "frame_blank_prob_std": 0.1653667815404743,
      "frame_entropy_mean": 1.2628213526073473,
      "frame_entropy_std": 0.6263276971186544,
      "frame_nonblank_prob_mean": 0.28012000703887874,
      "frame_nonblank_prob_std": 0.16536677176228864,
      "frame_top1_confidence_mean": 0.7198920950776203,
      "frame_top1_confidence_std": 0.1653409171160104,
      "frame_top1_margin_mean": 0.6599106183394824,
      "frame_top1_margin_std": 0.20840912357557548,
      "length_deviation_ratio": 0.9984935977906101,
      "long_pred_ratio": 0.0,
      "raw_adjacent_repeat_ratio": 0.9994460878952206,
      "raw_blank_argmax_ratio": 0.9996547295809088,
      "raw_dominant_token_ratio": 0.9996547295809088,
      "raw_nonblank_argmax_ratio": 0.00034527041909092007,
      "raw_token_switch_ratio": 0.0005539121047795291,
      "raw_unique_token_ratio": 0.005317006286936005,
      "sample_coverage_ratio": 1.0,
      "sample_revisit_ratio": 0.0,
      "student_frames_per_second_estimate": 50.1627320656688,
      "student_time_steps_mean": 229.91059602649005,
      "teacher_blank_prob_mean": 0.5640958822518833,
      "teacher_blank_prob_std": 0.39857322192822436,
      "teacher_entropy_mean": 0.43338651048498944,
      "teacher_entropy_std": 0.36228771232752754,
      "teacher_frames_per_second_estimate": 49.83401793405695,
      "teacher_nonblank_prob_mean": 0.43590411549554814,
      "teacher_nonblank_prob_std": 0.39857322420223656,
      "teacher_student_alignment_stretch_mean": 1.0066038535957187,
      "teacher_student_argmax_agreement": 0.556579724338571,
      "teacher_student_feature_cosine_mean": 0.5652449674890504,
      "teacher_student_feature_cosine_std": 0.2154531163656111,
      "teacher_student_feature_mse_mean": 0.07290172683351893,
      "teacher_student_feature_norm_ratio_mean": 0.8832488513052263,
      "teacher_student_topk_overlap_at1": 0.556579724338571,
      "teacher_student_topk_overlap_at3": 0.5517933355416975,
      "teacher_student_valid_frame_overlap_ratio": 1.0,
      "teacher_time_steps_mean": 228.6291390728477,
      "teacher_to_student_time_ratio_mean": 0.9934544581065405,
      "teacher_top1_confidence_mean": 0.8293598216748815,
      "teacher_top1_confidence_std": 0.17574425265155863,
      "teacher_top1_margin_mean": 0.6855183120469758,