{
  "model_name": "phase7_hidden_states_patch2_kd_warmup_librispeech",
  "architecture": "Audio Transformer Encoder + CTC",
  "adaptation_technique": "CTC fine-tune + distillation (external:wav2vec2_ctc)",
  "runs": {
    "42": {
      "seed": 42.0,
      "wer": 1.0,
      "accuracy": 0.0048139137636523666,
      "eval_batch_size": 1.0,
      "inference_runtime_sec": 45.807788133621216,
      "inference_samples_per_sec": 6.592765385638501,
      "inference_peak_gpu_mem_mb": 543.77001953125,
      "model_total_params": 2854493.0,
      "model_trainable_params": 2854493.0,
      "blank_ratio": 0.9970043063096798,
      "empty_pred_ratio": 0.7880794701986755,
      "nonempty_pred_ratio": 0.21192052980132448,
      "pred_to_ref_char_ratio": 0.006025608837559628,
      "short_pred_ratio": 0.9939743911624404,
      "invalid_length_ratio": 0.0,
      "avg_out_length": 229.91059602649005,
      "avg_target_length": 63.97019867549669,
      "avg_length_margin": 165.94039735099338,
      "checkpoint_variant": "best",
      "adjacent_repeat_ratio": 0.06291390728476821,
      "alignment_interpolation_ratio_mean": 1.0066038535957187,
      "avg_pred_chars": 0.31788079470198677,
      "avg_ref_chars": 52.75496688741722,
      "collapse_compression_ratio": 218.26142384105958,
      "collapsed_dominant_char_ratio": 0.2119205298013245,
      "collapsed_repeat_ratio": 0.06291390728476821,
      "collapsed_unique_char_ratio": 0.17450331125827817,
      "dominant_char_ratio": 0.2119205298013245,
      "eval_peak_gpu_mem_mb": 543.77001953125,
      "eval_runtime_sec": 45.807788133621216,
      "eval_samples_per_sec": 6.592765385638501,
      "exact_match_ratio": 0.0,
      "frame_blank_prob_mean": 0.7177102318017186,
      "frame_blank_prob_std": 0.15406201808129416,
      "frame_entropy_mean": 1.3066530352239158,
      "frame_entropy_std": 0.5507520126459047,
      "frame_nonblank_prob_mean": 0.2822897667011476,
      "frame_nonblank_prob_std": 0.15406200872191889,
      "frame_top1_confidence_mean": 0.7178839672448429,
      "frame_top1_confidence_std": 0.15361836615723146,
      "frame_top1_margin_mean": 0.6608863207978453,
      "frame_top1_margin_std": 0.19833168327577436,
      "length_deviation_ratio": 0.9939743911624404,
      "long_pred_ratio": 0.0,
      "raw_adjacent_repeat_ratio": 0.9976917936989128,
      "raw_blank_argmax_ratio": 0.9974911232856466,
      "raw_dominant_token_ratio": 0.9974911232856466,
      "raw_nonblank_argmax_ratio": 0.002508876714352995,
      "raw_token_switch_ratio": 0.002308206301087333,
      "raw_unique_token_ratio": 0.0059025613065834485,
      "sample_coverage_ratio": 1.0,
      "sample_revisit_ratio": 0.0,
      "student_frames_per_second_estimate": 50.1627320656688,
      "student_time_steps_mean": 229.91059602649005,
      "teacher_blank_prob_mean": 0.5640958822518833,
      "teacher_blank_prob_std": 0.39857322192822436,
      "teacher_entropy_mean": 0.43338651048498944,
      "teacher_entropy_std": 0.36228771232752754,
      "teacher_frames_per_second_estimate": 49.83401793405695,
      "teacher_nonblank_prob_mean": 0.43590411549554814,
      "teacher_nonblank_prob_std": 0.39857322420223656,
      "teacher_student_alignment_stretch_mean": 1.0066038535957187,
      "teacher_student_argmax_agreement": 0.556493310097504,
      "teacher_student_feature_cosine_mean": 0.5717373881296692,
      "teacher_student_feature_cosine_std": 0.21130757963181154,
      "teacher_student_feature_mse_mean": 0.07086528925564467,
      "teacher_student_feature_norm_ratio_mean": 0.8516881078339601,
      "teacher_student_topk_overlap_at1": 0.556493310097504,
      "teacher_student_topk_overlap_at3": 0.5386583708995242,
      "teacher_student_valid_frame_overlap_ratio": 1.0,
      "teacher_time_steps_mean": 228.6291390728477,
      "teacher_to_student_time_ratio_mean": 0.9934544581065405,
      "teacher_top1_confidence_mean": 0.8293598216748815,
      "teacher_top1_confidence_std": 0.17574425265155863,
      "teacher_top1_margin_mean": 0.6855183120469758,
      "teacher_top1_margin_std": 0.32772030562605337,
      "unique_char_ratio": 0.17450331125827817,
      "unique_sample_ids_seen": 302.0
    },
    "123": {
      "seed": 123.0,
      "wer": 1.0,
      "accuracy": 0.000983487758165591,
      "eval_batch_size": 1.0,
      "inference_runtime_sec": 45.10328555107117,
      "inference_samples_per_sec": 6.695742811419816,
      "inference_peak_gpu_mem_mb": 562.3984375,
      "model_total_params": 2854493.0,
      "model_trainable_params": 2854493.0,
      "blank_ratio": 0.9996687454092434,
      "empty_pred_ratio": 0.9437086092715232,
      "nonempty_pred_ratio": 0.056291390728476776,
      "pred_to_ref_char_ratio": 0.0011925684157670098,
      "short_pred_ratio": 0.998807431584233,
      "invalid_length_ratio": 0.0,
      "avg_out_length": 229.91059602649005,
      "avg_target_length": 63.97019867549669,
      "avg_length_margin": 165.94039735099338,
      "checkpoint_variant": "best",
      "adjacent_repeat_ratio": 0.006622516556291391,
      "alignment_interpolation_ratio_mean": 1.0066038535957187,
      "avg_pred_chars": 0.06291390728476821,
      "avg_ref_chars": 52.75496688741722,
      "collapse_compression_ratio": 228.72350993377484,
      "collapsed_dominant_char_ratio": 0.056291390728476824,
      "collapsed_repeat_ratio": 0.006622516556291391,
      "collapsed_unique_char_ratio": 0.052980132450331126,
      "dominant_char_ratio": 0.056291390728476824,
      "eval_peak_gpu_mem_mb": 562.3984375,
      "eval_runtime_sec": 45.10328555107117,
      "eval_samples_per_sec": 6.695742811419816,
      "exact_match_ratio": 0.0,
      "frame_blank_prob_mean": 0.7212792983408177,
      "frame_blank_prob_std": 0.1646692235058773,
      "frame_entropy_mean": 1.259457290678203,
      "frame_entropy_std": 0.6253769506226179,
      "frame_nonblank_prob_mean": 0.27872070338981414,
      "frame_nonblank_prob_std": 0.16466923923973437,
      "frame_top1_confidence_mean": 0.7212876003193354,
      "frame_top1_confidence_std": 0.16465144248962252,
      "frame_top1_margin_mean": 0.6619715796167603,
      "frame_top1_margin_std": 0.2070783910091796,
      "length_deviation_ratio": 0.998807431584233,
      "long_pred_ratio": 0.0,
      "raw_adjacent_repeat_ratio": 0.9995463423199423,
      "raw_blank_argmax_ratio": 0.999734455336929,
      "raw_dominant_token_ratio": 0.999734455336929,
      "raw_nonblank_argmax_ratio": 0.00026554466307088833,
      "raw_token_switch_ratio": 0.00045365768005763976,
      "raw_unique_token_ratio": 0.005298955151150225,
      "sample_coverage_ratio": 1.0,
      "sample_revisit_ratio": 0.0,
      "student_frames_per_second_estimate": 50.1627320656688,
      "student_time_steps_mean": 229.91059602649005,
      "teacher_blank_prob_mean": 0.5640958822518833,
      "teacher_blank_prob_std": 0.39857322192822436,
      "teacher_entropy_mean": 0.43338651048498944,
      "teacher_entropy_std": 0.36228771232752754,
      "teacher_frames_per_second_estimate": 49.83401793405695,
      "teacher_nonblank_prob_mean": 0.43590411549554814,
      "teacher_nonblank_prob_std": 0.39857322420223656,
      "teacher_student_alignment_stretch_mean": 1.0066038535957187,
      "teacher_student_argmax_agreement": 0.556579724338571,
      "teacher_student_feature_cosine_mean": 0.5651421762509586,
      "teacher_student_feature_cosine_std": 0.2150340500971086,
      "teacher_student_feature_mse_mean": 0.07283339507912916,
      "teacher_student_feature_norm_ratio_mean": 0.8816436573747354,
      "teacher_student_topk_overlap_at1": 0.556579724338571,
      "teacher_student_topk_overlap_at3": 0.5506603488254868,
      "teacher_student_valid_frame_overlap_ratio": 1.0,
      "teacher_time_steps_mean": 228.6291390728477,
      "teacher_to_student_time_ratio_mean": 0.9934544581065405,
      "teacher_top1_confidence_mean": 0.8293598216748815,
      "teacher_top1_confidence_std": 0.17574425265155863,
      "teacher_top1_margin_mean": 0.6855183120469758,