{
  "metrics": {
    "openslr/librispeech_asr:test.clean": {
      "seed": {
        "mean": 82.5,
        "std": 40.5
      },
      "wer": {
        "mean": 1.0,
        "std": 0.0
      },
      "inference_runtime_sec": {
        "mean": 34.51751434803009,
        "std": 1.7313345670700073
      },
      "inference_samples_per_sec": {
        "mean": 8.713160875723675,
        "std": 0.4370360061411347
      },
      "inference_peak_gpu_mem_mb": {
        "mean": 14.1923828125,
        "std": 0.0
      },
      "model_total_params": {
        "mean": 310173.0,
        "std": 0.0
      },
      "model_trainable_params": {
        "mean": 310173.0,
        "std": 0.0
      }
    }
  }
}