{
  "experiment_id": "P7C05",
  "checkpoint_variant": "best",
  "datasets": {
    "openslr/librispeech_asr:test.clean": {
      "42": {
        "seed": 42.0,
        "dataset": "openslr/librispeech_asr:test.clean",
        "wer": 1.0,
        "accuracy": 0.03976356797420744,
        "eval_batch_size": 1.0,
        "inference_runtime_sec": 10.080004930496216,
        "inference_samples_per_sec": 10.813486774220673,
        "inference_peak_gpu_mem_mb": 44.8984375,
        "model_total_params": 2839133.0,
        "model_trainable_params": 2839133.0,
        "blank_ratio": 0.19802933530185832,
        "empty_pred_ratio": 0.0,
        "nonempty_pred_ratio": 1.0,
        "exact_match_ratio": 0.0,
        "avg_pred_chars": 3.2477064220183487,
        "avg_ref_chars": 28.44954128440367,
        "avg_out_length": 285.8440366972477,
        "pred_to_ref_char_ratio": 0.11415672363753629,
        "short_pred_ratio": 0.8858432763624637,
        "long_pred_ratio": 0.0,
        "length_deviation_ratio": 0.8858432763624637,
        "adjacent_repeat_ratio": 0.7706422018348624,
        "dominant_char_ratio": 1.0,
        "avg_target_length": 34.14678899082569,
        "avg_length_margin": 251.69724770642202,
        "invalid_length_ratio": 0.0,
        "diagnostics_artifact": "results/phase7/experiments/P7C05/diagnostics/test_seed_42_best_openslr_librispeech_asr_test.clean.json"
      },
      "123": {
        "seed": 123.0,
        "dataset": "openslr/librispeech_asr:test.clean",
        "wer": 1.0095890760421753,
        "accuracy": 0.10236432025792586,
        "eval_batch_size": 1.0,
        "inference_runtime_sec": 9.782742738723755,
        "inference_samples_per_sec": 11.142069551572407,
        "inference_peak_gpu_mem_mb": 44.8984375,
        "model_total_params": 2839133.0,
        "model_trainable_params": 2839133.0,
        "blank_ratio": 0.0,
        "empty_pred_ratio": 0.0,
        "nonempty_pred_ratio": 1.0,
        "exact_match_ratio": 0.0,
        "avg_pred_chars": 2.55045871559633,
        "avg_ref_chars": 28.44954128440367,
        "avg_out_length": 285.8440366972477,
        "pred_to_ref_char_ratio": 0.08964850048371492,
        "short_pred_ratio": 0.9103514995162851,
        "long_pred_ratio": 0.0,
        "length_deviation_ratio": 0.9103514995162851,
        "adjacent_repeat_ratio": 0.6880733944954128,
        "dominant_char_ratio": 1.0,
        "avg_target_length": 34.14678899082569,
        "avg_length_margin": 251.69724770642202,
        "invalid_length_ratio": 0.0,
        "diagnostics_artifact": "results/phase7/experiments/P7C05/diagnostics/test_seed_123_best_openslr_librispeech_asr_test.clean.json"
      }
    }
  }
}