{
  "metrics": {
    "openslr/librispeech_asr:test.clean": {
      "seed": {
        "mean": 82.5,
        "std": 40.5
      },
      "wer": {
        "mean": 1.0047945380210876,
        "std": 0.0047945380210876465
      },
      "accuracy": {
        "mean": 0.07106394411606665,
        "std": 0.03130037614185921
      },
      "eval_batch_size": {
        "mean": 1.0,
        "std": 0.0
      },
      "inference_runtime_sec": {
        "mean": 9.931373834609985,
        "std": 0.14863109588623047
      },
      "inference_samples_per_sec": {
        "mean": 10.97777816289654,
        "std": 0.164291388675867
      },
      "inference_peak_gpu_mem_mb": {
        "mean": 44.8984375,
        "std": 0.0
      },
      "model_total_params": {
        "mean": 2839133.0,
        "std": 0.0
      },
      "model_trainable_params": {
        "mean": 2839133.0,
        "std": 0.0
      },
      "blank_ratio": {
        "mean": 0.09901466765092916,
        "std": 0.09901466765092916
      },
      "empty_pred_ratio": {
        "mean": 0.0,
        "std": 0.0
      },
      "nonempty_pred_ratio": {
        "mean": 1.0,
        "std": 0.0
      },
      "exact_match_ratio": {
        "mean": 0.0,
        "std": 0.0
      },
      "avg_pred_chars": {
        "mean": 2.8990825688073394,
        "std": 0.3486238532110093
      },
      "avg_ref_chars": {
        "mean": 28.44954128440367,
        "std": 0.0
      },
      "avg_out_length": {
        "mean": 285.8440366972477,
        "std": 0.0
      },
      "pred_to_ref_char_ratio": {
        "mean": 0.1019026120606256,
        "std": 0.012254111576910684
      },
      "short_pred_ratio": {
        "mean": 0.8980973879393744,
        "std": 0.012254111576910698
      },
      "long_pred_ratio": {
        "mean": 0.0,
        "std": 0.0
      },
      "length_deviation_ratio": {
        "mean": 0.8980973879393744,
        "std": 0.012254111576910698
      },
      "adjacent_repeat_ratio": {
        "mean": 0.7293577981651376,
        "std": 0.0412844036697248
      },
      "dominant_char_ratio": {
        "mean": 1.0,
        "std": 0.0
      },
      "avg_target_length": {
        "mean": 34.14678899082569,
        "std": 0.0
      },
      "avg_length_margin": {
        "mean": 251.69724770642202,
        "std": 0.0
      },
      "invalid_length_ratio": {
        "mean": 0.0,
        "std": 0.0
      }
    }
  }
}