{
  "metrics": {
    "openslr/librispeech_asr:test.clean": {
      "seed": {
        "mean": 82.5,
        "std": 40.5
      },
      "wer": {
        "mean": 1.0,
        "std": 0.0
      },
      "accuracy": {
        "mean": 0.05386888769478776,
        "std": 0.010075228371843103
      },
      "eval_batch_size": {
        "mean": 1.0,
        "std": 0.0
      },
      "inference_runtime_sec": {
        "mean": 11.845394372940063,
        "std": 0.641448974609375
      },
      "inference_samples_per_sec": {
        "mean": 9.228951747949068,
        "std": 0.4997639967956591
      },
      "inference_peak_gpu_mem_mb": {
        "mean": 43.767578125,
        "std": 0.0
      },
      "model_total_params": {
        "mean": 2690909.0,
        "std": 0.0
      },
      "model_trainable_params": {
        "mean": 2690909.0,
        "std": 0.0
      },
      "blank_ratio": {
        "mean": 0.25180537278942133,
        "std": 0.038145521070706415
      },
      "empty_pred_ratio": {
        "mean": 0.0,
        "std": 0.0
      },
      "nonempty_pred_ratio": {
        "mean": 1.0,
        "std": 0.0
      },
      "exact_match_ratio": {
        "mean": 0.0,
        "std": 0.0
      },
      "avg_pred_chars": {
        "mean": 3.591743119266055,
        "std": 0.8119266055045873
      },
      "avg_ref_chars": {
        "mean": 28.44954128440367,
        "std": 0.0
      },
      "avg_out_length": {
        "mean": 285.8440366972477,
        "std": 0.0
      },
      "pred_to_ref_char_ratio": {
        "mean": 0.12624959690422444,
        "std": 0.02853918090938408
      },
      "short_pred_ratio": {
        "mean": 0.8737504030957756,
        "std": 0.02853918090938412
      },
      "avg_target_length": {
        "mean": 34.14678899082569,
        "std": 0.0
      },
      "avg_length_margin": {
        "mean": 251.69724770642202,
        "std": 0.0
      },
      "invalid_length_ratio": {
        "mean": 0.0,
        "std": 0.0
      }
    }
  }
}