{
  "model_name": "phase7_logits_anti_overemit_librispeech",
  "architecture": "Audio Transformer Encoder + CTC",
  "adaptation_technique": "CTC fine-tune + distillation (external:wav2vec2_ctc)",
  "runs": {
    "42": {
      "seed": 42.0,
      "wer": 1.0,
      "accuracy": 0.0,
      "eval_batch_size": 1.0,
      "inference_runtime_sec": 12.314656257629395,
      "inference_samples_per_sec": 8.851241782122045,
      "inference_peak_gpu_mem_mb": 43.767578125,
      "model_total_params": 2690909.0,
      "model_trainable_params": 2690909.0,
      "blank_ratio": 1.0,
      "empty_pred_ratio": 1.0,
      "nonempty_pred_ratio": 0.0,
      "pred_to_ref_char_ratio": 0.0,
      "short_pred_ratio": 1.0,
      "invalid_length_ratio": 0.0,
      "avg_out_length": 285.8440366972477,
      "avg_target_length": 34.14678899082569,
      "avg_length_margin": 251.69724770642202,
      "checkpoint_variant": "final"
    },
    "123": {
      "seed": 123.0,
      "wer": 1.0,
      "accuracy": 0.06340677055346589,
      "eval_batch_size": 1.0,
      "inference_runtime_sec": 13.08608078956604,
      "inference_samples_per_sec": 8.329461032130357,
      "inference_peak_gpu_mem_mb": 43.767578125,
      "model_total_params": 2690909.0,
      "model_trainable_params": 2690909.0,
      "blank_ratio": 0.2816060596334692,
      "empty_pred_ratio": 0.0,
      "nonempty_pred_ratio": 1.0,
      "pred_to_ref_char_ratio": 0.09190583682683007,
      "short_pred_ratio": 0.9080941631731699,
      "invalid_length_ratio": 0.0,
      "avg_out_length": 285.8440366972477,
      "avg_target_length": 34.14678899082569,
      "avg_length_margin": 251.69724770642202,
      "checkpoint_variant": "final"
    }
  },
  "metrics": {
    "seed": {
      "mean": 82.5,
      "std": 40.5
    },
    "wer": {
      "mean": 1.0,
      "std": 0.0
    },
    "accuracy": {
      "mean": 0.03170338527673294,
      "std": 0.03170338527673294
    },
    "eval_batch_size": {
      "mean": 1.0,
      "std": 0.0
    },
    "inference_runtime_sec": {
      "mean": 12.700368523597717,
      "std": 0.38571226596832275
    },
    "inference_samples_per_sec": {
      "mean": 8.590351407126201,
      "std": 0.260890374995844
    },
    "inference_peak_gpu_mem_mb": {
      "mean": 43.767578125,
      "std": 0.0
    },
    "model_total_params": {
      "mean": 2690909.0,
      "std": 0.0
    },
    "model_trainable_params": {
      "mean": 2690909.0,
      "std": 0.0
    },
    "blank_ratio": {
      "mean": 0.6408030298167346,
      "std": 0.3591969701832654
    },
    "empty_pred_ratio": {
      "mean": 0.5,
      "std": 0.5
    },
    "nonempty_pred_ratio": {
      "mean": 0.5,
      "std": 0.5
    },
    "pred_to_ref_char_ratio": {
      "mean": 0.045952918413415034,
      "std": 0.045952918413415034
    },
    "short_pred_ratio": {
      "mean": 0.9540470815865849,
      "std": 0.045952918413415034
    },
    "invalid_length_ratio": {
      "mean": 0.0,
      "std": 0.0
    },
    "avg_out_length": {
      "mean": 285.8440366972477,
      "std": 0.0
    },
    "avg_target_length": {
      "mean": 34.14678899082569,
      "std": 0.0
    },
    "avg_length_margin": {
      "mean": 251.69724770642202,
      "std": 0.0
    }
  }
}