{
  "metrics": {
    "openslr/librispeech_asr:test.clean": {
      "seed": {
        "mean": 82.5,
        "std": 40.5
      },
      "wer": {
        "mean": 1.0,
        "std": 0.0
      },
      "accuracy": {
        "mean": 0.03170338527673294,
        "std": 0.03170338527673294
      },
      "eval_batch_size": {
        "mean": 1.0,
        "std": 0.0
      },
      "inference_runtime_sec": {
        "mean": 12.700368523597717,
        "std": 0.38571226596832275
      },
      "inference_samples_per_sec": {
        "mean": 8.590351407126201,
        "std": 0.260890374995844
      },
      "inference_peak_gpu_mem_mb": {
        "mean": 43.767578125,
        "std": 0.0
      },
      "model_total_params": {
        "mean": 2690909.0,
        "std": 0.0
      },
      "model_trainable_params": {
        "mean": 2690909.0,
        "std": 0.0
      },
      "blank_ratio": {
        "mean": 0.6408030298167346,
        "std": 0.3591969701832654
      },
      "empty_pred_ratio": {
        "mean": 0.5,
        "std": 0.5
      },
      "nonempty_pred_ratio": {
        "mean": 0.5,
        "std": 0.5
      },
      "exact_match_ratio": {
        "mean": 0.0,
        "std": 0.0
      },
      "avg_pred_chars": {
        "mean": 1.3073394495412844,
        "std": 1.3073394495412844
      },
      "avg_ref_chars": {
        "mean": 28.44954128440367,
        "std": 0.0
      },
      "avg_out_length": {
        "mean": 285.8440366972477,
        "std": 0.0
      },
      "pred_to_ref_char_ratio": {
        "mean": 0.045952918413415034,
        "std": 0.045952918413415034
      },
      "short_pred_ratio": {
        "mean": 0.9540470815865849,
        "std": 0.045952918413415034
      },
      "avg_target_length": {
        "mean": 34.14678899082569,
        "std": 0.0
      },
      "avg_length_margin": {
        "mean": 251.69724770642202,
        "std": 0.0
      },
      "invalid_length_ratio": {
        "mean": 0.0,
        "std": 0.0
      }
    }
  }
}