{
  "experiment_id": "P7C02",
  "checkpoint_variant": "best",
  "datasets": {
    "openslr/librispeech_asr:test.clean": {
      "42": {
        "seed": 42.0,
        "dataset": "openslr/librispeech_asr:test.clean",
        "wer": 1.0,
        "accuracy": 0.043793659322944656,
        "eval_batch_size": 1.0,
        "inference_runtime_sec": 11.203945398330688,
        "inference_samples_per_sec": 9.728715744744727,
        "inference_peak_gpu_mem_mb": 43.767578125,
        "model_total_params": 2690909.0,
        "model_trainable_params": 2690909.0,
        "blank_ratio": 0.28995089386012773,
        "empty_pred_ratio": 0.0,
        "nonempty_pred_ratio": 1.0,
        "exact_match_ratio": 0.0,
        "avg_pred_chars": 4.4036697247706424,
        "avg_ref_chars": 28.44954128440367,
        "avg_out_length": 285.8440366972477,
        "pred_to_ref_char_ratio": 0.15478877781360853,
        "short_pred_ratio": 0.8452112221863914,
        "avg_target_length": 34.14678899082569,
        "avg_length_margin": 251.69724770642202,
        "invalid_length_ratio": 0.0,
        "diagnostics_artifact": "results/phase7/experiments/P7C02/diagnostics/test_seed_42_best_openslr_librispeech_asr_test.clean.json"
      },
      "123": {
        "seed": 123.0,
        "dataset": "openslr/librispeech_asr:test.clean",
        "wer": 1.0,
        "accuracy": 0.06394411606663086,
        "eval_batch_size": 1.0,
        "inference_runtime_sec": 12.486843347549438,
        "inference_samples_per_sec": 8.72918775115341,
        "inference_peak_gpu_mem_mb": 43.767578125,
        "model_total_params": 2690909.0,
        "model_trainable_params": 2690909.0,
        "blank_ratio": 0.2136598517187149,
        "empty_pred_ratio": 0.0,
        "nonempty_pred_ratio": 1.0,
        "exact_match_ratio": 0.0,
        "avg_pred_chars": 2.779816513761468,
        "avg_ref_chars": 28.44954128440367,
        "avg_out_length": 285.8440366972477,
        "pred_to_ref_char_ratio": 0.09771041599484037,
        "short_pred_ratio": 0.9022895840051597,
        "avg_target_length": 34.14678899082569,
        "avg_length_margin": 251.69724770642202,
        "invalid_length_ratio": 0.0,
        "diagnostics_artifact": "results/phase7/experiments/P7C02/diagnostics/test_seed_123_best_openslr_librispeech_asr_test.clean.json"
      }
    }
  }
}