{
  "metrics": {
    "openslr/librispeech_asr:test.clean": {
      "wer": {
        "mean": 1.0046641826629639,
        "std": 0.004664182662963867
      },
      "accuracy": {
        "mean": 0.11967329545454541,
        "std": 0.051136363636363646
      },
      "eval_runtime_sec": {
        "mean": 2.7553741931915283,
        "std": 0.0036029815673828125
      },
      "eval_samples_per_sec": {
        "mean": 21.04980852179873,
        "std": 0.02752514423935004
      },
      "eval_peak_gpu_mem_mb": {
        "mean": 34.349609375,
        "std": 0.0
      },
      "blank_ratio": {
        "mean": 0.5054207042118393,
        "std": 0.11800825098340212
      },
      "empty_pred_ratio": {
        "mean": 0.0,
        "std": 0.0
      },
      "nonempty_pred_ratio": {
        "mean": 1.0,
        "std": 0.0
      },
      "exact_match_ratio": {
        "mean": 0.0,
        "std": 0.0
      },
      "avg_pred_chars": {
        "mean": 19.310344827586206,
        "std": 8.706896551724137
      },
      "avg_ref_chars": {
        "mean": 40.310344827586206,
        "std": 0.0
      },
      "avg_out_length": {
        "mean": 179.70689655172413,
        "std": 0.0
      },
      "pred_to_ref_char_ratio": {
        "mean": 0.47904191616766467,
        "std": 0.21599657827202734
      },
      "short_pred_ratio": {
        "mean": 0.5209580838323353,
        "std": 0.21599657827202734
      },
      "long_pred_ratio": {
        "mean": 0.0,
        "std": 0.0
      },
      "length_deviation_ratio": {
        "mean": 0.5209580838323353,
        "std": 0.21599657827202734
      },
      "adjacent_repeat_ratio": {
        "mean": 0.28334780781516555,
        "std": 0.02257047484994107
      },
      "dominant_char_ratio": {
        "mean": 0.48761271429056946,
        "std": 0.03961945020023577
      },
      "unique_char_ratio": {
        "mean": 0.29549514003180194,
        "std": 0.15203632213615
      },
      "collapsed_repeat_ratio": {
        "mean": 0.28334780781516555,
        "std": 0.02257047484994107
      },
      "collapsed_dominant_char_ratio": {
        "mean": 0.48761271429056946,
        "std": 0.03961945020023577
      },
      "collapsed_unique_char_ratio": {
        "mean": 0.29549514003180194,
        "std": 0.15203632213615
      },
      "collapse_compression_ratio": {
        "mean": 8.090768835355568,
        "std": 1.4978192914759108
      },
      "raw_blank_argmax_ratio": {
        "mean": 0.5007949174690769,
        "std": 0.12248397008826276
      },
      "raw_nonblank_argmax_ratio": {
        "mean": 0.49920508253092294,
        "std": 0.12248397008826267
      },
      "raw_unique_token_ratio": {
        "mean": 0.03257866133145581,
        "std": 0.004229302860829497
      },
      "raw_dominant_token_ratio": {
        "mean": 0.5283647108261545,
        "std": 0.09491417673118507
      },
      "raw_adjacent_repeat_ratio": {
        "mean": 0.8016263617818853,
        "std": 0.04034750692934008
      },
      "raw_token_switch_ratio": {
        "mean": 0.19837363821811466,
        "std": 0.04034750692934001
      },
      "avg_target_length": {
        "mean": 48.55172413793103,
        "std": 0.0
      },
      "avg_length_margin": {
        "mean": 131.1551724137931,
        "std": 0.0
      },
      "invalid_length_ratio": {
        "mean": 0.0,
        "std": 0.0
      },
      "frame_blank_prob_mean": {
        "mean": 0.15769429661131268,
        "std": 0.053355654061646926
      },
      "frame_blank_prob_std": {
        "mean": 0.09658061032047614,
        "std": 0.07008565639433179
      },
      "frame_nonblank_prob_mean": {
        "mean": 0.8423057035716816,
        "std": 0.05335565131673381
      },
      "frame_nonblank_prob_std": {
        "mean": 0.09658063179146607,
        "std": 0.070085645218766
      },
      "frame_entropy_mean": {
        "mean": 3.0250776668410606,
        "std": 0.11172003710806333
      },
      "frame_entropy_std": {
        "mean": 0.15502427556533546,
        "std": 0.10925653618537198
      },
      "frame_top1_confidence_mean": {
        "mean": 0.18393824080593763,
        "std": 0.06451862869182177
      },
      "frame_top1_confidence_std": {
        "mean": 0.07339442694845552,
        "std": 0.05001216622742988
      },
      "frame_top1_margin_mean": {
        "mean": 0.10032205955430709,
        "std": 0.08052518563799879
      },
      "frame_top1_margin_std": {
        "mean": 0.07537329440401401,
        "std": 0.0588575153391785
      },
      "unique_sample_ids_seen": {
        "mean": 58.0,
        "std": 0.0
      },
      "sample_coverage_ratio": {
        "mean": 1.0,
        "std": 0.0
      },
      "sample_revisit_ratio": {
        "mean": 0.0,
        "std": 0.0
      },
      "student_time_steps_mean": {
        "mean": 0.0,
        "std": 0.0
      },
      "teacher_time_steps_mean": {
        "mean": 0.0,
        "std": 0.0
      },
      "teacher_to_student_time_ratio_mean": {
        "mean": 0.0,
        "std": 0.0
      },
      "alignment_interpolation_ratio_mean": {
        "mean": 0.0,
        "std": 0.0
      },
      "student_frames_per_second_estimate": {
        "mean": 0.0,
        "std": 0.0
      },
      "teacher_frames_per_second_estimate": {
        "mean": 0.0,
        "std": 0.0
      },
      "teacher_student_valid_frame_overlap_ratio": {
        "mean": 0.0,
        "std": 0.0
      },
      "teacher_student_alignment_stretch_mean": {
        "mean": 0.0,
        "std": 0.0
      },
      "teacher_entropy_mean": {
        "mean": 0.0,
        "std": 0.0
      },
      "teacher_entropy_std": {
        "mean": 0.0,
        "std": 0.0
      },
      "teacher_top1_confidence_mean": {
        "mean": 0.0,
        "std": 0.0
      },
      "teacher_top1_confidence_std": {
        "mean": 0.0,
        "std": 0.0
      },
      "teacher_top1_margin_mean": {
        "mean": 0.0,
        "std": 0.0
      },
      "teacher_top1_margin_std": {
        "mean": 0.0,
        "std": 0.0
      },
      "teacher_blank_prob_mean": {
        "mean": 0.0,
        "std": 0.0
      },
      "teacher_blank_prob_std": {
        "mean": 0.0,
        "std": 0.0
      },
      "teacher_nonblank_prob_mean": {
        "mean": 0.0,
        "std": 0.0
      },
      "teacher_nonblank_prob_std": {
        "mean": 0.0,
        "std": 0.0
      },
      "teacher_student_argmax_agreement": {
        "mean": 0.0,
        "std": 0.0
      },
      "teacher_student_topk_overlap_at1": {
        "mean": 0.0,
        "std": 0.0
      },
      "teacher_student_topk_overlap_at3": {
        "mean": 0.0,
        "std": 0.0
      },
      "teacher_student_feature_cosine_mean": {
        "mean": 0.0,
        "std": 0.0
      },
      "teacher_student_feature_cosine_std": {
        "mean": 0.0,
        "std": 0.0
      },
      "teacher_student_feature_mse_mean": {
        "mean": 0.0,
        "std": 0.0
      },
      "teacher_student_feature_norm_ratio_mean": {
        "mean": 0.0,
        "std": 0.0
      },
      "seed": {
        "mean": 82.5,
        "std": 40.5
      },
      "eval_batch_size": {
        "mean": 2.0,
        "std": 0.0
      },
      "inference_runtime_sec": {
        "mean": 2.7553741931915283,
        "std": 0.0036029815673828125
      },
      "inference_samples_per_sec": {
        "mean": 21.04980852179873,
        "std": 0.02752514423935004
      },
      "inference_peak_gpu_mem_mb": {
        "mean": 34.349609375,
        "std": 0.0
      },
      "model_total_params": {
        "mean": 1520861.0,
        "std": 0.0
      },
      "model_trainable_params": {
        "mean": 1520861.0,
        "std": 0.0
      }
    }
  }
}