{
  "metrics": {
    "openslr/librispeech_asr:test.clean": {
      "seed": {
        "mean": 82.5,
        "std": 40.5
      },
      "wer": {
        "mean": 1.0,
        "std": 0.0
      },
      "accuracy": {
        "mean": 0.002575020859107491,
        "std": 0.002575020859107491
      },
      "inference_runtime_sec": {
        "mean": 37.241602420806885,
        "std": 0.8223519325256348
      },
      "inference_samples_per_sec": {
        "mean": 8.059437032007853,
        "std": 0.17796478098475754
      },
      "inference_peak_gpu_mem_mb": {
        "mean": 218.4951171875,
        "std": 0.0
      },
      "model_total_params": {
        "mean": 1520861.0,
        "std": 0.0
      },
      "model_trainable_params": {
        "mean": 1520861.0,
        "std": 0.0
      },
      "blank_ratio": {
        "mean": 0.998546896769837,
        "std": 0.0012992452410869326
      },
      "empty_pred_ratio": {
        "mean": 0.8983333333333333,
        "std": 0.10166666666666668
      },
      "nonempty_pred_ratio": {
        "mean": 0.10166666666666668,
        "std": 0.10166666666666668
      },
      "exact_match_ratio": {
        "mean": 0.0,
        "std": 0.0
      },
      "avg_pred_chars": {
        "mean": 0.3016666666666667,
        "std": 0.3016666666666667
      },
      "avg_ref_chars": {
        "mean": 95.43,
        "std": 0.0
      },
      "avg_out_length": {
        "mean": 389.97,
        "std": 0.0
      },
      "avg_target_length": {
        "mean": 115.85666666666667,
        "std": 0.0
      },
      "avg_length_margin": {
        "mean": 274.11333333333334,
        "std": 0.0
      },
      "invalid_length_ratio": {
        "mean": 0.0,
        "std": 0.0
      }
    }
  }
}