{
  "model_name": "phase7_hidden_states_distill_librispeech",
  "architecture": "Audio Transformer Encoder + CTC",
  "adaptation_technique": "CTC fine-tune + distillation (external:wav2vec2_ctc)",
  "runs": {
    "42": {
      "seed": 42.0,
      "wer": 1.0,
      "accuracy": 0.03949489521762495,
      "eval_batch_size": 1.0,
      "inference_runtime_sec": 9.756227493286133,
      "inference_samples_per_sec": 11.172351205935868,
      "inference_peak_gpu_mem_mb": 44.8984375,
      "model_total_params": 2839133.0,
      "model_trainable_params": 2839133.0,
      "blank_ratio": 0.25021664473473054,
      "empty_pred_ratio": 0.0,
      "nonempty_pred_ratio": 1.0,
      "pred_to_ref_char_ratio": 0.09351821992905515,
      "short_pred_ratio": 0.9064817800709448,
      "invalid_length_ratio": 0.0,
      "avg_out_length": 285.8440366972477,
      "avg_target_length": 34.14678899082569,
      "avg_length_margin": 251.69724770642202,
      "checkpoint_variant": "final"
    },
    "123": {
      "seed": 123.0,
      "wer": 1.0,
      "accuracy": 0.05883933369156369,
      "eval_batch_size": 1.0,
      "inference_runtime_sec": 10.24216628074646,
      "inference_samples_per_sec": 10.642279866604154,
      "inference_peak_gpu_mem_mb": 44.8984375,
      "model_total_params": 2839133.0,
      "model_trainable_params": 2839133.0,
      "blank_ratio": 0.1840356902140771,
      "empty_pred_ratio": 0.0,
      "nonempty_pred_ratio": 1.0,
      "pred_to_ref_char_ratio": 0.090938406965495,
      "short_pred_ratio": 0.909061593034505,
      "invalid_length_ratio": 0.0,
      "avg_out_length": 285.8440366972477,
      "avg_target_length": 34.14678899082569,
      "avg_length_margin": 251.69724770642202,
      "checkpoint_variant": "final"
    }
  },
  "metrics": {
    "seed": {
      "mean": 82.5,
      "std": 40.5
    },
    "wer": {
      "mean": 1.0,
      "std": 0.0
    },
    "accuracy": {
      "mean": 0.04916711445459432,
      "std": 0.00967221923696937
    },
    "eval_batch_size": {
      "mean": 1.0,
      "std": 0.0
    },
    "inference_runtime_sec": {
      "mean": 9.999196887016296,
      "std": 0.24296939373016357
    },
    "inference_samples_per_sec": {
      "mean": 10.907315536270012,
      "std": 0.2650356696658571
    },
    "inference_peak_gpu_mem_mb": {
      "mean": 44.8984375,
      "std": 0.0
    },
    "model_total_params": {
      "mean": 2839133.0,
      "std": 0.0
    },
    "model_trainable_params": {
      "mean": 2839133.0,
      "std": 0.0
    },
    "blank_ratio": {
      "mean": 0.21712616747440383,
      "std": 0.033090477260326726
    },
    "empty_pred_ratio": {
      "mean": 0.0,
      "std": 0.0
    },
    "nonempty_pred_ratio": {
      "mean": 1.0,
      "std": 0.0
    },
    "pred_to_ref_char_ratio": {
      "mean": 0.09222831344727508,
      "std": 0.0012899064817800746
    },
    "short_pred_ratio": {
      "mean": 0.9077716865527249,
      "std": 0.0012899064817800676
    },
    "invalid_length_ratio": {
      "mean": 0.0,
      "std": 0.0
    },
    "avg_out_length": {
      "mean": 285.8440366972477,
      "std": 0.0
    },
    "avg_target_length": {
      "mean": 34.14678899082569,
      "std": 0.0
    },
    "avg_length_margin": {
      "mean": 251.69724770642202,
      "std": 0.0
    }
  }
}