{
  "experiment_id": "P7C01",
  "checkpoint_variant": "best",
  "datasets": {
    "openslr/librispeech_asr:test.clean": {
      "42": {
        "seed": 42.0,
        "dataset": "openslr/librispeech_asr:test.clean",
        "wer": 1.0,
        "accuracy": 0.03976356797420744,
        "eval_batch_size": 1.0,
        "inference_runtime_sec": 9.539601564407349,
        "inference_samples_per_sec": 11.42605372604696,
        "inference_peak_gpu_mem_mb": 44.8984375,
        "model_total_params": 2839133.0,
        "model_trainable_params": 2839133.0,
        "blank_ratio": 0.19870334114324228,
        "empty_pred_ratio": 0.0,
        "nonempty_pred_ratio": 1.0,
        "exact_match_ratio": 0.0,
        "avg_pred_chars": 3.238532110091743,
        "avg_ref_chars": 28.44954128440367,
        "avg_out_length": 285.8440366972477,
        "pred_to_ref_char_ratio": 0.11383424701709126,
        "short_pred_ratio": 0.8861657529829088,
        "avg_target_length": 34.14678899082569,
        "avg_length_margin": 251.69724770642202,
        "invalid_length_ratio": 0.0,
        "diagnostics_artifact": "results/phase7/experiments/P7C01/diagnostics/test_seed_42_best_openslr_librispeech_asr_test.clean.json"
      },
      "123": {
        "seed": 123.0,
        "dataset": "openslr/librispeech_asr:test.clean",
        "wer": 1.0109589099884033,
        "accuracy": 0.10290166577109083,
        "eval_batch_size": 1.0,
        "inference_runtime_sec": 9.332770347595215,
        "inference_samples_per_sec": 11.679275921333064,
        "inference_peak_gpu_mem_mb": 44.8984375,
        "model_total_params": 2839133.0,
        "model_trainable_params": 2839133.0,
        "blank_ratio": 3.2095516256378986e-05,
        "empty_pred_ratio": 0.0,
        "nonempty_pred_ratio": 1.0,
        "exact_match_ratio": 0.0,
        "avg_pred_chars": 2.5779816513761467,
        "avg_ref_chars": 28.44954128440367,
        "avg_out_length": 285.8440366972477,
        "pred_to_ref_char_ratio": 0.09061593034504999,
        "short_pred_ratio": 0.90938406965495,
        "avg_target_length": 34.14678899082569,
        "avg_length_margin": 251.69724770642202,
        "invalid_length_ratio": 0.0,
        "diagnostics_artifact": "results/phase7/experiments/P7C01/diagnostics/test_seed_123_best_openslr_librispeech_asr_test.clean.json"
      }
    }
  }
}