{
  "model_name": "phase7_hidden_states_distill_librispeech",
  "architecture": "Audio Transformer Encoder + CTC",
  "adaptation_technique": "CTC fine-tune + distillation (external:wav2vec2_ctc)",
  "runs": {
    "42": {
      "seed": 42.0,
      "wer": 1.0,
      "accuracy": 0.03976356797420744,
      "eval_batch_size": 1.0,
      "inference_runtime_sec": 9.539601564407349,
      "inference_samples_per_sec": 11.42605372604696,
      "inference_peak_gpu_mem_mb": 44.8984375,
      "model_total_params": 2839133.0,
      "model_trainable_params": 2839133.0,
      "blank_ratio": 0.19870334114324228,
      "empty_pred_ratio": 0.0,
      "nonempty_pred_ratio": 1.0,
      "pred_to_ref_char_ratio": 0.11383424701709126,
      "short_pred_ratio": 0.8861657529829088,
      "invalid_length_ratio": 0.0,
      "avg_out_length": 285.8440366972477,
      "avg_target_length": 34.14678899082569,
      "avg_length_margin": 251.69724770642202,
      "checkpoint_variant": "best"
    },
    "123": {
      "seed": 123.0,
      "wer": 1.0109589099884033,
      "accuracy": 0.10290166577109083,
      "eval_batch_size": 1.0,
      "inference_runtime_sec": 9.332770347595215,
      "inference_samples_per_sec": 11.679275921333064,
      "inference_peak_gpu_mem_mb": 44.8984375,
      "model_total_params": 2839133.0,
      "model_trainable_params": 2839133.0,
      "blank_ratio": 3.2095516256378986e-05,
      "empty_pred_ratio": 0.0,
      "nonempty_pred_ratio": 1.0,
      "pred_to_ref_char_ratio": 0.09061593034504999,
      "short_pred_ratio": 0.90938406965495,
      "invalid_length_ratio": 0.0,
      "avg_out_length": 285.8440366972477,
      "avg_target_length": 34.14678899082569,
      "avg_length_margin": 251.69724770642202,
      "checkpoint_variant": "best"
    }
  }
}