{
  "model_name": "phase7_hidden_states_distill_librispeech_forensics",
  "architecture": "Audio Transformer Encoder + CTC",
  "adaptation_technique": "CTC fine-tune + distillation (external:wav2vec2_ctc)",
  "runs": {
    "42": {
      "seed": 42.0,
      "wer": 1.0,
      "accuracy": 0.03949489521762495,
      "eval_batch_size": 1.0,
      "inference_runtime_sec": 15.638352394104004,
      "inference_samples_per_sec": 6.970043726671318,
      "inference_peak_gpu_mem_mb": 510.28076171875,
      "model_total_params": 2839133.0,
      "model_trainable_params": 2839133.0,
      "blank_ratio": 0.25018454921847416,
      "empty_pred_ratio": 0.0,
      "nonempty_pred_ratio": 1.0,
      "pred_to_ref_char_ratio": 0.09384069654950017,
      "short_pred_ratio": 0.9061593034504998,
      "invalid_length_ratio": 0.0,
      "avg_out_length": 285.8440366972477,
      "avg_target_length": 34.14678899082569,
      "avg_length_margin": 251.69724770642202,
      "checkpoint_variant": "final",
      "adjacent_repeat_ratio": 0.6513761467889908,
      "alignment_interpolation_ratio_mean": 2.015173828362879,
      "avg_pred_chars": 2.669724770642202,
      "avg_ref_chars": 28.44954128440367,
      "collapse_compression_ratio": 154.2285740762805,
      "collapsed_dominant_char_ratio": 1.0,
      "collapsed_repeat_ratio": 0.6513761467889908,
      "collapsed_unique_char_ratio": 0.5716655413903122,
      "dominant_char_ratio": 1.0,
      "eval_peak_gpu_mem_mb": 510.28076171875,
      "eval_runtime_sec": 15.638352394104004,
      "eval_samples_per_sec": 6.970043726671318,
      "exact_match_ratio": 0.0,
      "frame_blank_prob_mean": 0.132532973855291,
      "frame_blank_prob_std": 0.21447842179668927,
      "frame_entropy_mean": 0.935621385316922,
      "frame_entropy_std": 0.7697690335149369,
      "frame_nonblank_prob_mean": 0.8674670311033135,
      "frame_nonblank_prob_std": 0.21447840224089573,
      "frame_top1_confidence_mean": 0.7842567993089622,
      "frame_top1_confidence_std": 0.19332870462104618,
      "frame_top1_margin_mean": 0.70864430190732,
      "frame_top1_margin_std": 0.21321987347710245,
      "length_deviation_ratio": 0.9061593034504998,
      "long_pred_ratio": 0.0,
      "raw_adjacent_repeat_ratio": 0.9827747698708837,
      "raw_blank_argmax_ratio": 0.2494706452937181,
      "raw_dominant_token_ratio": 0.7505293547062818,
      "raw_nonblank_argmax_ratio": 0.7505293547062818,
      "raw_token_switch_ratio": 0.017225230129116916,
      "raw_unique_token_ratio": 0.007367652547033878,
      "sample_coverage_ratio": 1.0,
      "sample_revisit_ratio": 0.0,
      "student_frames_per_second_estimate": 100.27110290043434,
      "student_time_steps_mean": 285.8440366972477,
      "teacher_blank_prob_mean": 0.6139679709275742,
      "teacher_blank_prob_std": 0.4029780592867628,
      "teacher_entropy_mean": 0.37520617424349395,
      "teacher_entropy_std": 0.35066008886792704,
      "teacher_frames_per_second_estimate": 49.75846835762668,
      "teacher_nonblank_prob_mean": 0.3860320294397298,
      "teacher_nonblank_prob_std": 0.40297805301032336,
      "teacher_student_alignment_stretch_mean": 2.015173828362879,
      "teacher_student_argmax_agreement": 0.25413229771800877,
      "teacher_student_feature_cosine_mean": 0.3902212993191958,
      "teacher_student_feature_cosine_std": 0.13872710308604766,
      "teacher_student_feature_mse_mean": 0.11162959823414952,
      "teacher_student_feature_norm_ratio_mean": 0.9175413824510493,
      "teacher_student_topk_overlap_at1": 0.25413229771800877,
      "teacher_student_topk_overlap_at3": 0.31592686501695727,
      "teacher_student_valid_frame_overlap_ratio": 1.0,
      "teacher_time_steps_mean": 141.90825688073394,
      "teacher_to_student_time_ratio_mean": 0.4962410469348962,
      "teacher_top1_confidence_mean": 0.8570142483288078,
      "teacher_top1_confidence_std": 0.17141997706292617,
      "teacher_top1_margin_mean": 0.7374884325675084,
      "teacher_top1_margin_std": 0.32194449487448623,
      "unique_char_ratio": 0.5716655413903122,
      "unique_sample_ids_seen": 109.0
    },
    "123": {
      "seed": 123.0,
      "wer": 1.0,
      "accuracy": 0.05883933369156369,
      "eval_batch_size": 1.0,
      "inference_runtime_sec": 15.758232831954956,
      "inference_samples_per_sec": 6.917019259860595,
      "inference_peak_gpu_mem_mb": 527.15771484375,
      "model_total_params": 2839133.0,
      "model_trainable_params": 2839133.0,
      "blank_ratio": 0.1840035946978207,
      "empty_pred_ratio": 0.0,
      "nonempty_pred_ratio": 1.0,
      "pred_to_ref_char_ratio": 0.09061593034504999,
      "short_pred_ratio": 0.90938406965495,
      "invalid_length_ratio": 0.0,
      "avg_out_length": 285.8440366972477,
      "avg_target_length": 34.14678899082569,
      "avg_length_margin": 251.69724770642202,
      "checkpoint_variant": "final",
      "adjacent_repeat_ratio": 0.7155963302752294,
      "alignment_interpolation_ratio_mean": 2.015173828362879,
      "avg_pred_chars": 2.5779816513761467,
      "avg_ref_chars": 28.44954128440367,
      "collapse_compression_ratio": 150.8647696340357,
      "collapsed_dominant_char_ratio": 1.0,
      "collapsed_repeat_ratio": 0.7155963302752294,
      "collapsed_unique_char_ratio": 0.5550598738672137,
      "dominant_char_ratio": 1.0,
      "eval_peak_gpu_mem_mb": 527.15771484375,
      "eval_runtime_sec": 15.758232831954956,
      "eval_samples_per_sec": 6.917019259860595,
      "exact_match_ratio": 0.0,
      "frame_blank_prob_mean": 0.08051518288641842,
      "frame_blank_prob_std": 0.15490971034767373,
      "frame_entropy_mean": 0.6441123637460708,
      "frame_entropy_std": 0.9527945111796274,
      "frame_nonblank_prob_mean": 0.9194848204193179,
      "frame_nonblank_prob_std": 0.15490966452065497,
      "frame_top1_confidence_mean": 0.8481139982451056,
      "frame_top1_confidence_std": 0.24861762728984507,
      "frame_top1_margin_mean": 0.8183755647823547,
      "frame_top1_margin_std": 0.30028179789042464,
      "length_deviation_ratio": 0.90938406965495,
      "long_pred_ratio": 0.0,
      "raw_adjacent_repeat_ratio": 0.9835470897458225,
      "raw_blank_argmax_ratio": 0.1858882542199115,
      "raw_dominant_token_ratio": 0.8140794418648541,
      "raw_nonblank_argmax_ratio": 0.8141117457800886,
      "raw_token_switch_ratio": 0.016452910254178086,
      "raw_unique_token_ratio": 0.007399956462268406,
      "sample_coverage_ratio": 1.0,
      "sample_revisit_ratio": 0.0,
      "student_frames_per_second_estimate": 100.27110290043434,
      "student_time_steps_mean": 285.8440366972477,
      "teacher_blank_prob_mean": 0.6139679709275742,
      "teacher_blank_prob_std": 0.4029780592867628,
      "teacher_entropy_mean": 0.37520617424349395,
      "teacher_entropy_std": 0.35066008886792704,
      "teacher_frames_per_second_estimate": 49.75846835762668,
      "teacher_nonblank_prob_mean": 0.3860320294397298,
      "teacher_nonblank_prob_std": 0.40297805301032336,
      "teacher_student_alignment_stretch_mean": 2.015173828362879,
      "teacher_student_argmax_agreement": 0.2127290817472799,
      "teacher_student_feature_cosine_mean": 0.38856153013418715,
      "teacher_student_feature_cosine_std": 0.13693262125680156,
      "teacher_student_feature_mse_mean": 0.11436533451187453,
      "teacher_student_feature_norm_ratio_mean": 0.9356426105927177,
      "teacher_student_topk_overlap_at1": 0.2127290817472799,
      "teacher_student_topk_overlap_at3": 0.306704753345958,
      "teacher_student_valid_frame_overlap_ratio": 1.0,
      "teacher_time_steps_mean": 141.90825688073394,
      "teacher_to_student_time_ratio_mean": 0.4962410469348962,
      "teacher_top1_confidence_mean": 0.8570142483288078,
      "teacher_top1_confidence_std": 0.17141997706292617,
      "teacher_top1_margin_mean": 0.7374884325675084,
      "teacher_top1_margin_std": 0.32194449487448623,
      "unique_char_ratio": 0.5550598738672137,
      "unique_sample_ids_seen": 109.0
    }
  }
}