{
  "experiment_id": "P7F01",
  "checkpoint_variant": "best",
  "datasets": {
    "openslr/librispeech_asr:test.clean": {
      "42": {
        "wer": 1.0,
        "accuracy": 0.03976356797420744,
        "eval_runtime_sec": 14.094189405441284,
        "eval_samples_per_sec": 7.7336834964002135,
        "eval_peak_gpu_mem_mb": 473.6474609375,
        "blank_ratio": 0.19870334114324228,
        "empty_pred_ratio": 0.0,
        "nonempty_pred_ratio": 1.0,
        "exact_match_ratio": 0.0,
        "avg_pred_chars": 3.238532110091743,
        "avg_ref_chars": 28.44954128440367,
        "avg_out_length": 285.8440366972477,
        "pred_to_ref_char_ratio": 0.11383424701709126,
        "short_pred_ratio": 0.8861657529829088,
        "long_pred_ratio": 0.0,
        "length_deviation_ratio": 0.8861657529829088,
        "adjacent_repeat_ratio": 0.7706422018348624,
        "dominant_char_ratio": 1.0,
        "unique_char_ratio": 0.47701997289153286,
        "collapsed_repeat_ratio": 0.7706422018348624,
        "collapsed_dominant_char_ratio": 1.0,
        "collapsed_unique_char_ratio": 0.47701997289153286,
        "collapse_compression_ratio": 129.62541110775058,
        "raw_blank_argmax_ratio": 0.20059555419057973,
        "raw_nonblank_argmax_ratio": 0.7994044458094203,
        "raw_unique_token_ratio": 0.007367652547033878,
        "raw_dominant_token_ratio": 0.7994044458094203,
        "raw_adjacent_repeat_ratio": 0.9790104501237381,
        "raw_token_switch_ratio": 0.020989549876262066,
        "avg_target_length": 34.14678899082569,
        "avg_length_margin": 251.69724770642202,
        "invalid_length_ratio": 0.0,
        "frame_blank_prob_mean": 0.09170682245773579,
        "frame_blank_prob_std": 0.1604301966556776,
        "frame_nonblank_prob_mean": 0.9082931801133924,
        "frame_nonblank_prob_std": 0.16043017942787477,
        "frame_entropy_mean": 1.0156673991290268,
        "frame_entropy_std": 0.7757438957229555,
        "frame_top1_confidence_mean": 0.7480679215211657,
        "frame_top1_confidence_std": 0.20835779218481737,
        "frame_top1_margin_mean": 0.6437642978727349,
        "frame_top1_margin_std": 0.22734017127914447,
        "raw_top1_token_histogram": [
          {
            "token_id": 19,
            "token": "r",
            "count": 24966.0,
            "ratio": 0.8012966588567577
          },
          {
            "token_id": 0,
            "token": "<blank>",
            "count": 6191.0,
            "ratio": 0.19870334114324228
          }
        ],
        "collapsed_token_histogram": [
          {
            "token_id": 19,
            "token": "r",
            "count": 353.0,
            "ratio": 1.0
          }
        ],
        "unique_sample_ids_seen": 109.0,
        "sample_coverage_ratio": 1.0,
        "sample_revisit_ratio": 0.0,
        "student_time_steps_mean": 285.8440366972477,
        "teacher_time_steps_mean": 141.90825688073394,
        "teacher_to_student_time_ratio_mean": 0.4962410469348962,
        "alignment_interpolation_ratio_mean": 2.015173828362879,
        "student_frames_per_second_estimate": 100.27110290043434,
        "teacher_frames_per_second_estimate": 49.75846835762668,
        "teacher_student_valid_frame_overlap_ratio": 1.0,
        "teacher_student_alignment_stretch_mean": 2.015173828362879,
        "teacher_entropy_mean": 0.37520617424349395,
        "teacher_entropy_std": 0.35066008886792704,
        "teacher_top1_confidence_mean": 0.8570142483288078,
        "teacher_top1_confidence_std": 0.17141997706292617,
        "teacher_top1_margin_mean": 0.7374884325675084,
        "teacher_top1_margin_std": 0.32194449487448623,
        "teacher_blank_prob_mean": 0.6139679709275742,
        "teacher_blank_prob_std": 0.4029780592867628,
        "teacher_nonblank_prob_mean": 0.3860320294397298,
        "teacher_nonblank_prob_std": 0.40297805301032336,
        "teacher_student_argmax_agreement": 0.21391661584876592,
        "teacher_student_topk_overlap_at1": 0.21391661584876592,
        "teacher_student_topk_overlap_at3": 0.3019225214237575,
        "teacher_student_feature_cosine_mean": 0.33652130894863425,
        "teacher_student_feature_cosine_std": 0.12398414493910494,
        "teacher_student_feature_mse_mean": 0.12869579084885918,
        "teacher_student_feature_norm_ratio_mean": 0.9823882279915027,
        "seed": 42.0,
        "dataset": "openslr/librispeech_asr:test.clean",
        "eval_batch_size": 1.0,
        "inference_runtime_sec": 14.094189405441284,
        "inference_samples_per_sec": 7.7336834964002135,
        "inference_peak_gpu_mem_mb": 473.6474609375,
        "model_total_params": 2839133.0,
        "model_trainable_params": 2839133.0,
        "diagnostics_artifact": "results/phase7/experiments/P7F01/diagnostics/test_seed_42_best_openslr_librispeech_asr_test.clean.json"
      },
      "123": {
        "wer": 1.0109589099884033,
        "accuracy": 0.10290166577109083,
        "eval_runtime_sec": 15.646918773651123,
        "eval_samples_per_sec": 6.96622776514647,
        "eval_peak_gpu_mem_mb": 492.27734375,
        "blank_ratio": 3.2095516256378986e-05,
        "empty_pred_ratio": 0.0,
        "nonempty_pred_ratio": 1.0,
        "exact_match_ratio": 0.0,
        "avg_pred_chars": 2.5779816513761467,
        "avg_ref_chars": 28.44954128440367,
        "avg_out_length": 285.8440366972477,
        "pred_to_ref_char_ratio": 0.09061593034504999,
        "short_pred_ratio": 0.90938406965495,
        "long_pred_ratio": 0.0,
        "length_deviation_ratio": 0.90938406965495,
        "adjacent_repeat_ratio": 0.7064220183486238,
        "dominant_char_ratio": 1.0,
        "unique_char_ratio": 0.5444298820445612,
        "collapsed_repeat_ratio": 0.7064220183486238,
        "collapsed_dominant_char_ratio": 1.0,
        "collapsed_unique_char_ratio": 0.5444298820445612,
        "collapse_compression_ratio": 71.41583230734607,
        "raw_blank_argmax_ratio": 3.0079711234772145e-05,
        "raw_nonblank_argmax_ratio": 0.9999699202887652,
        "raw_unique_token_ratio": 0.007397732258268652,
        "raw_dominant_token_ratio": 0.8996088803489684,
        "raw_adjacent_repeat_ratio": 0.9846210466201397,
        "raw_token_switch_ratio": 0.015378953379860788,
        "avg_target_length": 34.14678899082569,
        "avg_length_margin": 251.69724770642202,
        "invalid_length_ratio": 0.0,
        "frame_blank_prob_mean": 0.01580658159318117,
        "frame_blank_prob_std": 0.03167982551328603,
        "frame_nonblank_prob_mean": 0.9841934161494295,
        "frame_nonblank_prob_std": 0.031679908347092396,
        "frame_entropy_mean": 0.6287876678514791,
        "frame_entropy_std": 0.9551679255065496,
        "frame_top1_confidence_mean": 0.8509781153635093,
        "frame_top1_confidence_std": 0.2666356447210295,
        "frame_top1_margin_mean": 0.8268313933907935,
        "frame_top1_margin_std": 0.31087414004421676,
        "raw_top1_token_histogram": [
          {
            "token_id": 6,
            "token": "e",
            "count": 28126.0,
            "ratio": 0.9027184902269153
          },
          {
            "token_id": 1,
            "token": " ",
            "count": 3030.0,
            "ratio": 0.09724941425682831
          },
          {
            "token_id": 0,
            "token": "<blank>",
            "count": 1.0,
            "ratio": 3.2095516256378986e-05
          }
        ],
        "collapsed_token_histogram": [
          {
            "token_id": 1,
            "token": " ",
            "count": 303.0,
            "ratio": 0.5188356164383562
          },
          {
            "token_id": 6,
            "token": "e",
            "count": 281.0,
            "ratio": 0.4811643835616438
          }
        ],
        "unique_sample_ids_seen": 109.0,
        "sample_coverage_ratio": 1.0,
        "sample_revisit_ratio": 0.0,
        "student_time_steps_mean": 285.8440366972477,