{
  "metrics": {
    "openslr/librispeech_asr:test.clean": {
      "wer": {
        "mean": 1.0,
        "std": 0.0
      },
      "accuracy": {
        "mean": 0.04916711445459432,
        "std": 0.00967221923696937
      },
      "eval_runtime_sec": {
        "mean": 15.69829261302948,
        "std": 0.059940218925476074
      },
      "eval_samples_per_sec": {
        "mean": 6.943531493265956,
        "std": 0.026512233405361574
      },
      "eval_peak_gpu_mem_mb": {
        "mean": 518.71923828125,
        "std": 8.4384765625
      },
      "blank_ratio": {
        "mean": 0.21709407195814745,
        "std": 0.033090477260326726
      },
      "empty_pred_ratio": {
        "mean": 0.0,
        "std": 0.0
      },
      "nonempty_pred_ratio": {
        "mean": 1.0,
        "std": 0.0
      },
      "exact_match_ratio": {
        "mean": 0.0,
        "std": 0.0
      },
      "avg_pred_chars": {
        "mean": 2.623853211009174,
        "std": 0.04587155963302769
      },
      "avg_ref_chars": {
        "mean": 28.44954128440367,
        "std": 0.0
      },
      "avg_out_length": {
        "mean": 285.8440366972477,
        "std": 0.0
      },
      "pred_to_ref_char_ratio": {
        "mean": 0.09222831344727508,
        "std": 0.0016123831022250915
      },
      "short_pred_ratio": {
        "mean": 0.9077716865527249,
        "std": 0.0016123831022251123
      },
      "long_pred_ratio": {
        "mean": 0.0,
        "std": 0.0
      },
      "length_deviation_ratio": {
        "mean": 0.9077716865527249,
        "std": 0.0016123831022251123
      },
      "adjacent_repeat_ratio": {
        "mean": 0.6834862385321101,
        "std": 0.032110091743119296
      },
      "dominant_char_ratio": {
        "mean": 1.0,
        "std": 0.0
      },
      "unique_char_ratio": {
        "mean": 0.563362707628763,
        "std": 0.008302833761549278
      },
      "collapsed_repeat_ratio": {
        "mean": 0.6834862385321101,
        "std": 0.032110091743119296
      },
      "collapsed_dominant_char_ratio": {
        "mean": 1.0,
        "std": 0.0
      },
      "collapsed_unique_char_ratio": {
        "mean": 0.563362707628763,
        "std": 0.008302833761549278
      },
      "collapse_compression_ratio": {
        "mean": 152.54667185515808,
        "std": 1.6819022211223995
      },
      "raw_blank_argmax_ratio": {
        "mean": 0.2176794497568148,
        "std": 0.031791195536903294
      },
      "raw_nonblank_argmax_ratio": {
        "mean": 0.7823205502431851,
        "std": 0.031791195536903405
      },
      "raw_unique_token_ratio": {
        "mean": 0.007383804504651142,
        "std": 1.615195761726397e-05
      },
      "raw_dominant_token_ratio": {
        "mean": 0.782304398285568,
        "std": 0.03177504357928618
      },
      "raw_adjacent_repeat_ratio": {
        "mean": 0.9831609298083531,
        "std": 0.00038615993746937693
      },
      "raw_token_switch_ratio": {
        "mean": 0.0168390701916475,
        "std": 0.0003861599374694151
      },
      "avg_target_length": {
        "mean": 34.14678899082569,
        "std": 0.0
      },
      "avg_length_margin": {
        "mean": 251.69724770642202,
        "std": 0.0
      },
      "invalid_length_ratio": {
        "mean": 0.0,
        "std": 0.0
      },
      "frame_blank_prob_mean": {
        "mean": 0.1065240783708547,
        "std": 0.026008895484436294
      },
      "frame_blank_prob_std": {
        "mean": 0.1846940660721815,
        "std": 0.02978435572450777
      },
      "frame_nonblank_prob_mean": {
        "mean": 0.8934759257613156,
        "std": 0.026008894658002213
      },
      "frame_nonblank_prob_std": {
        "mean": 0.18469403338077534,
        "std": 0.029784368860120383
      },
      "frame_entropy_mean": {
        "mean": 0.7898668745314964,
        "std": 0.14575451078542556
      },
      "frame_entropy_std": {
        "mean": 0.8612817723472821,
        "std": 0.09151273883234529
      },
      "frame_top1_confidence_mean": {
        "mean": 0.8161853987770339,
        "std": 0.031928599468071694
      },
      "frame_top1_confidence_std": {
        "mean": 0.22097316595544564,
        "std": 0.027644461334399448
      },
      "frame_top1_margin_mean": {
        "mean": 0.7635099333448374,
        "std": 0.05486563143751738
      },
      "frame_top1_margin_std": {
        "mean": 0.25675083568376356,
        "std": 0.0435309622066611
      },
      "unique_sample_ids_seen": {
        "mean": 109.0,
        "std": 0.0
      },
      "sample_coverage_ratio": {
        "mean": 1.0,
        "std": 0.0
      },
      "sample_revisit_ratio": {
        "mean": 0.0,
        "std": 0.0
      },
      "student_time_steps_mean": {
        "mean": 285.8440366972477,
        "std": 0.0
      },
      "teacher_time_steps_mean": {
        "mean": 141.90825688073394,
        "std": 0.0
      },
      "teacher_to_student_time_ratio_mean": {
        "mean": 0.4962410469348962,
        "std": 0.0
      },
      "alignment_interpolation_ratio_mean": {
        "mean": 2.015173828362879,
        "std": 0.0
      },
      "student_frames_per_second_estimate": {
        "mean": 100.27110290043434,
        "std": 0.0
      },
      "teacher_frames_per_second_estimate": {
        "mean": 49.75846835762668,
        "std": 0.0
      },
      "teacher_student_valid_frame_overlap_ratio": {
        "mean": 1.0,
        "std": 0.0
      },
      "teacher_student_alignment_stretch_mean": {
        "mean": 2.015173828362879,
        "std": 0.0
      },
      "teacher_entropy_mean": {
        "mean": 0.37520617424349395,
        "std": 0.0
      },
      "teacher_entropy_std": {
        "mean": 0.35066008886792704,
        "std": 0.0
      },
      "teacher_top1_confidence_mean": {
        "mean": 0.8570142483288078,
        "std": 0.0
      },
      "teacher_top1_confidence_std": {
        "mean": 0.17141997706292617,
        "std": 0.0
      },
      "teacher_top1_margin_mean": {
        "mean": 0.7374884325675084,
        "std": 0.0
      },
      "teacher_top1_margin_std": {
        "mean": 0.32194449487448623,
        "std": 0.0
      },
      "teacher_blank_prob_mean": {
        "mean": 0.6139679709275742,
        "std": 0.0
      },
      "teacher_blank_prob_std": {
        "mean": 0.4029780592867628,
        "std": 0.0
      },
      "teacher_nonblank_prob_mean": {
        "mean": 0.3860320294397298,
        "std": 0.0
      },
      "teacher_nonblank_prob_std": {
        "mean": 0.40297805301032336,
        "std": 0.0
      },
      "teacher_student_argmax_agreement": {
        "mean": 0.23343068973264433,
        "std": 0.02070160798536444
      },
      "teacher_student_topk_overlap_at1": {
        "mean": 0.23343068973264433,
        "std": 0.02070160798536444
      },
      "teacher_student_topk_overlap_at3": {
        "mean": 0.3113158091814576,
        "std": 0.0046110558354996445
      },
      "teacher_student_feature_cosine_mean": {
        "mean": 0.3893914147266915,
        "std": 0.0008298845925043263
      },
      "teacher_student_feature_cosine_std": {
        "mean": 0.13782986217142462,
        "std": 0.0008972409146230514
      },
      "teacher_student_feature_mse_mean": {
        "mean": 0.11299746637301203,
        "std": 0.001367868138862506
      },
      "teacher_student_feature_norm_ratio_mean": {
        "mean": 0.9265919965218835,
        "std": 0.009050614070834184
      },
      "seed": {
        "mean": 82.5,
        "std": 40.5
      },
      "eval_batch_size": {
        "mean": 1.0,
        "std": 0.0
      },
      "inference_runtime_sec": {
        "mean": 15.69829261302948,
        "std": 0.059940218925476074
      },
      "inference_samples_per_sec": {
        "mean": 6.943531493265956,
        "std": 0.026512233405361574
      },
      "inference_peak_gpu_mem_mb": {
        "mean": 518.71923828125,
        "std": 8.4384765625
      },
      "model_total_params": {
        "mean": 2839133.0,