{
  "metrics": {
    "openslr/librispeech_asr:test.clean": {
      "wer": {
        "mean": 1.0054794549942017,
        "std": 0.00547945499420166
      },
      "accuracy": {
        "mean": 0.07133261687264913,
        "std": 0.0315690488984417
      },
      "eval_runtime_sec": {
        "mean": 14.870554089546204,
        "std": 0.7763646841049194
      },
      "eval_samples_per_sec": {
        "mean": 7.349955630773342,
        "std": 0.3837278656268719
      },
      "eval_peak_gpu_mem_mb": {
        "mean": 482.96240234375,
        "std": 9.31494140625
      },
      "blank_ratio": {
        "mean": 0.09936771832974933,
        "std": 0.09933562281349295
      },
      "empty_pred_ratio": {
        "mean": 0.0,
        "std": 0.0
      },
      "nonempty_pred_ratio": {
        "mean": 1.0,
        "std": 0.0
      },
      "exact_match_ratio": {
        "mean": 0.0,
        "std": 0.0
      },
      "avg_pred_chars": {
        "mean": 2.908256880733945,
        "std": 0.3302752293577982
      },
      "avg_ref_chars": {
        "mean": 28.44954128440367,
        "std": 0.0
      },
      "avg_out_length": {
        "mean": 285.8440366972477,
        "std": 0.0
      },
      "pred_to_ref_char_ratio": {
        "mean": 0.10222508868107062,
        "std": 0.011609158336020636
      },
      "short_pred_ratio": {
        "mean": 0.8977749113189294,
        "std": 0.011609158336020609
      },
      "long_pred_ratio": {
        "mean": 0.0,
        "std": 0.0
      },
      "length_deviation_ratio": {
        "mean": 0.8977749113189294,
        "std": 0.011609158336020609
      },
      "adjacent_repeat_ratio": {
        "mean": 0.7385321100917431,
        "std": 0.032110091743119296
      },
      "dominant_char_ratio": {
        "mean": 1.0,
        "std": 0.0
      },
      "unique_char_ratio": {
        "mean": 0.510724927468047,
        "std": 0.03370495457651418
      },
      "collapsed_repeat_ratio": {
        "mean": 0.7385321100917431,
        "std": 0.032110091743119296
      },
      "collapsed_dominant_char_ratio": {
        "mean": 1.0,
        "std": 0.0
      },
      "collapsed_unique_char_ratio": {
        "mean": 0.510724927468047,
        "std": 0.03370495457651418
      },
      "collapse_compression_ratio": {
        "mean": 100.52062170754832,
        "std": 29.104789400202257
      },
      "raw_blank_argmax_ratio": {
        "mean": 0.10031281695090725,
        "std": 0.10028273723967249
      },
      "raw_nonblank_argmax_ratio": {
        "mean": 0.8996871830490927,
        "std": 0.10028273723967246
      },
      "raw_unique_token_ratio": {
        "mean": 0.0073826924026512645,
        "std": 1.5039855617386948e-05
      },
      "raw_dominant_token_ratio": {
        "mean": 0.8495066630791943,
        "std": 0.05010221726977404
      },
      "raw_adjacent_repeat_ratio": {
        "mean": 0.981815748371939,
        "std": 0.002805298248200805
      },
      "raw_token_switch_ratio": {
        "mean": 0.018184251628061428,
        "std": 0.002805298248200639
      },
      "avg_target_length": {
        "mean": 34.14678899082569,
        "std": 0.0
      },
      "avg_length_margin": {
        "mean": 251.69724770642202,
        "std": 0.0
      },
      "invalid_length_ratio": {
        "mean": 0.0,
        "std": 0.0
      },
      "frame_blank_prob_mean": {
        "mean": 0.05375670202545848,
        "std": 0.03795012043227731
      },
      "frame_blank_prob_std": {
        "mean": 0.0960550110844818,
        "std": 0.06437518557119579
      },
      "frame_nonblank_prob_mean": {
        "mean": 0.946243298131411,
        "std": 0.03795011801801851
      },
      "frame_nonblank_prob_std": {
        "mean": 0.09605504388748358,
        "std": 0.06437513554039118
      },
      "frame_entropy_mean": {
        "mean": 0.8222275334902529,
        "std": 0.19343986563877386
      },
      "frame_entropy_std": {
        "mean": 0.8654559106147526,
        "std": 0.08971201489179703
      },
      "frame_top1_confidence_mean": {
        "mean": 0.7995230184423375,
        "std": 0.05145509692117178
      },
      "frame_top1_confidence_std": {
        "mean": 0.23749671845292344,
        "std": 0.029138926268106075
      },
      "frame_top1_margin_mean": {
        "mean": 0.7352978456317643,
        "std": 0.09153354775902928
      },
      "frame_top1_margin_std": {
        "mean": 0.26910715566168064,
        "std": 0.04176698438253615
      },
      "unique_sample_ids_seen": {
        "mean": 109.0,
        "std": 0.0
      },
      "sample_coverage_ratio": {
        "mean": 1.0,
        "std": 0.0
      },
      "sample_revisit_ratio": {
        "mean": 0.0,
        "std": 0.0
      },
      "student_time_steps_mean": {
        "mean": 285.8440366972477,
        "std": 0.0
      },
      "teacher_time_steps_mean": {
        "mean": 141.90825688073394,
        "std": 0.0
      },
      "teacher_to_student_time_ratio_mean": {
        "mean": 0.4962410469348962,
        "std": 0.0
      },
      "alignment_interpolation_ratio_mean": {
        "mean": 2.015173828362879,
        "std": 0.0
      },
      "student_frames_per_second_estimate": {
        "mean": 100.27110290043434,
        "std": 0.0
      },
      "teacher_frames_per_second_estimate": {
        "mean": 49.75846835762668,
        "std": 0.0
      },
      "teacher_student_valid_frame_overlap_ratio": {
        "mean": 1.0,
        "std": 0.0
      },
      "teacher_student_alignment_stretch_mean": {
        "mean": 2.015173828362879,
        "std": 0.0
      },
      "teacher_entropy_mean": {
        "mean": 0.37520617424349395,
        "std": 0.0
      },
      "teacher_entropy_std": {
        "mean": 0.35066008886792704,
        "std": 0.0
      },
      "teacher_top1_confidence_mean": {
        "mean": 0.8570142483288078,
        "std": 0.0
      },
      "teacher_top1_confidence_std": {
        "mean": 0.17141997706292617,
        "std": 0.0
      },
      "teacher_top1_margin_mean": {
        "mean": 0.7374884325675084,
        "std": 0.0
      },
      "teacher_top1_margin_std": {
        "mean": 0.32194449487448623,
        "std": 0.0
      },
      "teacher_blank_prob_mean": {
        "mean": 0.6139679709275742,
        "std": 0.0
      },
      "teacher_blank_prob_std": {
        "mean": 0.4029780592867628,
        "std": 0.0
      },
      "teacher_nonblank_prob_mean": {
        "mean": 0.3860320294397298,
        "std": 0.0
      },
      "teacher_nonblank_prob_std": {
        "mean": 0.40297805301032336,
        "std": 0.0
      },
      "teacher_student_argmax_agreement": {
        "mean": 0.12438617325159675,
        "std": 0.08953044259716916
      },
      "teacher_student_topk_overlap_at1": {
        "mean": 0.12438617325159675,
        "std": 0.08953044259716916
      },
      "teacher_student_topk_overlap_at3": {
        "mean": 0.28985460731135887,
        "std": 0.012067914112398603
      },
      "teacher_student_feature_cosine_mean": {
        "mean": 0.2722415122737297,
        "std": 0.06427979667490451
      },
      "teacher_student_feature_cosine_std": {
        "mean": 0.1039801424488682,
        "std": 0.020004002490236733
      },
      "teacher_student_feature_mse_mean": {
        "mean": 0.15595063815187438,
        "std": 0.02725484730301518
      },
      "teacher_student_feature_norm_ratio_mean": {
        "mean": 1.067471089616997,
        "std": 0.08508286162549433
      },
      "seed": {
        "mean": 82.5,
        "std": 40.5
      },
      "eval_batch_size": {
        "mean": 1.0,
        "std": 0.0
      },
      "inference_runtime_sec": {
        "mean": 14.870554089546204,
        "std": 0.7763646841049194
      },
      "inference_samples_per_sec": {
        "mean": 7.349955630773342,
        "std": 0.3837278656268719
      },
      "inference_peak_gpu_mem_mb": {
        "mean": 482.96240234375,
        "std": 9.31494140625
      },
      "model_total_params": {
        "mean": 2839133.0,