{
  "model_name": "audio_transformer_time_budget_E01",
  "architecture": "Audio Transformer Encoder + CTC",
  "adaptation_technique": "MAE pretrain -> CTC fine-tune",
  "runs": {
    "42": {
      "pretrain_loss": 52.85677759987967,
      "pretrain_runtime_sec": 61.41814422607422,
      "pretrain_peak_gpu_mem_mb": 73.71435546875,
      "pretrain_total_params": 1707584.0,
      "pretrain_trainable_params": 1707584.0,
      "train_loss": 0.7308130061626434,
      "train_runtime_sec": 120.5354585647583,
      "train_peak_gpu_mem_mb": 55.51513671875,
      "eval_peak_gpu_mem_mb": 39.12255859375,
      "valid_peak_gpu_mem_mb": 39.12255859375,
      "valid_wer": 1.0,
      "valid_runtime_sec": 37.47328782081604,
      "valid_samples_per_sec": 8.005702660372197,
      "best_valid_wer": 1.0,
      "finetune_total_params": 1551581.0,
      "finetune_trainable_params": 1551581.0,
      "seed": 42.0
    }
  }
}