{
  "metrics": {
    "openslr/librispeech_asr:test.clean": {
      "wer": {
        "mean": 1.0,
        "std": 0.0
      },
      "accuracy": {
        "mean": 0.07499999999999998,
        "std": 0.06449137396572174
      },
      "eval_runtime_sec": {
        "mean": 2.97733211517334,
        "std": 0.05074821030585676
      },
      "eval_samples_per_sec": {
        "mean": 19.48621490679098,
        "std": 0.33371101843444373
      },
      "eval_peak_gpu_mem_mb": {
        "mean": 26.9189453125,
        "std": 0.0
      },
      "blank_ratio": {
        "mean": 0.8624186758515118,
        "std": 0.13703404716045173
      },
      "empty_pred_ratio": {
        "mean": 0.32413793103448274,
        "std": 0.400712801278178
      },
      "nonempty_pred_ratio": {
        "mean": 0.6758620689655173,
        "std": 0.40071280127817804
      },
      "exact_match_ratio": {
        "mean": 0.0,
        "std": 0.0
      },
      "avg_pred_chars": {
        "mean": 4.437931034482759,
        "std": 3.5359643656637374
      },
      "avg_ref_chars": {
        "mean": 40.310344827586206,
        "std": 0.0
      },
      "avg_out_length": {
        "mean": 90.10344827586206,
        "std": 0.0
      },
      "pred_to_ref_char_ratio": {
        "mean": 0.11009409751924722,
        "std": 0.08771853430645712
      },
      "short_pred_ratio": {
        "mean": 0.8899059024807527,
        "std": 0.08771853430645779
      },
      "long_pred_ratio": {
        "mean": 0.0,
        "std": 0.0
      },
      "length_deviation_ratio": {
        "mean": 0.8899059024807527,
        "std": 0.08771853430645779
      },
      "adjacent_repeat_ratio": {
        "mean": 0.259777693570797,
        "std": 0.21321961271457035
      },
      "dominant_char_ratio": {
        "mean": 0.4598471277871032,
        "std": 0.23073808007348337
      },
      "unique_char_ratio": {
        "mean": 0.31883158174873777,
        "std": 0.12154420194068563
      },
      "collapsed_repeat_ratio": {
        "mean": 0.259777693570797,
        "std": 0.21321961271457035
      },
      "collapsed_dominant_char_ratio": {
        "mean": 0.4598471277871032,
        "std": 0.23073808007348337
      },
      "collapsed_unique_char_ratio": {
        "mean": 0.31883158174873777,
        "std": 0.12154420194068563
      },
      "collapse_compression_ratio": {
        "mean": 42.56112201295913,
        "std": 38.14942543291779
      },
      "raw_blank_argmax_ratio": {
        "mean": 0.8612522994313375,
        "std": 0.13560781055711965
      },
      "raw_nonblank_argmax_ratio": {
        "mean": 0.1387477005686626,
        "std": 0.13560781055711976
      },
      "raw_unique_token_ratio": {
        "mean": 0.035793255982488024,
        "std": 0.019345301313391884
      },
      "raw_dominant_token_ratio": {
        "mean": 0.8612522994313375,
        "std": 0.13560781055711965
      },
      "raw_adjacent_repeat_ratio": {
        "mean": 0.8815549702710171,
        "std": 0.1123176258832023
      },
      "raw_token_switch_ratio": {
        "mean": 0.11844502972898283,
        "std": 0.11231762588320182
      },
      "avg_target_length": {
        "mean": 48.55172413793103,
        "std": 0.0
      },
      "avg_length_margin": {
        "mean": 41.55172413793103,
        "std": 0.0
      },
      "invalid_length_ratio": {
        "mean": 0.0,
        "std": 0.0
      },
      "frame_blank_prob_mean": {
        "mean": 0.21231709048522646,
        "std": 0.05888887675262885
      },
      "frame_blank_prob_std": {
        "mean": 0.07301729841159835,
        "std": 0.00915864009250265
      },
      "frame_nonblank_prob_mean": {
        "mean": 0.7876829115951194,
        "std": 0.05888887974476464
      },
      "frame_nonblank_prob_std": {
        "mean": 0.07301728566209473,
        "std": 0.009158638722298895
      },
      "frame_entropy_mean": {
        "mean": 2.984511491707628,
        "std": 0.11380553295870796
      },
      "frame_entropy_std": {
        "mean": 0.1364142155459525,
        "std": 0.030406948483132582
      },
      "frame_top1_confidence_mean": {
        "mean": 0.21696335054931173,
        "std": 0.05485616223092329
      },
      "frame_top1_confidence_std": {
        "mean": 0.06854814874360102,
        "std": 0.008471816149663306
      },
      "frame_top1_margin_mean": {
        "mean": 0.13680753850225194,
        "std": 0.05861893131362109
      },
      "frame_top1_margin_std": {
        "mean": 0.07635846006395845,
        "std": 0.010997841949941368
      },
      "unique_sample_ids_seen": {
        "mean": 58.0,
        "std": 0.0
      },
      "sample_coverage_ratio": {
        "mean": 1.0,
        "std": 0.0
      },
      "sample_revisit_ratio": {
        "mean": 0.0,
        "std": 0.0
      },
      "student_time_steps_mean": {
        "mean": 0.0,
        "std": 0.0
      },
      "teacher_time_steps_mean": {
        "mean": 0.0,
        "std": 0.0
      },
      "teacher_to_student_time_ratio_mean": {
        "mean": 0.0,
        "std": 0.0
      },
      "alignment_interpolation_ratio_mean": {
        "mean": 0.0,
        "std": 0.0
      },
      "student_frames_per_second_estimate": {
        "mean": 0.0,
        "std": 0.0
      },
      "teacher_frames_per_second_estimate": {
        "mean": 0.0,
        "std": 0.0
      },
      "teacher_student_valid_frame_overlap_ratio": {
        "mean": 0.0,
        "std": 0.0
      },
      "teacher_student_alignment_stretch_mean": {
        "mean": 0.0,
        "std": 0.0
      },
      "teacher_entropy_mean": {
        "mean": 0.0,
        "std": 0.0
      },
      "teacher_entropy_std": {
        "mean": 0.0,
        "std": 0.0
      },
      "teacher_top1_confidence_mean": {
        "mean": 0.0,
        "std": 0.0
      },
      "teacher_top1_confidence_std": {
        "mean": 0.0,
        "std": 0.0
      },
      "teacher_top1_margin_mean": {
        "mean": 0.0,
        "std": 0.0
      },
      "teacher_top1_margin_std": {
        "mean": 0.0,
        "std": 0.0
      },
      "teacher_blank_prob_mean": {
        "mean": 0.0,
        "std": 0.0
      },
      "teacher_blank_prob_std": {
        "mean": 0.0,
        "std": 0.0
      },
      "teacher_nonblank_prob_mean": {
        "mean": 0.0,
        "std": 0.0
      },
      "teacher_nonblank_prob_std": {
        "mean": 0.0,
        "std": 0.0
      },
      "teacher_student_argmax_agreement": {
        "mean": 0.0,
        "std": 0.0
      },
      "teacher_student_topk_overlap_at1": {
        "mean": 0.0,
        "std": 0.0
      },
      "teacher_student_topk_overlap_at3": {
        "mean": 0.0,
        "std": 0.0
      },
      "teacher_student_feature_cosine_mean": {
        "mean": 0.0,
        "std": 0.0
      },
      "teacher_student_feature_cosine_std": {
        "mean": 0.0,
        "std": 0.0
      },
      "teacher_student_feature_mse_mean": {
        "mean": 0.0,
        "std": 0.0
      },
      "teacher_student_feature_norm_ratio_mean": {
        "mean": 0.0,
        "std": 0.0
      },
      "seed": {
        "mean": 486.8,
        "std": 377.1086845990158
      },
      "eval_batch_size": {
        "mean": 2.0,
        "std": 0.0
      },
      "inference_runtime_sec": {
        "mean": 2.97733211517334,
        "std": 0.05074821030585676
      },
      "inference_samples_per_sec": {
        "mean": 19.48621490679098,
        "std": 0.33371101843444373
      },
      "inference_peak_gpu_mem_mb": {
        "mean": 26.9189453125,
        "std": 0.0
      },
      "model_total_params": {
        "mean": 1551581.0,
        "std": 0.0
      },
      "model_trainable_params": {
        "mean": 1551581.0,
        "std": 0.0
      }
    }
  }
}