{
  "metrics": {
    "openslr/librispeech_asr:test.clean": {
      "wer": {
        "mean": 1.0,
        "std": 0.0
      },
      "accuracy": {
        "mean": 0.09008049242424239,
        "std": 0.07022536145949834
      },
      "eval_runtime_sec": {
        "mean": 2.963433583577474,
        "std": 0.052621870091301044
      },
      "eval_samples_per_sec": {
        "mean": 19.578072357155694,
        "std": 0.3481167484058706
      },
      "eval_peak_gpu_mem_mb": {
        "mean": 26.9189453125,
        "std": 0.0
      },
      "blank_ratio": {
        "mean": 0.8318025258323766,
        "std": 0.1548120145842246
      },
      "empty_pred_ratio": {
        "mean": 0.2988505747126437,
        "std": 0.4226385358816146
      },
      "nonempty_pred_ratio": {
        "mean": 0.7011494252873564,
        "std": 0.42263853588161465
      },
      "exact_match_ratio": {
        "mean": 0.0,
        "std": 0.0
      },
      "avg_pred_chars": {
        "mean": 4.925287356321839,
        "std": 3.5320382164147506
      },
      "avg_ref_chars": {
        "mean": 40.310344827586206,
        "std": 0.0
      },
      "avg_out_length": {
        "mean": 90.10344827586205,
        "std": 1.4210854715202004e-14
      },
      "pred_to_ref_char_ratio": {
        "mean": 0.12218420302252637,
        "std": 0.0876211362498099
      },
      "short_pred_ratio": {
        "mean": 0.8778157969774737,
        "std": 0.08762113624980986
      },
      "long_pred_ratio": {
        "mean": 0.0,
        "std": 0.0
      },
      "length_deviation_ratio": {
        "mean": 0.8778157969774737,
        "std": 0.08762113624980986
      },
      "adjacent_repeat_ratio": {
        "mean": 0.28121319931664757,
        "std": 0.21240280069492704
      },
      "dominant_char_ratio": {
        "mean": 0.45253189750694284,
        "std": 0.25151659631912127
      },
      "unique_char_ratio": {
        "mean": 0.3065176933371126,
        "std": 0.14481094457049581
      },
      "collapsed_repeat_ratio": {
        "mean": 0.28121319931664757,
        "std": 0.21240280069492704
      },
      "collapsed_dominant_char_ratio": {
        "mean": 0.45253189750694284,
        "std": 0.25151659631912127
      },
      "collapsed_unique_char_ratio": {
        "mean": 0.3065176933371126,
        "std": 0.14481094457049581
      },
      "collapse_compression_ratio": {
        "mean": 37.06391003346107,
        "std": 37.730450895619285
      },
      "raw_blank_argmax_ratio": {
        "mean": 0.8329320935936618,
        "std": 0.15178493379905025
      },
      "raw_nonblank_argmax_ratio": {
        "mean": 0.16706790640633817,
        "std": 0.15178493379905011
      },
      "raw_unique_token_ratio": {
        "mean": 0.03816151261280488,
        "std": 0.020421355340313224
      },
      "raw_dominant_token_ratio": {
        "mean": 0.8329320935936618,
        "std": 0.15178493379905025
      },
      "raw_adjacent_repeat_ratio": {
        "mean": 0.8537249188329316,
        "std": 0.12533788581699112
      },
      "raw_token_switch_ratio": {
        "mean": 0.14627508116706847,
        "std": 0.12533788581699115
      },
      "avg_target_length": {
        "mean": 48.551724137931025,
        "std": 7.105427357601002e-15
      },
      "avg_length_margin": {
        "mean": 41.55172413793103,
        "std": 0.0
      },
      "invalid_length_ratio": {
        "mean": 0.0,
        "std": 0.0
      },
      "frame_blank_prob_mean": {
        "mean": 0.19131813670986997,
        "std": 0.041883797195600064
      },
      "frame_blank_prob_std": {
        "mean": 0.0671673563056468,
        "std": 0.007327944172880353
      },
      "frame_nonblank_prob_mean": {
        "mean": 0.8086818666357155,
        "std": 0.04188379858222305
      },
      "frame_nonblank_prob_std": {
        "mean": 0.06716733489947187,
        "std": 0.007327922005097394
      },
      "frame_entropy_mean": {
        "mean": 3.027539482559533,
        "std": 0.054891260190445365
      },
      "frame_entropy_std": {
        "mean": 0.11755948307131271,
        "std": 0.004902844775127661
      },
      "frame_top1_confidence_mean": {
        "mean": 0.19660396554029358,
        "std": 0.03694751040611731
      },
      "frame_top1_confidence_std": {
        "mean": 0.06262994242922226,
        "std": 0.0038476936753282587
      },
      "frame_top1_margin_mean": {
        "mean": 0.11444260201476669,
        "std": 0.0469171640143171
      },
      "frame_top1_margin_std": {
        "mean": 0.06891781848291936,
        "std": 0.00455477089386324
      },
      "unique_sample_ids_seen": {
        "mean": 58.0,
        "std": 0.0
      },
      "sample_coverage_ratio": {
        "mean": 1.0,
        "std": 0.0
      },
      "sample_revisit_ratio": {
        "mean": 0.0,
        "std": 0.0
      },
      "student_time_steps_mean": {
        "mean": 0.0,
        "std": 0.0
      },
      "teacher_time_steps_mean": {
        "mean": 0.0,
        "std": 0.0
      },
      "teacher_to_student_time_ratio_mean": {
        "mean": 0.0,
        "std": 0.0
      },
      "alignment_interpolation_ratio_mean": {
        "mean": 0.0,
        "std": 0.0
      },
      "student_frames_per_second_estimate": {
        "mean": 0.0,
        "std": 0.0
      },
      "teacher_frames_per_second_estimate": {
        "mean": 0.0,
        "std": 0.0
      },
      "teacher_student_valid_frame_overlap_ratio": {
        "mean": 0.0,
        "std": 0.0
      },
      "teacher_student_alignment_stretch_mean": {
        "mean": 0.0,
        "std": 0.0
      },
      "teacher_entropy_mean": {
        "mean": 0.0,
        "std": 0.0
      },
      "teacher_entropy_std": {
        "mean": 0.0,
        "std": 0.0
      },
      "teacher_top1_confidence_mean": {
        "mean": 0.0,
        "std": 0.0
      },
      "teacher_top1_confidence_std": {
        "mean": 0.0,
        "std": 0.0
      },
      "teacher_top1_margin_mean": {
        "mean": 0.0,
        "std": 0.0
      },
      "teacher_top1_margin_std": {
        "mean": 0.0,
        "std": 0.0
      },
      "teacher_blank_prob_mean": {
        "mean": 0.0,
        "std": 0.0
      },
      "teacher_blank_prob_std": {
        "mean": 0.0,
        "std": 0.0
      },
      "teacher_nonblank_prob_mean": {
        "mean": 0.0,
        "std": 0.0
      },
      "teacher_nonblank_prob_std": {
        "mean": 0.0,
        "std": 0.0
      },
      "teacher_student_argmax_agreement": {
        "mean": 0.0,
        "std": 0.0
      },
      "teacher_student_topk_overlap_at1": {
        "mean": 0.0,
        "std": 0.0
      },
      "teacher_student_topk_overlap_at3": {
        "mean": 0.0,
        "std": 0.0
      },
      "teacher_student_feature_cosine_mean": {
        "mean": 0.0,
        "std": 0.0
      },
      "teacher_student_feature_cosine_std": {
        "mean": 0.0,
        "std": 0.0
      },
      "teacher_student_feature_mse_mean": {
        "mean": 0.0,
        "std": 0.0
      },
      "teacher_student_feature_norm_ratio_mean": {
        "mean": 0.0,
        "std": 0.0
      },
      "seed": {
        "mean": 756.3333333333334,
        "std": 233.0326634234399
      },
      "eval_batch_size": {
        "mean": 2.0,
        "std": 0.0
      },
      "inference_runtime_sec": {
        "mean": 2.963433583577474,
        "std": 0.052621870091301044
      },
      "inference_samples_per_sec": {
        "mean": 19.578072357155694,
        "std": 0.3481167484058706
      },
      "inference_peak_gpu_mem_mb": {
        "mean": 26.9189453125,
        "std": 0.0
      },
      "model_total_params": {
        "mean": 1551581.0,
        "std": 0.0
      },
      "model_trainable_params": {
        "mean": 1551581.0,
        "std": 0.0
      }
    }
  }
}