{
  "experiment_id": "R0_LIBRI",
  "checkpoint_variant": "final",
  "datasets": {
    "openslr/librispeech_asr:test.clean": {
      "456": {
        "wer": 1.0,
        "accuracy": 0.0,
        "eval_runtime_sec": 2.86983585357666,
        "eval_samples_per_sec": 20.210215133982288,
        "eval_peak_gpu_mem_mb": 26.9189453125,
        "blank_ratio": 0.9940681209337926,
        "empty_pred_ratio": 1.0,
        "nonempty_pred_ratio": 0.0,
        "exact_match_ratio": 0.0,
        "avg_pred_chars": 0.0,
        "avg_ref_chars": 40.310344827586206,
        "avg_out_length": 90.10344827586206,
        "pred_to_ref_char_ratio": 0.0,
        "short_pred_ratio": 1.0,
        "long_pred_ratio": 0.0,
        "length_deviation_ratio": 1.0,
        "adjacent_repeat_ratio": 0.0,
        "dominant_char_ratio": 0.0,
        "unique_char_ratio": 0.0,
        "collapsed_repeat_ratio": 0.0,
        "collapsed_dominant_char_ratio": 0.0,
        "collapsed_unique_char_ratio": 0.0,
        "collapse_compression_ratio": 89.14942528735632,
        "raw_blank_argmax_ratio": 0.9937659814189923,
        "raw_nonblank_argmax_ratio": 0.006234018581007679,
        "raw_unique_token_ratio": 0.015572089086166639,
        "raw_dominant_token_ratio": 0.9937659814189923,
        "raw_adjacent_repeat_ratio": 0.9920023409590082,
        "raw_token_switch_ratio": 0.007997659040991492,
        "avg_target_length": 48.55172413793103,
        "avg_length_margin": 41.55172413793103,
        "invalid_length_ratio": 0.0,
        "frame_blank_prob_mean": 0.5080807894251604,
        "frame_blank_prob_std": 0.1786780092004483,
        "frame_nonblank_prob_mean": 0.4919192054652182,
        "frame_nonblank_prob_std": 0.17867799364964235,
        "frame_entropy_mean": 2.1072349387751745,
        "frame_entropy_std": 0.5088005399343636,
        "frame_top1_confidence_mean": 0.5081897849467263,
        "frame_top1_confidence_std": 0.1784602373501965,
        "frame_top1_margin_mean": 0.42503309341121165,
        "frame_top1_margin_std": 0.21794476149553074,
        "raw_top1_token_histogram": [
          {
            "token_id": 0,
            "token": "<blank>",
            "count": 5195.0,
            "ratio": 0.9940681209337926
          },
          {
            "token_id": 1,
            "token": " ",
            "count": 31.0,
            "ratio": 0.005931879066207424
          }
        ],
        "collapsed_token_histogram": [
          {
            "token_id": 1,
            "token": " ",
            "count": 20.0,
            "ratio": 1.0
          }
        ],
        "unique_sample_ids_seen": 58.0,
        "sample_coverage_ratio": 1.0,
        "sample_revisit_ratio": 0.0,
        "student_time_steps_mean": 0.0,
        "teacher_time_steps_mean": 0.0,
        "teacher_to_student_time_ratio_mean": 0.0,
        "alignment_interpolation_ratio_mean": 0.0,
        "student_frames_per_second_estimate": 0.0,
        "teacher_frames_per_second_estimate": 0.0,
        "teacher_student_valid_frame_overlap_ratio": 0.0,
        "teacher_student_alignment_stretch_mean": 0.0,
        "teacher_entropy_mean": 0.0,
        "teacher_entropy_std": 0.0,
        "teacher_top1_confidence_mean": 0.0,
        "teacher_top1_confidence_std": 0.0,
        "teacher_top1_margin_mean": 0.0,
        "teacher_top1_margin_std": 0.0,
        "teacher_blank_prob_mean": 0.0,
        "teacher_blank_prob_std": 0.0,
        "teacher_nonblank_prob_mean": 0.0,
        "teacher_nonblank_prob_std": 0.0,
        "teacher_student_argmax_agreement": 0.0,
        "teacher_student_topk_overlap_at1": 0.0,
        "teacher_student_topk_overlap_at3": 0.0,
        "teacher_student_feature_cosine_mean": 0.0,
        "teacher_student_feature_cosine_std": 0.0,
        "teacher_student_feature_mse_mean": 0.0,
        "teacher_student_feature_norm_ratio_mean": 0.0,
        "seed": 456.0,
        "dataset": "openslr/librispeech_asr:test.clean",
        "eval_batch_size": 2.0,
        "inference_runtime_sec": 2.86983585357666,
        "inference_samples_per_sec": 20.210215133982288,
        "inference_peak_gpu_mem_mb": 26.9189453125,
        "model_total_params": 1551581.0,
        "model_trainable_params": 1551581.0,
        "diagnostics_artifact": "results/experiments/R0_LIBRI/diagnostics/test_seed_456_final_openslr_librispeech_asr_test.clean.json"
      },
      "789": {
        "wer": 1.0,
        "accuracy": 0.0,
        "eval_runtime_sec": 2.8925745487213135,
        "eval_samples_per_sec": 20.051341468671698,
        "eval_peak_gpu_mem_mb": 26.9189453125,
        "blank_ratio": 1.0,
        "empty_pred_ratio": 1.0,
        "nonempty_pred_ratio": 0.0,
        "exact_match_ratio": 0.0,
        "avg_pred_chars": 0.0,
        "avg_ref_chars": 40.310344827586206,
        "avg_out_length": 90.10344827586206,
        "pred_to_ref_char_ratio": 0.0,
        "short_pred_ratio": 1.0,
        "long_pred_ratio": 0.0,
        "length_deviation_ratio": 1.0,
        "adjacent_repeat_ratio": 0.0,
        "dominant_char_ratio": 0.0,
        "unique_char_ratio": 0.0,
        "collapsed_repeat_ratio": 0.0,
        "collapsed_dominant_char_ratio": 0.0,
        "collapsed_unique_char_ratio": 0.0,
        "collapse_compression_ratio": 90.10344827586206,
        "raw_blank_argmax_ratio": 1.0,
        "raw_nonblank_argmax_ratio": 0.0,
        "raw_unique_token_ratio": 0.012038221968485016,
        "raw_dominant_token_ratio": 1.0,
        "raw_adjacent_repeat_ratio": 1.0,
        "raw_token_switch_ratio": 0.0,
        "avg_target_length": 48.55172413793103,
        "avg_length_margin": 41.55172413793103,
        "invalid_length_ratio": 0.0,
        "frame_blank_prob_mean": 0.4779056099425592,
        "frame_blank_prob_std": 0.09492165510373547,
        "frame_nonblank_prob_mean": 0.5220943929772244,
        "frame_nonblank_prob_std": 0.094921687106535,
        "frame_entropy_mean": 2.2144748878989966,
        "frame_entropy_std": 0.2511524258816521,
        "frame_top1_confidence_mean": 0.4779056099425592,
        "frame_top1_confidence_std": 0.09492165510373547,
        "frame_top1_margin_mean": 0.3808524427038018,
        "frame_top1_margin_std": 0.1234742948390351,
        "raw_top1_token_histogram": [
          {
            "token_id": 0,
            "token": "<blank>",
            "count": 5226.0,
            "ratio": 1.0
          }
        ],
        "collapsed_token_histogram": [],
        "unique_sample_ids_seen": 58.0,
        "sample_coverage_ratio": 1.0,
        "sample_revisit_ratio": 0.0,
        "student_time_steps_mean": 0.0,
        "teacher_time_steps_mean": 0.0,
        "teacher_to_student_time_ratio_mean": 0.0,
        "alignment_interpolation_ratio_mean": 0.0,
        "student_frames_per_second_estimate": 0.0,
        "teacher_frames_per_second_estimate": 0.0,
        "teacher_student_valid_frame_overlap_ratio": 0.0,
        "teacher_student_alignment_stretch_mean": 0.0,
        "teacher_entropy_mean": 0.0,
        "teacher_entropy_std": 0.0,
        "teacher_top1_confidence_mean": 0.0,
        "teacher_top1_confidence_std": 0.0,
        "teacher_top1_margin_mean": 0.0,
        "teacher_top1_margin_std": 0.0,
        "teacher_blank_prob_mean": 0.0,
        "teacher_blank_prob_std": 0.0,
        "teacher_nonblank_prob_mean": 0.0,
        "teacher_nonblank_prob_std": 0.0,
        "teacher_student_argmax_agreement": 0.0,
        "teacher_student_topk_overlap_at1": 0.0,
        "teacher_student_topk_overlap_at3": 0.0,
        "teacher_student_feature_cosine_mean": 0.0,
        "teacher_student_feature_cosine_std": 0.0,
        "teacher_student_feature_mse_mean": 0.0,
        "teacher_student_feature_norm_ratio_mean": 0.0,
        "seed": 789.0,
        "dataset": "openslr/librispeech_asr:test.clean",
        "eval_batch_size": 2.0,
        "inference_runtime_sec": 2.8925745487213135,
        "inference_samples_per_sec": 20.051341468671698,
        "inference_peak_gpu_mem_mb": 26.9189453125,
        "model_total_params": 1551581.0,