{
  "model_name": "tp5_core_librispeech_R0_LIBRI",
  "architecture": "Audio Transformer Encoder + CTC",
  "adaptation_technique": "CTC fine-tune only (no MAE)",
  "runs": {
    "456": {
      "seed": 456.0,
      "wer": 1.032379150390625,
      "accuracy": 0.338657861859718,
      "eval_batch_size": 8.0,
      "inference_runtime_sec": 9.934282064437866,
      "inference_samples_per_sec": 22.246197416834203,
      "inference_peak_gpu_mem_mb": 51.34375,
      "model_total_params": 1551581.0,
      "model_trainable_params": 1551581.0,
      "blank_ratio": 0.47057717616093253,
      "empty_pred_ratio": 0.0,
      "nonempty_pred_ratio": 1.0,
      "pred_to_ref_char_ratio": 0.6762048192771084,
      "short_pred_ratio": 0.3237951807228916,
      "invalid_length_ratio": 0.0,
      "avg_out_length": 96.27149321266968,
      "avg_target_length": 50.705882352941174,
      "avg_length_margin": 45.56561085972851,
      "checkpoint_variant": "best",
      "adjacent_repeat_ratio": 0.04785907968334578,
      "alignment_interpolation_ratio_mean": 0.0,
      "avg_pred_chars": 28.443438914027148,
      "avg_ref_chars": 42.06334841628959,
      "collapse_compression_ratio": 2.9229717093596856,
      "collapsed_dominant_char_ratio": 0.20645270148263273,
      "collapsed_repeat_ratio": 0.04785907968334578,
      "collapsed_unique_char_ratio": 0.4583912095349208,
      "dominant_char_ratio": 0.20645270148263273,
      "eval_peak_gpu_mem_mb": 51.34375,
      "eval_runtime_sec": 9.934282064437866,
      "eval_samples_per_sec": 22.246197416834203,
      "exact_match_ratio": 0.0,
      "frame_blank_prob_mean": 0.39978071450514774,
      "frame_blank_prob_std": 0.38488080414594056,
      "frame_entropy_mean": 1.4216106376784214,
      "frame_entropy_std": 0.8310387598427923,
      "frame_nonblank_prob_mean": 0.6002192876464018,
      "frame_nonblank_prob_std": 0.38488079799552655,
      "frame_top1_confidence_mean": 0.5777539265606273,
      "frame_top1_confidence_std": 0.27854797043971385,
      "frame_top1_margin_mean": 0.4445695355324441,
      "frame_top1_margin_std": 0.36134476117242326,
      "length_deviation_ratio": 0.3237951807228916,
      "long_pred_ratio": 0.0,
      "raw_adjacent_repeat_ratio": 0.5252419111479881,
      "raw_blank_argmax_ratio": 0.4797748062408061,
      "raw_dominant_token_ratio": 0.4797748062408061,
      "raw_nonblank_argmax_ratio": 0.520225193759194,
      "raw_token_switch_ratio": 0.4747580888520118,
      "raw_unique_token_ratio": 0.15006349676641753,
      "sample_coverage_ratio": 1.0,
      "sample_revisit_ratio": 0.0,
      "student_frames_per_second_estimate": 0.0,
      "student_time_steps_mean": 0.0,
      "teacher_blank_prob_mean": 0.0,
      "teacher_blank_prob_std": 0.0,
      "teacher_entropy_mean": 0.0,
      "teacher_entropy_std": 0.0,
      "teacher_frames_per_second_estimate": 0.0,
      "teacher_nonblank_prob_mean": 0.0,
      "teacher_nonblank_prob_std": 0.0,
      "teacher_student_alignment_stretch_mean": 0.0,
      "teacher_student_argmax_agreement": 0.0,
      "teacher_student_feature_cosine_mean": 0.0,
      "teacher_student_feature_cosine_std": 0.0,
      "teacher_student_feature_mse_mean": 0.0,
      "teacher_student_feature_norm_ratio_mean": 0.0,
      "teacher_student_topk_overlap_at1": 0.0,
      "teacher_student_topk_overlap_at3": 0.0,
      "teacher_student_valid_frame_overlap_ratio": 0.0,
      "teacher_time_steps_mean": 0.0,
      "teacher_to_student_time_ratio_mean": 0.0,
      "teacher_top1_confidence_mean": 0.0,
      "teacher_top1_confidence_std": 0.0,
      "teacher_top1_margin_mean": 0.0,
      "teacher_top1_margin_std": 0.0,
      "unique_char_ratio": 0.4583912095349208,
      "unique_sample_ids_seen": 221.0
    },
    "789": {
      "seed": 789.0,
      "wer": 1.038948893547058,
      "accuracy": 0.3222380867392468,
      "eval_batch_size": 8.0,
      "inference_runtime_sec": 10.08211064338684,
      "inference_samples_per_sec": 21.920013359996258,
      "inference_peak_gpu_mem_mb": 51.34375,
      "model_total_params": 1551581.0,
      "model_trainable_params": 1551581.0,
      "blank_ratio": 0.5254747132919722,
      "empty_pred_ratio": 0.0,
      "nonempty_pred_ratio": 1.0,
      "pred_to_ref_char_ratio": 0.5103270223752151,
      "short_pred_ratio": 0.4896729776247849,
      "invalid_length_ratio": 0.0,
      "avg_out_length": 96.27149321266968,
      "avg_target_length": 50.705882352941174,
      "avg_length_margin": 45.56561085972851,
      "checkpoint_variant": "best",
      "adjacent_repeat_ratio": 0.0747070759267532,
      "alignment_interpolation_ratio_mean": 0.0,
      "avg_pred_chars": 21.466063348416288,
      "avg_ref_chars": 42.06334841628959,
      "collapse_compression_ratio": 3.648459641460626,
      "collapsed_dominant_char_ratio": 0.2477193175415978,
      "collapsed_repeat_ratio": 0.0747070759267532,
      "collapsed_unique_char_ratio": 0.4616854003762504,
      "dominant_char_ratio": 0.2477193175415978,
      "eval_peak_gpu_mem_mb": 51.34375,
      "eval_runtime_sec": 10.08211064338684,
      "eval_samples_per_sec": 21.920013359996258,
      "exact_match_ratio": 0.0,
      "frame_blank_prob_mean": 0.37383959118103843,
      "frame_blank_prob_std": 0.33932559471795887,
      "frame_entropy_mean": 1.7875142449789376,
      "frame_entropy_std": 0.8146393455789587,
      "frame_nonblank_prob_mean": 0.6261603966268477,
      "frame_nonblank_prob_std": 0.3393256066483969,
      "frame_top1_confidence_mean": 0.48018204742276727,
      "frame_top1_confidence_std": 0.27878611692704325,
      "frame_top1_margin_mean": 0.3512925558418321,
      "frame_top1_margin_std": 0.3430276113838726,
      "length_deviation_ratio": 0.4896729776247849,
      "long_pred_ratio": 0.0,
      "raw_adjacent_repeat_ratio": 0.5763314026308851,
      "raw_blank_argmax_ratio": 0.530358970214239,
      "raw_dominant_token_ratio": 0.530358970214239,
      "raw_nonblank_argmax_ratio": 0.4696410297857611,
      "raw_token_switch_ratio": 0.4236685973691148,
      "raw_unique_token_ratio": 0.11857045028444636,
      "sample_coverage_ratio": 1.0,
      "sample_revisit_ratio": 0.0,
      "student_frames_per_second_estimate": 0.0,
      "student_time_steps_mean": 0.0,
      "teacher_blank_prob_mean": 0.0,
      "teacher_blank_prob_std": 0.0,
      "teacher_entropy_mean": 0.0,
      "teacher_entropy_std": 0.0,
      "teacher_frames_per_second_estimate": 0.0,
      "teacher_nonblank_prob_mean": 0.0,
      "teacher_nonblank_prob_std": 0.0,
      "teacher_student_alignment_stretch_mean": 0.0,
      "teacher_student_argmax_agreement": 0.0,
      "teacher_student_feature_cosine_mean": 0.0,
      "teacher_student_feature_cosine_std": 0.0,
      "teacher_student_feature_mse_mean": 0.0,
      "teacher_student_feature_norm_ratio_mean": 0.0,
      "teacher_student_topk_overlap_at1": 0.0,
      "teacher_student_topk_overlap_at3": 0.0,
      "teacher_student_valid_frame_overlap_ratio": 0.0,
      "teacher_time_steps_mean": 0.0,
      "teacher_to_student_time_ratio_mean": 0.0,
      "teacher_top1_confidence_mean": 0.0,
      "teacher_top1_confidence_std": 0.0,
      "teacher_top1_margin_mean": 0.0,
      "teacher_top1_margin_std": 0.0,
      "unique_char_ratio": 0.4616854003762504,
      "unique_sample_ids_seen": 221.0
    },
    "1024": {
      "seed": 1024.0,
      "wer": 1.032379150390625,
      "accuracy": 0.32759236123505264,
      "eval_batch_size": 8.0,
      "inference_runtime_sec": 9.999243021011353,
      "inference_samples_per_sec": 22.101673050211296,
      "inference_peak_gpu_mem_mb": 51.34375,
      "model_total_params": 1551581.0,
      "model_trainable_params": 1551581.0,
      "blank_ratio": 0.45798082346305696,
      "empty_pred_ratio": 0.0,
      "nonempty_pred_ratio": 1.0,
      "pred_to_ref_char_ratio": 0.7051419965576592,
      "short_pred_ratio": 0.2948580034423408,
      "invalid_length_ratio": 0.0,
      "avg_out_length": 96.27149321266968,
      "avg_target_length": 50.705882352941174,