{
  "metrics": {
    "openslr/librispeech_asr:test.clean": {
      "seed": {
        "mean": 82.5,
        "std": 40.5
      },
      "wer": {
        "mean": 1.0,
        "std": 0.0
      },
      "inference_runtime_sec": {
        "mean": 34.470452427864075,
        "std": 0.7393780946731567
      },
      "inference_samples_per_sec": {
        "mean": 8.707111982832318,
        "std": 0.18676424051714413
      },
      "inference_peak_gpu_mem_mb": {
        "mean": 29.603515625,
        "std": 0.0
      },
      "model_total_params": {
        "mean": 1505501.0,
        "std": 0.0
      },
      "model_trainable_params": {
        "mean": 1505501.0,
        "std": 0.0
      }
    }
  }
}