{
  "metrics": {
    "openslr/librispeech_asr:test.clean": {
      "seed": {
        "mean": 82.5,
        "std": 40.5
      },
      "wer": {
        "mean": 1.0041095614433289,
        "std": 0.004109561443328857
      },
      "accuracy": {
        "mean": 0.07079527135948416,
        "std": 0.032106394411606676
      },
      "eval_batch_size": {
        "mean": 1.0,
        "std": 0.0
      },
      "inference_runtime_sec": {
        "mean": 11.980640769004822,
        "std": 0.7715471982955933
      },
      "inference_samples_per_sec": {
        "mean": 9.135900145433553,
        "std": 0.5883473427693025
      },
      "inference_peak_gpu_mem_mb": {
        "mean": 38.103515625,
        "std": 0.0
      },
      "model_total_params": {
        "mean": 1949405.0,
        "std": 0.0
      },
      "model_trainable_params": {
        "mean": 1949405.0,
        "std": 0.0
      },
      "blank_ratio": {
        "mean": 0.10373270854061688,
        "std": 0.10373270854061688
      },
      "empty_pred_ratio": {
        "mean": 0.0,
        "std": 0.0
      },
      "nonempty_pred_ratio": {
        "mean": 1.0,
        "std": 0.0
      },
      "exact_match_ratio": {
        "mean": 0.0,
        "std": 0.0
      },
      "avg_pred_chars": {
        "mean": 2.8211009174311927,
        "std": 0.2339449541284404
      },
      "avg_ref_chars": {
        "mean": 28.44954128440367,
        "std": 0.0
      },
      "avg_out_length": {
        "mean": 285.8440366972477,
        "std": 0.0
      },
      "pred_to_ref_char_ratio": {
        "mean": 0.09916156078684296,
        "std": 0.008223153821347959
      },
      "short_pred_ratio": {
        "mean": 0.900838439213157,
        "std": 0.008223153821347917
      },
      "long_pred_ratio": {
        "mean": 0.0,
        "std": 0.0
      },
      "length_deviation_ratio": {
        "mean": 0.900838439213157,
        "std": 0.008223153821347917
      },
      "adjacent_repeat_ratio": {
        "mean": 0.7431192660550459,
        "std": 0.01834862385321101
      },
      "dominant_char_ratio": {
        "mean": 1.0,
        "std": 0.0
      },
      "avg_target_length": {
        "mean": 34.14678899082569,
        "std": 0.0
      },
      "avg_length_margin": {
        "mean": 251.69724770642202,
        "std": 0.0
      },
      "invalid_length_ratio": {
        "mean": 0.0,
        "std": 0.0
      }
    }
  }
}