{
  "experiment_id": "P7A03",
  "checkpoint_variant": "final",
  "datasets": {
    "openslr/librispeech_asr:test.clean": {
      "42": {
        "seed": 42.0,
        "dataset": "openslr/librispeech_asr:test.clean",
        "wer": 1.0,
        "accuracy": 0.03949489521762495,
        "eval_batch_size": 1.0,
        "inference_runtime_sec": 13.708055257797241,
        "inference_samples_per_sec": 7.951529079079252,
        "inference_peak_gpu_mem_mb": 38.103515625,
        "model_total_params": 1949405.0,
        "model_trainable_params": 1949405.0,
        "blank_ratio": 0.23692910100458967,
        "empty_pred_ratio": 0.0,
        "nonempty_pred_ratio": 1.0,
        "exact_match_ratio": 0.0,
        "avg_pred_chars": 2.7155963302752295,
        "avg_ref_chars": 28.44954128440367,
        "avg_out_length": 285.8440366972477,
        "pred_to_ref_char_ratio": 0.09545307965172525,
        "short_pred_ratio": 0.9045469203482748,
        "long_pred_ratio": 0.0,
        "length_deviation_ratio": 0.9045469203482748,
        "adjacent_repeat_ratio": 0.6082568807339449,
        "dominant_char_ratio": 0.9923547400611621,
        "avg_target_length": 34.14678899082569,
        "avg_length_margin": 251.69724770642202,
        "invalid_length_ratio": 0.0,
        "diagnostics_artifact": "results/phase7/experiments/P7A03/diagnostics/test_seed_42_final_openslr_librispeech_asr_test.clean.json"
      },
      "123": {
        "seed": 123.0,
        "dataset": "openslr/librispeech_asr:test.clean",
        "wer": 1.0,
        "accuracy": 0.061257388500805976,
        "eval_batch_size": 1.0,
        "inference_runtime_sec": 13.274919748306274,
        "inference_samples_per_sec": 8.21097242519354,
        "inference_peak_gpu_mem_mb": 38.103515625,
        "model_total_params": 1949405.0,
        "model_trainable_params": 1949405.0,
        "blank_ratio": 0.17642905286131527,
        "empty_pred_ratio": 0.0,
        "nonempty_pred_ratio": 1.0,
        "exact_match_ratio": 0.0,
        "avg_pred_chars": 2.706422018348624,
        "avg_ref_chars": 28.44954128440367,
        "avg_out_length": 285.8440366972477,
        "pred_to_ref_char_ratio": 0.09513060303128024,
        "short_pred_ratio": 0.9048693969687198,
        "long_pred_ratio": 0.0,
        "length_deviation_ratio": 0.9048693969687198,
        "adjacent_repeat_ratio": 0.7706422018348624,
        "dominant_char_ratio": 1.0,
        "avg_target_length": 34.14678899082569,
        "avg_length_margin": 251.69724770642202,
        "invalid_length_ratio": 0.0,
        "diagnostics_artifact": "results/phase7/experiments/P7A03/diagnostics/test_seed_123_final_openslr_librispeech_asr_test.clean.json"
      }
    }
  }
}