{
  "model_name": "phase7_hidden_states_depth4_librispeech",
  "architecture": "Audio Transformer Encoder + CTC",
  "adaptation_technique": "CTC fine-tune + distillation (external:wav2vec2_ctc)",
  "runs": {
    "42": {
      "seed": 42.0,
      "wer": 1.0,
      "accuracy": 0.03868887694787748,
      "eval_batch_size": 1.0,
      "inference_runtime_sec": 11.209093570709229,
      "inference_samples_per_sec": 9.724247488202856,
      "inference_peak_gpu_mem_mb": 38.103515625,
      "model_total_params": 1949405.0,
      "model_trainable_params": 1949405.0,
      "blank_ratio": 0.20746541708123376,
      "empty_pred_ratio": 0.0,
      "nonempty_pred_ratio": 1.0,
      "pred_to_ref_char_ratio": 0.10738471460819092,
      "short_pred_ratio": 0.8926152853918091,
      "invalid_length_ratio": 0.0,
      "avg_out_length": 285.8440366972477,
      "avg_target_length": 34.14678899082569,
      "avg_length_margin": 251.69724770642202,
      "checkpoint_variant": "best"
    },
    "123": {
      "seed": 123.0,
      "wer": 1.0082191228866577,
      "accuracy": 0.10290166577109083,
      "eval_batch_size": 1.0,
      "inference_runtime_sec": 12.752187967300415,
      "inference_samples_per_sec": 8.547552802664251,
      "inference_peak_gpu_mem_mb": 38.103515625,
      "model_total_params": 1949405.0,
      "model_trainable_params": 1949405.0,
      "blank_ratio": 0.0,
      "empty_pred_ratio": 0.0,
      "nonempty_pred_ratio": 1.0,
      "pred_to_ref_char_ratio": 0.090938406965495,
      "short_pred_ratio": 0.909061593034505,
      "invalid_length_ratio": 0.0,
      "avg_out_length": 285.8440366972477,
      "avg_target_length": 34.14678899082569,
      "avg_length_margin": 251.69724770642202,
      "checkpoint_variant": "best"
    }
  }
}