{
  "model_name": "phase7_hidden_states_depth4_librispeech",
  "architecture": "Audio Transformer Encoder + CTC",
  "adaptation_technique": "CTC fine-tune + distillation (external:wav2vec2_ctc)",
  "runs": {
    "42": {
      "seed": 42.0,
      "wer": 1.0,
      "accuracy": 0.03949489521762495,
      "eval_batch_size": 1.0,
      "inference_runtime_sec": 13.708055257797241,
      "inference_samples_per_sec": 7.951529079079252,
      "inference_peak_gpu_mem_mb": 38.103515625,
      "model_total_params": 1949405.0,
      "model_trainable_params": 1949405.0,
      "blank_ratio": 0.23692910100458967,
      "empty_pred_ratio": 0.0,
      "nonempty_pred_ratio": 1.0,
      "pred_to_ref_char_ratio": 0.09545307965172525,
      "short_pred_ratio": 0.9045469203482748,
      "invalid_length_ratio": 0.0,
      "avg_out_length": 285.8440366972477,
      "avg_target_length": 34.14678899082569,
      "avg_length_margin": 251.69724770642202,
      "checkpoint_variant": "final"
    },
    "123": {
      "seed": 123.0,
      "wer": 1.0,
      "accuracy": 0.061257388500805976,
      "eval_batch_size": 1.0,
      "inference_runtime_sec": 13.274919748306274,
      "inference_samples_per_sec": 8.21097242519354,
      "inference_peak_gpu_mem_mb": 38.103515625,
      "model_total_params": 1949405.0,
      "model_trainable_params": 1949405.0,
      "blank_ratio": 0.17642905286131527,
      "empty_pred_ratio": 0.0,
      "nonempty_pred_ratio": 1.0,
      "pred_to_ref_char_ratio": 0.09513060303128024,
      "short_pred_ratio": 0.9048693969687198,
      "invalid_length_ratio": 0.0,
      "avg_out_length": 285.8440366972477,
      "avg_target_length": 34.14678899082569,
      "avg_length_margin": 251.69724770642202,
      "checkpoint_variant": "final"
    }
  },
  "metrics": {
    "seed": {
      "mean": 82.5,
      "std": 40.5
    },
    "wer": {
      "mean": 1.0,
      "std": 0.0
    },
    "accuracy": {
      "mean": 0.05037614185921546,
      "std": 0.010881246641590514
    },
    "eval_batch_size": {
      "mean": 1.0,
      "std": 0.0
    },
    "inference_runtime_sec": {
      "mean": 13.491487503051758,
      "std": 0.2165677547454834
    },
    "inference_samples_per_sec": {
      "mean": 8.081250752136397,
      "std": 0.12972167305714422
    },
    "inference_peak_gpu_mem_mb": {
      "mean": 38.103515625,
      "std": 0.0
    },
    "model_total_params": {
      "mean": 1949405.0,
      "std": 0.0
    },
    "model_trainable_params": {
      "mean": 1949405.0,
      "std": 0.0
    },
    "blank_ratio": {
      "mean": 0.20667907693295245,
      "std": 0.030250024071637197
    },
    "empty_pred_ratio": {
      "mean": 0.0,
      "std": 0.0
    },
    "nonempty_pred_ratio": {
      "mean": 1.0,
      "std": 0.0
    },
    "pred_to_ref_char_ratio": {
      "mean": 0.09529184134150274,
      "std": 0.00016123831022250845
    },
    "short_pred_ratio": {
      "mean": 0.9047081586584973,
      "std": 0.00016123831022252233
    },
    "invalid_length_ratio": {
      "mean": 0.0,
      "std": 0.0
    },
    "avg_out_length": {
      "mean": 285.8440366972477,
      "std": 0.0
    },
    "avg_target_length": {
      "mean": 34.14678899082569,
      "std": 0.0
    },
    "avg_length_margin": {
      "mean": 251.69724770642202,
      "std": 0.0
    }
  }
}