{
  "experiment_id": "P7A03",
  "checkpoint_variant": "best",
  "datasets": {
    "openslr/librispeech_asr:test.clean": {
      "42": {
        "seed": 42.0,
        "dataset": "openslr/librispeech_asr:test.clean",
        "wer": 1.0,
        "accuracy": 0.03868887694787748,
        "eval_batch_size": 1.0,
        "inference_runtime_sec": 11.209093570709229,
        "inference_samples_per_sec": 9.724247488202856,
        "inference_peak_gpu_mem_mb": 38.103515625,
        "model_total_params": 1949405.0,
        "model_trainable_params": 1949405.0,
        "blank_ratio": 0.20746541708123376,
        "empty_pred_ratio": 0.0,
        "nonempty_pred_ratio": 1.0,
        "exact_match_ratio": 0.0,
        "avg_pred_chars": 3.055045871559633,
        "avg_ref_chars": 28.44954128440367,
        "avg_out_length": 285.8440366972477,
        "pred_to_ref_char_ratio": 0.10738471460819092,
        "short_pred_ratio": 0.8926152853918091,
        "long_pred_ratio": 0.0,
        "length_deviation_ratio": 0.8926152853918091,
        "adjacent_repeat_ratio": 0.7614678899082569,
        "dominant_char_ratio": 1.0,
        "avg_target_length": 34.14678899082569,
        "avg_length_margin": 251.69724770642202,
        "invalid_length_ratio": 0.0,
        "diagnostics_artifact": "results/phase7/experiments/P7A03/diagnostics/test_seed_42_best_openslr_librispeech_asr_test.clean.json"
      },
      "123": {
        "seed": 123.0,
        "dataset": "openslr/librispeech_asr:test.clean",
        "wer": 1.0082191228866577,
        "accuracy": 0.10290166577109083,
        "eval_batch_size": 1.0,
        "inference_runtime_sec": 12.752187967300415,
        "inference_samples_per_sec": 8.547552802664251,
        "inference_peak_gpu_mem_mb": 38.103515625,
        "model_total_params": 1949405.0,
        "model_trainable_params": 1949405.0,
        "blank_ratio": 0.0,
        "empty_pred_ratio": 0.0,
        "nonempty_pred_ratio": 1.0,
        "exact_match_ratio": 0.0,
        "avg_pred_chars": 2.5871559633027523,
        "avg_ref_chars": 28.44954128440367,
        "avg_out_length": 285.8440366972477,
        "pred_to_ref_char_ratio": 0.090938406965495,
        "short_pred_ratio": 0.909061593034505,
        "long_pred_ratio": 0.0,
        "length_deviation_ratio": 0.909061593034505,
        "adjacent_repeat_ratio": 0.7247706422018348,
        "dominant_char_ratio": 1.0,
        "avg_target_length": 34.14678899082569,
        "avg_length_margin": 251.69724770642202,
        "invalid_length_ratio": 0.0,
        "diagnostics_artifact": "results/phase7/experiments/P7A03/diagnostics/test_seed_123_best_openslr_librispeech_asr_test.clean.json"
      }
    }
  }
}