{
  "model_name": "audio_transformer_time_budget_SEL02",
  "architecture": "Audio Transformer Encoder + CTC",
  "adaptation_technique": "MAE pretrain -> CTC fine-tune",
  "runs": {
    "42": {
      "pretrain_loss": 50.30181162697928,
      "pretrain_runtime_sec": 60.146016120910645,
      "pretrain_peak_gpu_mem_mb": 140.7197265625,
      "pretrain_total_params": 1638224.0,
      "pretrain_trainable_params": 1638224.0,
      "train_loss": 0.8307021921873092,
      "train_runtime_sec": 110.56420946121216,
      "train_peak_gpu_mem_mb": 83.65576171875,
      "eval_peak_gpu_mem_mb": 44.54833984375,
      "valid_peak_gpu_mem_mb": 44.54833984375,
      "valid_wer": 1.0,
      "valid_runtime_sec": 32.96270704269409,
      "valid_samples_per_sec": 9.10119425602493,
      "best_valid_wer": 1.0,
      "finetune_total_params": 1505501.0,
      "finetune_trainable_params": 1505501.0,
      "seed": 42.0
    },
    "123": {
      "pretrain_loss": 49.854867117745535,
      "pretrain_runtime_sec": 61.58948373794556,
      "pretrain_peak_gpu_mem_mb": 142.046875,
      "pretrain_total_params": 1638224.0,
      "pretrain_trainable_params": 1638224.0,
      "train_loss": 0.8265134292840958,
      "train_runtime_sec": 116.38050889968872,
      "train_peak_gpu_mem_mb": 83.65576171875,
      "eval_peak_gpu_mem_mb": 44.54833984375,
      "valid_peak_gpu_mem_mb": 44.54833984375,
      "valid_wer": 1.0,
      "valid_runtime_sec": 36.56674098968506,
      "valid_samples_per_sec": 8.204176579056515,
      "best_valid_wer": 1.0,
      "finetune_total_params": 1505501.0,
      "finetune_trainable_params": 1505501.0,
      "seed": 123.0
    }
  }
}