{
  "model_name": "audio_transformer_time_budget_SEL01",
  "architecture": "Audio Transformer Encoder + CTC",
  "adaptation_technique": "MAE pretrain -> CTC fine-tune",
  "runs": {
    "42": {
      "pretrain_loss": 52.907758712768555,
      "pretrain_runtime_sec": 58.25984001159668,
      "pretrain_peak_gpu_mem_mb": 74.30615234375,
      "pretrain_total_params": 1707584.0,
      "pretrain_trainable_params": 1707584.0,
      "train_loss": 0.73245361328125,
      "train_runtime_sec": 114.69673156738281,
      "train_peak_gpu_mem_mb": 55.51513671875,
      "eval_peak_gpu_mem_mb": 39.12255859375,
      "valid_peak_gpu_mem_mb": 39.12255859375,
      "valid_wer": 1.0,
      "valid_runtime_sec": 34.35947918891907,
      "valid_samples_per_sec": 8.73121499748314,
      "best_valid_wer": 1.0,
      "finetune_total_params": 1551581.0,
      "finetune_trainable_params": 1551581.0,
      "seed": 42.0
    },
    "123": {
      "pretrain_loss": 53.250137547084265,
      "pretrain_runtime_sec": 61.38382887840271,
      "pretrain_peak_gpu_mem_mb": 74.30615234375,
      "pretrain_total_params": 1707584.0,
      "pretrain_trainable_params": 1707584.0,
      "train_loss": 0.8413802766799927,
      "train_runtime_sec": 114.83520317077637,
      "train_peak_gpu_mem_mb": 55.51611328125,
      "eval_peak_gpu_mem_mb": 39.12255859375,
      "valid_peak_gpu_mem_mb": 39.12255859375,
      "valid_wer": 1.00471615720524,
      "valid_runtime_sec": 34.45021677017212,
      "valid_samples_per_sec": 8.708218064385235,
      "best_valid_wer": 1.00471615720524,
      "finetune_total_params": 1551581.0,
      "finetune_trainable_params": 1551581.0,
      "seed": 123.0
    }
  }
}