{
  "model_name": "tpfast_core_voxpopuli_R0_VOX",
  "architecture": "Audio Transformer Encoder + CTC",
  "adaptation_technique": "CTC fine-tune only (no MAE)",
  "runs": {
    "456": {
      "seed": 456.0,
      "wer": 1.0,
      "accuracy": 0.0037914691943128354,
      "eval_batch_size": 2.0,
      "inference_runtime_sec": 1.241126298904419,
      "inference_samples_per_sec": 16.920115236086254,
      "inference_peak_gpu_mem_mb": 64.6513671875,
      "model_total_params": 1551581.0,
      "model_trainable_params": 1551581.0,
      "blank_ratio": 0.9088736181655214,
      "empty_pred_ratio": 0.9523809523809523,
      "nonempty_pred_ratio": 0.04761904761904767,
      "pred_to_ref_char_ratio": 0.0011160714285714285,
      "short_pred_ratio": 0.9988839285714286,
      "invalid_length_ratio": 0.0,
      "avg_out_length": 159.38095238095238,
      "avg_target_length": 50.23809523809524,
      "avg_length_margin": 109.14285714285714,
      "checkpoint_variant": "best",
      "adjacent_repeat_ratio": 0.0,
      "alignment_interpolation_ratio_mean": 0.0,
      "avg_pred_chars": 0.047619047619047616,
      "avg_ref_chars": 42.666666666666664,
      "collapse_compression_ratio": 140.83624338624338,
      "collapsed_dominant_char_ratio": 0.047619047619047616,
      "collapsed_repeat_ratio": 0.0,
      "collapsed_unique_char_ratio": 0.047619047619047616,
      "dominant_char_ratio": 0.047619047619047616,
      "eval_peak_gpu_mem_mb": 64.6513671875,
      "eval_runtime_sec": 1.241126298904419,
      "eval_samples_per_sec": 16.920115236086254,
      "exact_match_ratio": 0.14285714285714285,
      "frame_blank_prob_mean": 0.7488471859777227,
      "frame_blank_prob_std": 0.3142702324144379,
      "frame_entropy_mean": 0.9987423238306926,
      "frame_entropy_std": 1.0715112913167353,
      "frame_nonblank_prob_mean": 0.2511528181538213,
      "frame_nonblank_prob_std": 0.3142702137137293,
      "frame_top1_confidence_mean": 0.7563711530527572,
      "frame_top1_confidence_std": 0.2990726056141141,
      "frame_top1_margin_mean": 0.7065907163622844,
      "frame_top1_margin_std": 0.3581522865435532,
      "length_deviation_ratio": 0.9988839285714286,
      "long_pred_ratio": 0.0,
      "raw_adjacent_repeat_ratio": 0.9593839343203069,
      "raw_blank_argmax_ratio": 0.7137809758630427,
      "raw_dominant_token_ratio": 0.9539097693752949,
      "raw_nonblank_argmax_ratio": 0.2862190241369572,
      "raw_token_switch_ratio": 0.04061606567969315,
      "raw_unique_token_ratio": 0.018423619040155503,
      "sample_coverage_ratio": 1.0,
      "sample_revisit_ratio": 0.0,
      "student_frames_per_second_estimate": 0.0,
      "student_time_steps_mean": 0.0,
      "teacher_blank_prob_mean": 0.0,
      "teacher_blank_prob_std": 0.0,
      "teacher_entropy_mean": 0.0,
      "teacher_entropy_std": 0.0,
      "teacher_frames_per_second_estimate": 0.0,
      "teacher_nonblank_prob_mean": 0.0,
      "teacher_nonblank_prob_std": 0.0,
      "teacher_student_alignment_stretch_mean": 0.0,
      "teacher_student_argmax_agreement": 0.0,
      "teacher_student_feature_cosine_mean": 0.0,
      "teacher_student_feature_cosine_std": 0.0,
      "teacher_student_feature_mse_mean": 0.0,
      "teacher_student_feature_norm_ratio_mean": 0.0,
      "teacher_student_topk_overlap_at1": 0.0,
      "teacher_student_topk_overlap_at3": 0.0,
      "teacher_student_valid_frame_overlap_ratio": 0.0,
      "teacher_time_steps_mean": 0.0,
      "teacher_to_student_time_ratio_mean": 0.0,
      "teacher_top1_confidence_mean": 0.0,
      "teacher_top1_confidence_std": 0.0,
      "teacher_top1_margin_mean": 0.0,
      "teacher_top1_margin_std": 0.0,
      "unique_char_ratio": 0.047619047619047616,
      "unique_sample_ids_seen": 21.0
    },
    "789": {
      "seed": 789.0,
      "wer": 1.0,
      "accuracy": 0.0028436018957346265,
      "eval_batch_size": 2.0,
      "inference_runtime_sec": 1.098414659500122,
      "inference_samples_per_sec": 19.118462976046676,
      "inference_peak_gpu_mem_mb": 64.6513671875,
      "model_total_params": 1551581.0,
      "model_trainable_params": 1551581.0,
      "blank_ratio": 1.0,
      "empty_pred_ratio": 1.0,
      "nonempty_pred_ratio": 0.0,
      "pred_to_ref_char_ratio": 0.0,
      "short_pred_ratio": 1.0,
      "invalid_length_ratio": 0.0,
      "avg_out_length": 159.38095238095238,
      "avg_target_length": 50.23809523809524,
      "avg_length_margin": 109.14285714285714,
      "checkpoint_variant": "best",
      "adjacent_repeat_ratio": 0.0,
      "alignment_interpolation_ratio_mean": 0.0,
      "avg_pred_chars": 0.0,
      "avg_ref_chars": 42.666666666666664,
      "collapse_compression_ratio": 159.38095238095238,
      "collapsed_dominant_char_ratio": 0.0,
      "collapsed_repeat_ratio": 0.0,
      "collapsed_unique_char_ratio": 0.0,
      "dominant_char_ratio": 0.0,
      "eval_peak_gpu_mem_mb": 64.6513671875,
      "eval_runtime_sec": 1.098414659500122,
      "eval_samples_per_sec": 19.118462976046676,
      "exact_match_ratio": 0.14285714285714285,
      "frame_blank_prob_mean": 0.7245786796230183,
      "frame_blank_prob_std": 0.06310042421652719,
      "frame_entropy_mean": 1.4541868603617745,
      "frame_entropy_std": 0.25210863459037236,
      "frame_nonblank_prob_mean": 0.2754213146783004,
      "frame_nonblank_prob_std": 0.06310037458334167,
      "frame_top1_confidence_mean": 0.7245786796230183,
      "frame_top1_confidence_std": 0.06310042421652719,
      "frame_top1_margin_mean": 0.6975711768942161,
      "frame_top1_margin_std": 0.06991261282524254,
      "length_deviation_ratio": 1.0,
      "long_pred_ratio": 0.0,
      "raw_adjacent_repeat_ratio": 1.0,
      "raw_blank_argmax_ratio": 1.0,
      "raw_dominant_token_ratio": 1.0,
      "raw_nonblank_argmax_ratio": 0.0,
      "raw_token_switch_ratio": 0.0,
      "raw_unique_token_ratio": 0.012228683045987383,
      "sample_coverage_ratio": 1.0,
      "sample_revisit_ratio": 0.0,
      "student_frames_per_second_estimate": 0.0,
      "student_time_steps_mean": 0.0,
      "teacher_blank_prob_mean": 0.0,
      "teacher_blank_prob_std": 0.0,
      "teacher_entropy_mean": 0.0,
      "teacher_entropy_std": 0.0,
      "teacher_frames_per_second_estimate": 0.0,
      "teacher_nonblank_prob_mean": 0.0,
      "teacher_nonblank_prob_std": 0.0,
      "teacher_student_alignment_stretch_mean": 0.0,
      "teacher_student_argmax_agreement": 0.0,
      "teacher_student_feature_cosine_mean": 0.0,
      "teacher_student_feature_cosine_std": 0.0,
      "teacher_student_feature_mse_mean": 0.0,
      "teacher_student_feature_norm_ratio_mean": 0.0,
      "teacher_student_topk_overlap_at1": 0.0,
      "teacher_student_topk_overlap_at3": 0.0,
      "teacher_student_valid_frame_overlap_ratio": 0.0,
      "teacher_time_steps_mean": 0.0,
      "teacher_to_student_time_ratio_mean": 0.0,
      "teacher_top1_confidence_mean": 0.0,
      "teacher_top1_confidence_std": 0.0,
      "teacher_top1_margin_mean": 0.0,
      "teacher_top1_margin_std": 0.0,
      "unique_char_ratio": 0.0,
      "unique_sample_ids_seen": 21.0
    },
    "1024": {
      "seed": 1024.0,
      "wer": 1.0,
      "accuracy": 0.018957345971563955,
      "eval_batch_size": 2.0,
      "inference_runtime_sec": 1.098146677017212,
      "inference_samples_per_sec": 19.12312848502191,
      "inference_peak_gpu_mem_mb": 64.6513671875,
      "model_total_params": 1551581.0,
      "model_trainable_params": 1551581.0,
      "blank_ratio": 0.08126680609501045,
      "empty_pred_ratio": 0.7619047619047619,
      "nonempty_pred_ratio": 0.23809523809523814,
      "pred_to_ref_char_ratio": 0.013392857142857142,
      "short_pred_ratio": 0.9866071428571429,
      "invalid_length_ratio": 0.0,
      "avg_out_length": 159.38095238095238,
      "avg_target_length": 50.23809523809524,
      "avg_length_margin": 109.14285714285714,
      "checkpoint_variant": "best",
      "adjacent_repeat_ratio": 0.14285714285714285,
      "alignment_interpolation_ratio_mean": 0.0,