{
  "metrics": {
    "facebook/voxpopuli:validation": {
      "wer": {
        "mean": 0.9988505721092225,
        "std": 0.0022988557815571075
      },
      "accuracy": {
        "mean": 0.007203791469194321,
        "std": 0.0059527273812729955
      },
      "eval_runtime_sec": {
        "mean": 1.1358766555786133,
        "std": 0.07063300186146595
      },
      "eval_samples_per_sec": {
        "mean": 18.55838552020609,
        "std": 1.134212069573678
      },
      "eval_peak_gpu_mem_mb": {
        "mean": 64.6513671875,
        "std": 0.0
      },
      "blank_ratio": {
        "mean": 0.7584105168807888,
        "std": 0.34075993242890984
      },
      "empty_pred_ratio": {
        "mean": 0.8857142857142858,
        "std": 0.0883201761475788
      },
      "nonempty_pred_ratio": {
        "mean": 0.1142857142857143,
        "std": 0.08832017614757816
      },
      "exact_match_ratio": {
        "mean": 0.14285714285714285,
        "std": 1.862645149230957e-09
      },
      "avg_pred_chars": {
        "mean": 0.18095238095238095,
        "std": 0.20514913550988584
      },
      "avg_ref_chars": {
        "mean": 42.666666666666664,
        "std": 4.76837158203125e-07
      },
      "avg_out_length": {
        "mean": 159.38095238095238,
        "std": 0.0
      },
      "pred_to_ref_char_ratio": {
        "mean": 0.004241071428571428,
        "std": 0.004808182863512949
      },
      "short_pred_ratio": {
        "mean": 0.9957589285714287,
        "std": 0.0048081828635003964
      },
      "long_pred_ratio": {
        "mean": 0.0,
        "std": 0.0
      },
      "length_deviation_ratio": {
        "mean": 0.9957589285714287,
        "std": 0.0048081828635003964
      },
      "adjacent_repeat_ratio": {
        "mean": 0.02857142857142857,
        "std": 0.057142857142857134
      },
      "dominant_char_ratio": {
        "mean": 0.10952380952380951,
        "std": 0.08192690730516787
      },
      "unique_char_ratio": {
        "mean": 0.09603174603174602,
        "std": 0.06792092982645924
      },
      "collapsed_repeat_ratio": {
        "mean": 0.02857142857142857,
        "std": 0.057142857142857134
      },
      "collapsed_dominant_char_ratio": {
        "mean": 0.10952380952380951,
        "std": 0.08192690730516787
      },
      "collapsed_unique_char_ratio": {
        "mean": 0.09603174603174602,
        "std": 0.06792092982645924
      },
      "collapse_compression_ratio": {
        "mean": 143.72942554799698,
        "std": 10.33811155652345
      },
      "raw_blank_argmax_ratio": {
        "mean": 0.6728372647817301,
        "std": 0.2391642349848765
      },
      "raw_nonblank_argmax_ratio": {
        "mean": 0.3271627352182698,
        "std": 0.23916423498487657
      },
      "raw_unique_token_ratio": {
        "mean": 0.017728488256841334,
        "std": 0.0032427161343232726
      },
      "raw_dominant_token_ratio": {
        "mean": 0.9561922004186638,
        "std": 0.03140018292331058
      },
      "raw_adjacent_repeat_ratio": {
        "mean": 0.967433644828137,
        "std": 0.022398950130089704
      },
      "raw_token_switch_ratio": {
        "mean": 0.03256635517186307,
        "std": 0.022398950130089603
      },
      "avg_target_length": {
        "mean": 50.23809523809524,
        "std": 0.0
      },
      "avg_length_margin": {
        "mean": 109.14285714285715,
        "std": 0.0
      },
      "invalid_length_ratio": {
        "mean": 0.0,
        "std": 0.0
      },
      "frame_blank_prob_mean": {
        "mean": 0.6102794305295918,
        "std": 0.2804650550153747
      },
      "frame_blank_prob_std": {
        "mean": 0.21741909937508258,
        "std": 0.12246350523160822
      },
      "frame_nonblank_prob_mean": {
        "mean": 0.3897205763088257,
        "std": 0.28046506366411217
      },
      "frame_nonblank_prob_std": {
        "mean": 0.21741904951029084,
        "std": 0.12246357300366233
      },
      "frame_entropy_mean": {
        "mean": 1.0829288679840388,
        "std": 0.1927034283773457
      },
      "frame_entropy_std": {
        "mean": 0.9022000784771833,
        "std": 0.32618064800144475
      },
      "frame_top1_confidence_mean": {
        "mean": 0.7549257102922998,
        "std": 0.018332421409498104
      },
      "frame_top1_confidence_std": {
        "mean": 0.2492030361688499,
        "std": 0.09325836165439799
      },
      "frame_top1_margin_mean": {
        "mean": 0.7158412569346341,
        "std": 0.016662223621956043
      },
      "frame_top1_margin_std": {
        "mean": 0.29246102946834773,
        "std": 0.11152722592698434
      },
      "unique_sample_ids_seen": {
        "mean": 21.0,
        "std": 0.0
      },
      "sample_coverage_ratio": {
        "mean": 1.0,
        "std": 0.0
      },
      "sample_revisit_ratio": {
        "mean": 0.0,
        "std": 0.0
      },
      "student_time_steps_mean": {
        "mean": 0.0,
        "std": 0.0
      },
      "teacher_time_steps_mean": {
        "mean": 0.0,
        "std": 0.0
      },
      "teacher_to_student_time_ratio_mean": {
        "mean": 0.0,
        "std": 0.0
      },
      "alignment_interpolation_ratio_mean": {
        "mean": 0.0,
        "std": 0.0
      },
      "student_frames_per_second_estimate": {
        "mean": 0.0,
        "std": 0.0
      },
      "teacher_frames_per_second_estimate": {
        "mean": 0.0,
        "std": 0.0
      },
      "teacher_student_valid_frame_overlap_ratio": {
        "mean": 0.0,
        "std": 0.0
      },
      "teacher_student_alignment_stretch_mean": {
        "mean": 0.0,
        "std": 0.0
      },
      "teacher_entropy_mean": {
        "mean": 0.0,
        "std": 0.0
      },
      "teacher_entropy_std": {
        "mean": 0.0,
        "std": 0.0
      },
      "teacher_top1_confidence_mean": {
        "mean": 0.0,
        "std": 0.0
      },
      "teacher_top1_confidence_std": {
        "mean": 0.0,
        "std": 0.0
      },
      "teacher_top1_margin_mean": {
        "mean": 0.0,
        "std": 0.0
      },
      "teacher_top1_margin_std": {
        "mean": 0.0,
        "std": 0.0
      },
      "teacher_blank_prob_mean": {
        "mean": 0.0,
        "std": 0.0
      },
      "teacher_blank_prob_std": {
        "mean": 0.0,
        "std": 0.0
      },
      "teacher_nonblank_prob_mean": {
        "mean": 0.0,
        "std": 0.0
      },
      "teacher_nonblank_prob_std": {
        "mean": 0.0,
        "std": 0.0
      },
      "teacher_student_argmax_agreement": {
        "mean": 0.0,
        "std": 0.0
      },
      "teacher_student_topk_overlap_at1": {
        "mean": 0.0,
        "std": 0.0
      },
      "teacher_student_topk_overlap_at3": {
        "mean": 0.0,
        "std": 0.0
      },
      "teacher_student_feature_cosine_mean": {
        "mean": 0.0,
        "std": 0.0
      },
      "teacher_student_feature_cosine_std": {
        "mean": 0.0,
        "std": 0.0
      },
      "teacher_student_feature_mse_mean": {
        "mean": 0.0,
        "std": 0.0
      },
      "teacher_student_feature_norm_ratio_mean": {
        "mean": 0.0,
        "std": 0.0
      },
      "seed": {
        "mean": 486.8,
        "std": 377.1086845990158
      },
      "eval_batch_size": {
        "mean": 2.0,
        "std": 0.0
      },
      "inference_runtime_sec": {
        "mean": 1.1358766555786133,
        "std": 0.07063300186146595
      },
      "inference_samples_per_sec": {
        "mean": 18.55838552020609,
        "std": 1.134212069573678
      },
      "inference_peak_gpu_mem_mb": {
        "mean": 64.6513671875,
        "std": 0.0
      },
      "model_total_params": {
        "mean": 1551581.0,
        "std": 0.0
      },
      "model_trainable_params": {
        "mean": 1551581.0,
        "std": 0.0
      }
    }
  }
}