{
  "metrics": {
    "facebook/voxpopuli:validation": {
      "wer": {
        "mean": 1.0137930870056153,
        "std": 0.024812670604297808
      },
      "accuracy": {
        "mean": 0.0018957345971564177,
        "std": 0.0011989678332392083
      },
      "eval_runtime_sec": {
        "mean": 1.1415469169616699,
        "std": 0.09574849973628624
      },
      "eval_samples_per_sec": {
        "mean": 18.52262332695907,
        "std": 1.5095138258547065
      },
      "eval_peak_gpu_mem_mb": {
        "mean": 302.2099609375,
        "std": 0.0
      },
      "blank_ratio": {
        "mean": 0.5518108350793176,
        "std": 0.45662103857044495
      },
      "empty_pred_ratio": {
        "mean": 0.9714285714285713,
        "std": 0.0380952380952414
      },
      "nonempty_pred_ratio": {
        "mean": 0.02857142857142858,
        "std": 0.03809523809523809
      },
      "exact_match_ratio": {
        "mean": 0.11428571428571428,
        "std": 0.03809523809523808
      },
      "avg_pred_chars": {
        "mean": 0.14285714285714285,
        "std": 0.24093544077473372
      },
      "avg_ref_chars": {
        "mean": 42.666666666666664,
        "std": 4.76837158203125e-07
      },
      "avg_out_length": {
        "mean": 318.19047619047626,
        "std": 0.0
      },
      "pred_to_ref_char_ratio": {
        "mean": 0.0033482142857142855,
        "std": 0.005646924393157821
      },
      "short_pred_ratio": {
        "mean": 0.9966517857142858,
        "std": 0.005646924393133586
      },
      "long_pred_ratio": {
        "mean": 0.0,
        "std": 0.0
      },
      "length_deviation_ratio": {
        "mean": 0.9966517857142858,
        "std": 0.005646924393133586
      },
      "adjacent_repeat_ratio": {
        "mean": 0.012244897959183673,
        "std": 0.02448979591836734
      },
      "dominant_char_ratio": {
        "mean": 0.02023809523809524,
        "std": 0.03002266717361546
      },
      "unique_char_ratio": {
        "mean": 0.01380952380952381,
        "std": 0.018832114222176368
      },
      "collapsed_repeat_ratio": {
        "mean": 0.012244897959183673,
        "std": 0.02448979591836734
      },
      "collapsed_dominant_char_ratio": {
        "mean": 0.02023809523809524,
        "std": 0.03002266717361546
      },
      "collapsed_unique_char_ratio": {
        "mean": 0.01380952380952381,
        "std": 0.018832114222176368
      },
      "collapse_compression_ratio": {
        "mean": 216.84545761536938,
        "std": 118.31497351491724
      },
      "raw_blank_argmax_ratio": {
        "mean": 0.5578396889426396,
        "std": 0.45713130176966643
      },
      "raw_nonblank_argmax_ratio": {
        "mean": 0.44216031105736037,
        "std": 0.4571313017696664
      },
      "raw_unique_token_ratio": {
        "mean": 0.008088777510561706,
        "std": 0.002500920178529081
      },
      "raw_dominant_token_ratio": {
        "mean": 0.9519541751998404,
        "std": 0.08863929588684549
      },
      "raw_adjacent_repeat_ratio": {
        "mean": 0.9797901562262664,
        "std": 0.03398140748444517
      },
      "raw_token_switch_ratio": {
        "mean": 0.020209843773733603,
        "std": 0.033981407484445836
      },
      "avg_target_length": {
        "mean": 50.23809523809524,
        "std": 0.0
      },
      "avg_length_margin": {
        "mean": 267.95238095238096,
        "std": 0.0
      },
      "invalid_length_ratio": {
        "mean": 0.0,
        "std": 0.0
      },
      "frame_blank_prob_mean": {
        "mean": 0.39046185496537783,
        "std": 0.2793289135433222
      },
      "frame_blank_prob_std": {
        "mean": 0.10533154023264468,
        "std": 0.10801357301908396
      },
      "frame_nonblank_prob_mean": {
        "mean": 0.6095381383088062,
        "std": 0.27932891770322116
      },
      "frame_nonblank_prob_std": {
        "mean": 0.10533112933545896,
        "std": 0.10801392988237678
      },
      "frame_entropy_mean": {
        "mean": 1.8007831101929916,
        "std": 0.512669154307322
      },
      "frame_entropy_std": {
        "mean": 0.3931413775945873,
        "std": 0.2024142126891533
      },
      "frame_top1_confidence_mean": {
        "mean": 0.6060458282909147,
        "std": 0.15571167716496154
      },
      "frame_top1_confidence_std": {
        "mean": 0.11917930950277533,
        "std": 0.06951549052021251
      },
      "frame_top1_margin_mean": {
        "mean": 0.5492458039791561,
        "std": 0.19764059210450308
      },
      "frame_top1_margin_std": {
        "mean": 0.12991711826050972,
        "std": 0.07613918985951276
      },
      "unique_sample_ids_seen": {
        "mean": 21.0,
        "std": 0.0
      },
      "sample_coverage_ratio": {
        "mean": 1.0,
        "std": 0.0
      },
      "sample_revisit_ratio": {
        "mean": 0.0,
        "std": 0.0
      },
      "student_time_steps_mean": {
        "mean": 0.0,
        "std": 0.0
      },
      "teacher_time_steps_mean": {
        "mean": 0.0,
        "std": 0.0
      },
      "teacher_to_student_time_ratio_mean": {
        "mean": 0.0,
        "std": 0.0
      },
      "alignment_interpolation_ratio_mean": {
        "mean": 0.0,
        "std": 0.0
      },
      "student_frames_per_second_estimate": {
        "mean": 0.0,
        "std": 0.0
      },
      "teacher_frames_per_second_estimate": {
        "mean": 0.0,
        "std": 0.0
      },
      "teacher_student_valid_frame_overlap_ratio": {
        "mean": 0.0,
        "std": 0.0
      },
      "teacher_student_alignment_stretch_mean": {
        "mean": 0.0,
        "std": 0.0
      },
      "teacher_entropy_mean": {
        "mean": 0.0,
        "std": 0.0
      },
      "teacher_entropy_std": {
        "mean": 0.0,
        "std": 0.0
      },
      "teacher_top1_confidence_mean": {
        "mean": 0.0,
        "std": 0.0
      },
      "teacher_top1_confidence_std": {
        "mean": 0.0,
        "std": 0.0
      },
      "teacher_top1_margin_mean": {
        "mean": 0.0,
        "std": 0.0
      },
      "teacher_top1_margin_std": {
        "mean": 0.0,
        "std": 0.0
      },
      "teacher_blank_prob_mean": {
        "mean": 0.0,
        "std": 0.0
      },
      "teacher_blank_prob_std": {
        "mean": 0.0,
        "std": 0.0
      },
      "teacher_nonblank_prob_mean": {
        "mean": 0.0,
        "std": 0.0
      },
      "teacher_nonblank_prob_std": {
        "mean": 0.0,
        "std": 0.0
      },
      "teacher_student_argmax_agreement": {
        "mean": 0.0,
        "std": 0.0
      },
      "teacher_student_topk_overlap_at1": {
        "mean": 0.0,
        "std": 0.0
      },
      "teacher_student_topk_overlap_at3": {
        "mean": 0.0,
        "std": 0.0
      },
      "teacher_student_feature_cosine_mean": {
        "mean": 0.0,
        "std": 0.0
      },
      "teacher_student_feature_cosine_std": {
        "mean": 0.0,
        "std": 0.0
      },
      "teacher_student_feature_mse_mean": {
        "mean": 0.0,
        "std": 0.0
      },
      "teacher_student_feature_norm_ratio_mean": {
        "mean": 0.0,
        "std": 0.0
      },
      "seed": {
        "mean": 486.8,
        "std": 377.1086845990158
      },
      "eval_batch_size": {
        "mean": 2.0,
        "std": 0.0
      },
      "inference_runtime_sec": {
        "mean": 1.1415469169616699,
        "std": 0.09574849973628624
      },
      "inference_samples_per_sec": {
        "mean": 18.52262332695907,
        "std": 1.5095138258547065
      },
      "inference_peak_gpu_mem_mb": {
        "mean": 302.2099609375,
        "std": 0.0
      },
      "model_total_params": {
        "mean": 1520861.0,
        "std": 0.0
      },
      "model_trainable_params": {
        "mean": 1520861.0,
        "std": 0.0
      }
    }
  }
}