{
  "metrics": {
    "facebook/voxpopuli:validation": {
      "wer": {
        "mean": 1.0,
        "std": 0.0
      },
      "accuracy": {
        "mean": 0.0028436018957346265,
        "std": 0.0
      },
      "eval_runtime_sec": {
        "mean": 1.185923433303833,
        "std": 0.09914164846382362
      },
      "eval_samples_per_sec": {
        "mean": 17.834199435552403,
        "std": 1.5190099525418013
      },
      "eval_peak_gpu_mem_mb": {
        "mean": 64.6513671875,
        "std": 0.0
      },
      "blank_ratio": {
        "mean": 0.8005975500448163,
        "std": 0.3988048999103674
      },
      "empty_pred_ratio": {
        "mean": 1.0,
        "std": 0.0
      },
      "nonempty_pred_ratio": {
        "mean": 0.0,
        "std": 0.0
      },
      "exact_match_ratio": {
        "mean": 0.14285714285714285,
        "std": 1.862645149230957e-09
      },
      "avg_pred_chars": {
        "mean": 0.0,
        "std": 0.0
      },
      "avg_ref_chars": {
        "mean": 42.666666666666664,
        "std": 4.76837158203125e-07
      },
      "avg_out_length": {
        "mean": 159.38095238095238,
        "std": 0.0
      },
      "pred_to_ref_char_ratio": {
        "mean": 0.0,
        "std": 0.0
      },
      "short_pred_ratio": {
        "mean": 1.0,
        "std": 0.0
      },
      "long_pred_ratio": {
        "mean": 0.0,
        "std": 0.0
      },
      "length_deviation_ratio": {
        "mean": 1.0,
        "std": 0.0
      },
      "adjacent_repeat_ratio": {
        "mean": 0.0,
        "std": 0.0
      },
      "dominant_char_ratio": {
        "mean": 0.0,
        "std": 0.0
      },
      "unique_char_ratio": {
        "mean": 0.0,
        "std": 0.0
      },
      "collapsed_repeat_ratio": {
        "mean": 0.0,
        "std": 0.0
      },
      "collapsed_dominant_char_ratio": {
        "mean": 0.0,
        "std": 0.0
      },
      "collapsed_unique_char_ratio": {
        "mean": 0.0,
        "std": 0.0
      },
      "collapse_compression_ratio": {
        "mean": 152.28571428571428,
        "std": 14.19047619047602
      },
      "raw_blank_argmax_ratio": {
        "mean": 0.8019270677368265,
        "std": 0.39614586452634687
      },
      "raw_nonblank_argmax_ratio": {
        "mean": 0.19807293226317352,
        "std": 0.39614586452634704
      },
      "raw_unique_token_ratio": {
        "mean": 0.013190951468241344,
        "std": 0.001924536844507914
      },
      "raw_dominant_token_ratio": {
        "mean": 0.9980729322631735,
        "std": 0.003854135473640284
      },
      "raw_adjacent_repeat_ratio": {
        "mean": 0.9973950162241743,
        "std": 0.005209967551632073
      },
      "raw_token_switch_ratio": {
        "mean": 0.0026049837758258497,
        "std": 0.0052099675516517
      },
      "avg_target_length": {
        "mean": 50.23809523809524,
        "std": 0.0
      },
      "avg_length_margin": {
        "mean": 109.14285714285715,
        "std": 0.0
      },
      "invalid_length_ratio": {
        "mean": 0.0,
        "std": 0.0
      },
      "frame_blank_prob_mean": {
        "mean": 0.5274915170911749,
        "std": 0.24515933203300191
      },
      "frame_blank_prob_std": {
        "mean": 0.08222837500716382,
        "std": 0.030180280472035335
      },
      "frame_nonblank_prob_mean": {
        "mean": 0.47250847988852396,
        "std": 0.24515932724569522
      },
      "frame_nonblank_prob_std": {
        "mean": 0.08222845786962328,
        "std": 0.030180228535982276
      },
      "frame_entropy_mean": {
        "mean": 1.815851592789631,
        "std": 0.2314862914494842
      },
      "frame_entropy_std": {
        "mean": 0.35112983907684364,
        "std": 0.09427680059147096
      },
      "frame_top1_confidence_mean": {
        "mean": 0.6281970592552346,
        "std": 0.06825273279438418
      },
      "frame_top1_confidence_std": {
        "mean": 0.10104126250861563,
        "std": 0.034472533946009284
      },
      "frame_top1_margin_mean": {
        "mean": 0.5908041929821132,
        "std": 0.08142520019606622
      },
      "frame_top1_margin_std": {
        "mean": 0.11309287655015228,
        "std": 0.041954223570410225
      },
      "unique_sample_ids_seen": {
        "mean": 21.0,
        "std": 0.0
      },
      "sample_coverage_ratio": {
        "mean": 1.0,
        "std": 0.0
      },
      "sample_revisit_ratio": {
        "mean": 0.0,
        "std": 0.0
      },
      "student_time_steps_mean": {
        "mean": 0.0,
        "std": 0.0
      },
      "teacher_time_steps_mean": {
        "mean": 0.0,
        "std": 0.0
      },
      "teacher_to_student_time_ratio_mean": {
        "mean": 0.0,
        "std": 0.0
      },
      "alignment_interpolation_ratio_mean": {
        "mean": 0.0,
        "std": 0.0
      },
      "student_frames_per_second_estimate": {
        "mean": 0.0,
        "std": 0.0
      },
      "teacher_frames_per_second_estimate": {
        "mean": 0.0,
        "std": 0.0
      },
      "teacher_student_valid_frame_overlap_ratio": {
        "mean": 0.0,
        "std": 0.0
      },
      "teacher_student_alignment_stretch_mean": {
        "mean": 0.0,
        "std": 0.0
      },
      "teacher_entropy_mean": {
        "mean": 0.0,
        "std": 0.0
      },
      "teacher_entropy_std": {
        "mean": 0.0,
        "std": 0.0
      },
      "teacher_top1_confidence_mean": {
        "mean": 0.0,
        "std": 0.0
      },
      "teacher_top1_confidence_std": {
        "mean": 0.0,
        "std": 0.0
      },
      "teacher_top1_margin_mean": {
        "mean": 0.0,
        "std": 0.0
      },
      "teacher_top1_margin_std": {
        "mean": 0.0,
        "std": 0.0
      },
      "teacher_blank_prob_mean": {
        "mean": 0.0,
        "std": 0.0
      },
      "teacher_blank_prob_std": {
        "mean": 0.0,
        "std": 0.0
      },
      "teacher_nonblank_prob_mean": {
        "mean": 0.0,
        "std": 0.0
      },
      "teacher_nonblank_prob_std": {
        "mean": 0.0,
        "std": 0.0
      },
      "teacher_student_argmax_agreement": {
        "mean": 0.0,
        "std": 0.0
      },
      "teacher_student_topk_overlap_at1": {
        "mean": 0.0,
        "std": 0.0
      },
      "teacher_student_topk_overlap_at3": {
        "mean": 0.0,
        "std": 0.0
      },
      "teacher_student_feature_cosine_mean": {
        "mean": 0.0,
        "std": 0.0
      },
      "teacher_student_feature_cosine_std": {
        "mean": 0.0,
        "std": 0.0
      },
      "teacher_student_feature_mse_mean": {
        "mean": 0.0,
        "std": 0.0
      },
      "teacher_student_feature_norm_ratio_mean": {
        "mean": 0.0,
        "std": 0.0
      },
      "seed": {
        "mean": 486.8,
        "std": 377.1086845990158
      },
      "eval_batch_size": {
        "mean": 2.0,
        "std": 0.0
      },
      "inference_runtime_sec": {
        "mean": 1.185923433303833,
        "std": 0.09914164846382362
      },
      "inference_samples_per_sec": {
        "mean": 17.834199435552403,
        "std": 1.5190099525418013
      },
      "inference_peak_gpu_mem_mb": {
        "mean": 64.6513671875,
        "std": 0.0
      },
      "model_total_params": {
        "mean": 1551581.0,
        "std": 0.0
      },
      "model_trainable_params": {
        "mean": 1551581.0,
        "std": 0.0
      }
    }
  }
}