{
  "metrics": {
    "facebook/voxpopuli:validation": {
      "wer": {
        "mean": 1.0,
        "std": 0.0
      },
      "accuracy": {
        "mean": 0.0028436018957346265,
        "std": 0.0
      },
      "eval_runtime_sec": {
        "mean": 1.250772476196289,
        "std": 0.06123368274199423
      },
      "eval_samples_per_sec": {
        "mean": 16.82912248141147,
        "std": 0.8071002691246317
      },
      "eval_peak_gpu_mem_mb": {
        "mean": 64.6513671875,
        "std": 0.0
      },
      "blank_ratio": {
        "mean": 0.6676625834080271,
        "std": 0.4699960818284053
      },
      "empty_pred_ratio": {
        "mean": 1.0,
        "std": 0.0
      },
      "nonempty_pred_ratio": {
        "mean": 0.0,
        "std": 0.0
      },
      "exact_match_ratio": {
        "mean": 0.14285714285714285,
        "std": 0.0
      },
      "avg_pred_chars": {
        "mean": 0.0,
        "std": 0.0
      },
      "avg_ref_chars": {
        "mean": 42.666666666666664,
        "std": 0.0
      },
      "avg_out_length": {
        "mean": 159.38095238095238,
        "std": 0.0
      },
      "pred_to_ref_char_ratio": {
        "mean": 0.0,
        "std": 0.0
      },
      "short_pred_ratio": {
        "mean": 1.0,
        "std": 0.0
      },
      "long_pred_ratio": {
        "mean": 0.0,
        "std": 0.0
      },
      "length_deviation_ratio": {
        "mean": 1.0,
        "std": 0.0
      },
      "adjacent_repeat_ratio": {
        "mean": 0.0,
        "std": 0.0
      },
      "dominant_char_ratio": {
        "mean": 0.0,
        "std": 0.0
      },
      "unique_char_ratio": {
        "mean": 0.0,
        "std": 0.0
      },
      "collapsed_repeat_ratio": {
        "mean": 0.0,
        "std": 0.0
      },
      "collapsed_dominant_char_ratio": {
        "mean": 0.0,
        "std": 0.0
      },
      "collapsed_unique_char_ratio": {
        "mean": 0.0,
        "std": 0.0
      },
      "collapse_compression_ratio": {
        "mean": 147.55555555555554,
        "std": 16.723636570919936
      },
      "raw_blank_argmax_ratio": {
        "mean": 0.6698784462280442,
        "std": 0.466862378575979
      },
      "raw_nonblank_argmax_ratio": {
        "mean": 0.3301215537719559,
        "std": 0.46686237857597895
      },
      "raw_unique_token_ratio": {
        "mean": 0.013832463749743984,
        "std": 0.002268088422324851
      },
      "raw_dominant_token_ratio": {
        "mean": 0.9967882204386225,
        "std": 0.004542142215052703
      },
      "raw_adjacent_repeat_ratio": {
        "mean": 0.9956583603736235,
        "std": 0.006140005642557993
      },
      "raw_token_switch_ratio": {
        "mean": 0.0043416396263764164,
        "std": 0.0061400056425579864
      },
      "avg_target_length": {
        "mean": 50.23809523809524,
        "std": 0.0
      },
      "avg_length_margin": {
        "mean": 109.14285714285715,
        "std": 1.4210854715202004e-14
      },
      "invalid_length_ratio": {
        "mean": 0.0,
        "std": 0.0
      },
      "frame_blank_prob_mean": {
        "mean": 0.4332749140047716,
        "std": 0.27683004579150683
      },
      "frame_blank_prob_std": {
        "mean": 0.0872871182761724,
        "std": 0.03272575187273445
      },
      "frame_nonblank_prob_mean": {
        "mean": 0.566725088559635,
        "std": 0.2768300354531457
      },
      "frame_nonblank_prob_std": {
        "mean": 0.0872872241500134,
        "std": 0.032725744479438636
      },
      "frame_entropy_mean": {
        "mean": 1.898541537405378,
        "std": 0.2315862977672349
      },
      "frame_entropy_std": {
        "mean": 0.40249482207633136,
        "std": 0.07357937193303901
      },
      "frame_top1_confidence_mean": {
        "mean": 0.6011174842782044,
        "std": 0.06771828134628677
      },
      "frame_top1_confidence_std": {
        "mean": 0.11864193077859204,
        "std": 0.028688040729471623
      },
      "frame_top1_margin_mean": {
        "mean": 0.5559897280798385,
        "std": 0.07981318081629749
      },
      "frame_top1_margin_std": {
        "mean": 0.13407687352189251,
        "std": 0.036604620577638206
      },
      "unique_sample_ids_seen": {
        "mean": 21.0,
        "std": 0.0
      },
      "sample_coverage_ratio": {
        "mean": 1.0,
        "std": 0.0
      },
      "sample_revisit_ratio": {
        "mean": 0.0,
        "std": 0.0
      },
      "student_time_steps_mean": {
        "mean": 0.0,
        "std": 0.0
      },
      "teacher_time_steps_mean": {
        "mean": 0.0,
        "std": 0.0
      },
      "teacher_to_student_time_ratio_mean": {
        "mean": 0.0,
        "std": 0.0
      },
      "alignment_interpolation_ratio_mean": {
        "mean": 0.0,
        "std": 0.0
      },
      "student_frames_per_second_estimate": {
        "mean": 0.0,
        "std": 0.0
      },
      "teacher_frames_per_second_estimate": {
        "mean": 0.0,
        "std": 0.0
      },
      "teacher_student_valid_frame_overlap_ratio": {
        "mean": 0.0,
        "std": 0.0
      },
      "teacher_student_alignment_stretch_mean": {
        "mean": 0.0,
        "std": 0.0
      },
      "teacher_entropy_mean": {
        "mean": 0.0,
        "std": 0.0
      },
      "teacher_entropy_std": {
        "mean": 0.0,
        "std": 0.0
      },
      "teacher_top1_confidence_mean": {
        "mean": 0.0,
        "std": 0.0
      },
      "teacher_top1_confidence_std": {
        "mean": 0.0,
        "std": 0.0
      },
      "teacher_top1_margin_mean": {
        "mean": 0.0,
        "std": 0.0
      },
      "teacher_top1_margin_std": {
        "mean": 0.0,
        "std": 0.0
      },
      "teacher_blank_prob_mean": {
        "mean": 0.0,
        "std": 0.0
      },
      "teacher_blank_prob_std": {
        "mean": 0.0,
        "std": 0.0
      },
      "teacher_nonblank_prob_mean": {
        "mean": 0.0,
        "std": 0.0
      },
      "teacher_nonblank_prob_std": {
        "mean": 0.0,
        "std": 0.0
      },
      "teacher_student_argmax_agreement": {
        "mean": 0.0,
        "std": 0.0
      },
      "teacher_student_topk_overlap_at1": {
        "mean": 0.0,
        "std": 0.0
      },
      "teacher_student_topk_overlap_at3": {
        "mean": 0.0,
        "std": 0.0
      },
      "teacher_student_feature_cosine_mean": {
        "mean": 0.0,
        "std": 0.0
      },
      "teacher_student_feature_cosine_std": {
        "mean": 0.0,
        "std": 0.0
      },
      "teacher_student_feature_mse_mean": {
        "mean": 0.0,
        "std": 0.0
      },
      "teacher_student_feature_norm_ratio_mean": {
        "mean": 0.0,
        "std": 0.0
      },
      "seed": {
        "mean": 756.3333333333334,
        "std": 233.0326634234399
      },
      "eval_batch_size": {
        "mean": 2.0,
        "std": 0.0
      },
      "inference_runtime_sec": {
        "mean": 1.250772476196289,
        "std": 0.06123368274199423
      },
      "inference_samples_per_sec": {
        "mean": 16.82912248141147,
        "std": 0.8071002691246317
      },
      "inference_peak_gpu_mem_mb": {
        "mean": 64.6513671875,
        "std": 0.0
      },
      "model_total_params": {
        "mean": 1551581.0,
        "std": 0.0
      },
      "model_trainable_params": {
        "mean": 1551581.0,
        "std": 0.0
      }
    }
  }
}