{
  "model_name": "tpfast_core_voxpopuli_R2_VOX",
  "architecture": "Audio Transformer Encoder + CTC",
  "adaptation_technique": "MAE pretrain -> CTC fine-tune",
  "runs": {
    "456": {
      "seed": 456.0,
      "wer": 1.0,
      "accuracy": 0.0028436018957346265,
      "eval_batch_size": 2.0,
      "inference_runtime_sec": 1.3336310386657715,
      "inference_samples_per_sec": 15.746484140778103,
      "inference_peak_gpu_mem_mb": 64.6513671875,
      "model_total_params": 1551581.0,
      "model_trainable_params": 1551581.0,
      "blank_ratio": 0.002987750224081267,
      "empty_pred_ratio": 1.0,
      "nonempty_pred_ratio": 0.0,
      "pred_to_ref_char_ratio": 0.0,
      "short_pred_ratio": 1.0,
      "invalid_length_ratio": 0.0,
      "avg_out_length": 159.38095238095238,
      "avg_target_length": 50.23809523809524,
      "avg_length_margin": 109.14285714285714,
      "checkpoint_variant": "best",
      "adjacent_repeat_ratio": 0.0,
      "alignment_interpolation_ratio_mean": 0.0,
      "avg_pred_chars": 0.0,
      "avg_ref_chars": 42.666666666666664,
      "collapse_compression_ratio": 123.9047619047619,
      "collapsed_dominant_char_ratio": 0.0,
      "collapsed_repeat_ratio": 0.0,
      "collapsed_unique_char_ratio": 0.0,
      "dominant_char_ratio": 0.0,
      "eval_peak_gpu_mem_mb": 64.6513671875,
      "eval_runtime_sec": 1.3336310386657715,
      "eval_samples_per_sec": 15.746484140778103,
      "exact_match_ratio": 0.14285714285714285,
      "frame_blank_prob_mean": 0.05079934416794585,
      "frame_blank_prob_std": 0.0519780299393681,
      "frame_entropy_mean": 2.0239111857874414,
      "frame_entropy_std": 0.47119903971244664,
      "frame_nonblank_prob_mean": 0.9492006441497575,
      "frame_nonblank_prob_std": 0.05197812772997333,
      "frame_top1_confidence_mean": 0.5543270549882445,
      "frame_top1_confidence_std": 0.14604246744662705,
      "frame_top1_margin_mean": 0.4869162129543773,
      "frame_top1_margin_std": 0.17428829856071068,
      "length_deviation_ratio": 1.0,
      "long_pred_ratio": 0.0,
      "raw_adjacent_repeat_ratio": 0.9869750811208707,
      "raw_blank_argmax_ratio": 0.009635338684132381,
      "raw_dominant_token_ratio": 0.9903646613158676,
      "raw_nonblank_argmax_ratio": 0.9903646613158676,
      "raw_token_switch_ratio": 0.01302491887912925,
      "raw_unique_token_ratio": 0.017040025157257183,
      "sample_coverage_ratio": 1.0,
      "sample_revisit_ratio": 0.0,
      "student_frames_per_second_estimate": 0.0,
      "student_time_steps_mean": 0.0,
      "teacher_blank_prob_mean": 0.0,
      "teacher_blank_prob_std": 0.0,
      "teacher_entropy_mean": 0.0,
      "teacher_entropy_std": 0.0,
      "teacher_frames_per_second_estimate": 0.0,
      "teacher_nonblank_prob_mean": 0.0,
      "teacher_nonblank_prob_std": 0.0,
      "teacher_student_alignment_stretch_mean": 0.0,
      "teacher_student_argmax_agreement": 0.0,
      "teacher_student_feature_cosine_mean": 0.0,
      "teacher_student_feature_cosine_std": 0.0,
      "teacher_student_feature_mse_mean": 0.0,
      "teacher_student_feature_norm_ratio_mean": 0.0,
      "teacher_student_topk_overlap_at1": 0.0,
      "teacher_student_topk_overlap_at3": 0.0,
      "teacher_student_valid_frame_overlap_ratio": 0.0,
      "teacher_time_steps_mean": 0.0,
      "teacher_to_student_time_ratio_mean": 0.0,
      "teacher_top1_confidence_mean": 0.0,
      "teacher_top1_confidence_std": 0.0,
      "teacher_top1_margin_mean": 0.0,
      "teacher_top1_margin_std": 0.0,
      "unique_char_ratio": 0.0,
      "unique_sample_ids_seen": 21.0
    },
    "789": {
      "seed": 789.0,
      "wer": 1.0,
      "accuracy": 0.0028436018957346265,
      "eval_batch_size": 2.0,
      "inference_runtime_sec": 1.187544345855713,
      "inference_samples_per_sec": 17.683550153967477,
      "inference_peak_gpu_mem_mb": 64.6513671875,
      "model_total_params": 1551581.0,
      "model_trainable_params": 1551581.0,
      "blank_ratio": 1.0,
      "empty_pred_ratio": 1.0,
      "nonempty_pred_ratio": 0.0,
      "pred_to_ref_char_ratio": 0.0,
      "short_pred_ratio": 1.0,
      "invalid_length_ratio": 0.0,
      "avg_out_length": 159.38095238095238,
      "avg_target_length": 50.23809523809524,
      "avg_length_margin": 109.14285714285714,
      "checkpoint_variant": "best",
      "adjacent_repeat_ratio": 0.0,
      "alignment_interpolation_ratio_mean": 0.0,
      "avg_pred_chars": 0.0,
      "avg_ref_chars": 42.666666666666664,
      "collapse_compression_ratio": 159.38095238095238,
      "collapsed_dominant_char_ratio": 0.0,
      "collapsed_repeat_ratio": 0.0,
      "collapsed_unique_char_ratio": 0.0,
      "dominant_char_ratio": 0.0,
      "eval_peak_gpu_mem_mb": 64.6513671875,
      "eval_runtime_sec": 1.187544345855713,
      "eval_samples_per_sec": 17.683550153967477,
      "exact_match_ratio": 0.14285714285714285,
      "frame_blank_prob_mean": 0.696877332812179,
      "frame_blank_prob_std": 0.07903001517792077,
      "frame_entropy_mean": 1.5738258783518824,
      "frame_entropy_std": 0.30046196399862296,
      "frame_nonblank_prob_mean": 0.3031226797249198,
      "frame_nonblank_prob_std": 0.07903014736080778,
      "frame_top1_confidence_mean": 0.696877332812179,
      "frame_top1_confidence_std": 0.07903001517792077,
      "frame_top1_margin_mean": 0.6678365941613262,
      "frame_top1_margin_std": 0.08573769958327533,
      "length_deviation_ratio": 1.0,
      "long_pred_ratio": 0.0,
      "raw_adjacent_repeat_ratio": 1.0,
      "raw_blank_argmax_ratio": 1.0,
      "raw_dominant_token_ratio": 1.0,
      "raw_nonblank_argmax_ratio": 0.0,
      "raw_token_switch_ratio": 0.0,
      "raw_unique_token_ratio": 0.012228683045987383,
      "sample_coverage_ratio": 1.0,
      "sample_revisit_ratio": 0.0,
      "student_frames_per_second_estimate": 0.0,
      "student_time_steps_mean": 0.0,
      "teacher_blank_prob_mean": 0.0,
      "teacher_blank_prob_std": 0.0,
      "teacher_entropy_mean": 0.0,
      "teacher_entropy_std": 0.0,
      "teacher_frames_per_second_estimate": 0.0,
      "teacher_nonblank_prob_mean": 0.0,
      "teacher_nonblank_prob_std": 0.0,
      "teacher_student_alignment_stretch_mean": 0.0,
      "teacher_student_argmax_agreement": 0.0,
      "teacher_student_feature_cosine_mean": 0.0,
      "teacher_student_feature_cosine_std": 0.0,
      "teacher_student_feature_mse_mean": 0.0,
      "teacher_student_feature_norm_ratio_mean": 0.0,
      "teacher_student_topk_overlap_at1": 0.0,
      "teacher_student_topk_overlap_at3": 0.0,
      "teacher_student_valid_frame_overlap_ratio": 0.0,
      "teacher_time_steps_mean": 0.0,
      "teacher_to_student_time_ratio_mean": 0.0,
      "teacher_top1_confidence_mean": 0.0,
      "teacher_top1_confidence_std": 0.0,
      "teacher_top1_margin_mean": 0.0,
      "teacher_top1_margin_std": 0.0,
      "unique_char_ratio": 0.0,
      "unique_sample_ids_seen": 21.0
    },
    "1024": {
      "seed": 1024.0,
      "wer": 1.0,
      "accuracy": 0.0028436018957346265,
      "eval_batch_size": 2.0,
      "inference_runtime_sec": 1.2311420440673828,
      "inference_samples_per_sec": 17.057333149488823,
      "inference_peak_gpu_mem_mb": 64.6513671875,
      "model_total_params": 1551581.0,
      "model_trainable_params": 1551581.0,
      "blank_ratio": 1.0,
      "empty_pred_ratio": 1.0,
      "nonempty_pred_ratio": 0.0,
      "pred_to_ref_char_ratio": 0.0,
      "short_pred_ratio": 1.0,
      "invalid_length_ratio": 0.0,
      "avg_out_length": 159.38095238095238,
      "avg_target_length": 50.23809523809524,
      "avg_length_margin": 109.14285714285714,
      "checkpoint_variant": "best",
      "adjacent_repeat_ratio": 0.0,
      "alignment_interpolation_ratio_mean": 0.0,
      "avg_pred_chars": 0.0,
      "avg_ref_chars": 42.666666666666664,
      "collapse_compression_ratio": 159.38095238095238,
      "collapsed_dominant_char_ratio": 0.0,
      "collapsed_repeat_ratio": 0.0,
      "collapsed_unique_char_ratio": 0.0,