{
  "metrics": {
    "openslr/librispeech_asr:test.clean": {
      "seed": {
        "mean": 82.5,
        "std": 40.5
      },
      "wer": {
        "mean": 1.0,
        "std": 0.0
      },
      "inference_runtime_sec": {
        "mean": 33.71369671821594,
        "std": 2.256350040435791
      },
      "inference_samples_per_sec": {
        "mean": 8.938497838787033,
        "std": 0.5982251109557231
      },
      "inference_peak_gpu_mem_mb": {
        "mean": 24.646484375,
        "std": 0.0
      },
      "model_total_params": {
        "mean": 1551581.0,
        "std": 0.0
      },
      "model_trainable_params": {
        "mean": 1551581.0,
        "std": 0.0
      }
    }
  }
}