{
  "model_name": "audio_transformer_time_budget_SEL04",
  "architecture": "Audio Transformer Encoder + CTC",
  "adaptation_technique": "MAE pretrain -> CTC fine-tune",
  "runs": {
    "42": {
      "pretrain_loss": 54.58748986380441,
      "pretrain_runtime_sec": 60.91204309463501,
      "pretrain_peak_gpu_mem_mb": 37.53466796875,
      "pretrain_total_params": 385600.0,
      "pretrain_trainable_params": 385600.0,
      "train_loss": 0.7663997215032577,
      "train_runtime_sec": 115.72477197647095,
      "train_peak_gpu_mem_mb": 27.8515625,
      "eval_peak_gpu_mem_mb": 23.9248046875,
      "valid_peak_gpu_mem_mb": 23.9248046875,
      "valid_wer": 1.0,
      "valid_runtime_sec": 34.73791432380676,
      "valid_samples_per_sec": 8.636097066840955,
      "best_valid_wer": 1.0,
      "finetune_total_params": 310173.0,
      "finetune_trainable_params": 310173.0,
      "seed": 42.0
    },
    "123": {
      "pretrain_loss": 54.43543682098389,
      "pretrain_runtime_sec": 61.91724443435669,
      "pretrain_peak_gpu_mem_mb": 37.53466796875,
      "pretrain_total_params": 385600.0,
      "pretrain_trainable_params": 385600.0,
      "train_loss": 0.8716201907396317,
      "train_runtime_sec": 117.44632411003113,
      "train_peak_gpu_mem_mb": 27.8525390625,
      "eval_peak_gpu_mem_mb": 23.9248046875,
      "valid_peak_gpu_mem_mb": 23.9248046875,
      "valid_wer": 1.0,
      "valid_runtime_sec": 37.82040333747864,
      "valid_samples_per_sec": 7.932226352084166,
      "best_valid_wer": 1.0,
      "finetune_total_params": 310173.0,
      "finetune_trainable_params": 310173.0,
      "seed": 123.0
    }
  },
  "metrics": {
    "pretrain_loss": {
      "mean": 54.51146334239415,
      "std": 0.07602652141025956
    },
    "pretrain_runtime_sec": {
      "mean": 61.41464376449585,
      "std": 0.5026006698608398
    },
    "pretrain_peak_gpu_mem_mb": {
      "mean": 37.53466796875,
      "std": 0.0
    },
    "pretrain_total_params": {
      "mean": 385600.0,
      "std": 0.0
    },
    "pretrain_trainable_params": {
      "mean": 385600.0,
      "std": 0.0
    },
    "train_loss": {
      "mean": 0.8190099561214448,
      "std": 0.05261023461818698
    },
    "train_runtime_sec": {
      "mean": 116.58554804325104,
      "std": 0.8607760667800903
    },
    "train_peak_gpu_mem_mb": {
      "mean": 27.85205078125,
      "std": 0.00048828125
    },
    "eval_peak_gpu_mem_mb": {
      "mean": 23.9248046875,
      "std": 0.0
    },
    "valid_peak_gpu_mem_mb": {
      "mean": 23.9248046875,
      "std": 0.0
    },
    "valid_wer": {
      "mean": 1.0,
      "std": 0.0
    },
    "valid_runtime_sec": {
      "mean": 36.2791588306427,
      "std": 1.5412445068359375
    },
    "valid_samples_per_sec": {
      "mean": 8.28416170946256,
      "std": 0.35193535737839454
    },
    "best_valid_wer": {
      "mean": 1.0,
      "std": 0.0
    },
    "finetune_total_params": {
      "mean": 310173.0,
      "std": 0.0
    },
    "finetune_trainable_params": {
      "mean": 310173.0,
      "std": 0.0
    },
    "seed": {
      "mean": 82.5,
      "std": 40.5
    }
  }
}