{
  "metrics": {
    "openslr/librispeech_asr:test.clean": {
      "wer": {
        "mean": 1.0,
        "std": 0.0
      },
      "accuracy": {
        "mean": 0.07374526515151518,
        "std": 0.05541163667324732
      },
      "eval_runtime_sec": {
        "mean": 2.9527951081593833,
        "std": 0.06741113072302783
      },
      "eval_samples_per_sec": {
        "mean": 19.652769721640315,
        "std": 0.4539932446307268
      },
      "eval_peak_gpu_mem_mb": {
        "mean": 26.9189453125,
        "std": 0.0
      },
      "blank_ratio": {
        "mean": 0.4862227324913892,
        "std": 0.40770226040613117
      },
      "empty_pred_ratio": {
        "mean": 0.29310344827586204,
        "std": 0.41451087173004514
      },
      "nonempty_pred_ratio": {
        "mean": 0.7068965517241379,
        "std": 0.4145108717300451
      },
      "exact_match_ratio": {
        "mean": 0.0,
        "std": 0.0
      },
      "avg_pred_chars": {
        "mean": 3.954022988505747,
        "std": 2.732430754955177
      },
      "avg_ref_chars": {
        "mean": 40.310344827586206,
        "std": 0.0
      },
      "avg_out_length": {
        "mean": 90.10344827586205,
        "std": 1.4210854715202004e-14
      },
      "pred_to_ref_char_ratio": {
        "mean": 0.0980895352152837,
        "std": 0.06778485191933287
      },
      "short_pred_ratio": {
        "mean": 0.9019104647847161,
        "std": 0.06778485191933291
      },
      "long_pred_ratio": {
        "mean": 0.0,
        "std": 0.0
      },
      "length_deviation_ratio": {
        "mean": 0.9019104647847161,
        "std": 0.06778485191933291
      },
      "adjacent_repeat_ratio": {
        "mean": 0.15317782472954886,
        "std": 0.21662615718733683
      },
      "dominant_char_ratio": {
        "mean": 0.4863657096415717,
        "std": 0.2668217595592927
      },
      "unique_char_ratio": {
        "mean": 0.3549121855156338,
        "std": 0.166572539779993
      },
      "collapsed_repeat_ratio": {
        "mean": 0.15317782472954886,
        "std": 0.21662615718733683
      },
      "collapsed_dominant_char_ratio": {
        "mean": 0.4863657096415717,
        "std": 0.2668217595592927
      },
      "collapsed_unique_char_ratio": {
        "mean": 0.3549121855156338,
        "std": 0.166572539779993
      },
      "collapse_compression_ratio": {
        "mean": 38.15826309137409,
        "std": 37.1835440039701
      },
      "raw_blank_argmax_ratio": {
        "mean": 0.48726110508465464,
        "std": 0.4077939815582275
      },
      "raw_nonblank_argmax_ratio": {
        "mean": 0.5127388949153454,
        "std": 0.4077939815582275
      },
      "raw_unique_token_ratio": {
        "mean": 0.030414174938736466,
        "std": 0.014040923259796242
      },
      "raw_dominant_token_ratio": {
        "mean": 0.8138477366848639,
        "std": 0.22469323699006127
      },
      "raw_adjacent_repeat_ratio": {
        "mean": 0.8779726637236439,
        "std": 0.12997210131264383
      },
      "raw_token_switch_ratio": {
        "mean": 0.12202733627635609,
        "std": 0.12997210131264383
      },
      "avg_target_length": {
        "mean": 48.551724137931025,
        "std": 7.105427357601002e-15
      },
      "avg_length_margin": {
        "mean": 41.55172413793103,
        "std": 0.0
      },
      "invalid_length_ratio": {
        "mean": 0.0,
        "std": 0.0
      },
      "frame_blank_prob_mean": {
        "mean": 0.10894473770896852,
        "std": 0.05902449968243761
      },
      "frame_blank_prob_std": {
        "mean": 0.04750339699696651,
        "std": 0.03872753698098887
      },
      "frame_nonblank_prob_mean": {
        "mean": 0.8910552661232475,
        "std": 0.05902449939303217
      },
      "frame_nonblank_prob_std": {
        "mean": 0.04750322549754802,
        "std": 0.03872760408465671
      },
      "frame_entropy_mean": {
        "mean": 3.0858759042453,
        "std": 0.020662648552012275
      },
      "frame_entropy_std": {
        "mean": 0.09460408169279177,
        "std": 0.0347173177147028
      },
      "frame_top1_confidence_mean": {
        "mean": 0.18324040083088944,
        "std": 0.015361138756778133
      },
      "frame_top1_confidence_std": {
        "mean": 0.05652003030346178,
        "std": 0.016795872409508385
      },
      "frame_top1_margin_mean": {
        "mean": 0.10980216695544882,
        "std": 0.02313617577604106
      },
      "frame_top1_margin_std": {
        "mean": 0.05977386848459554,
        "std": 0.017754661306677657
      },
      "unique_sample_ids_seen": {
        "mean": 58.0,
        "std": 0.0
      },
      "sample_coverage_ratio": {
        "mean": 1.0,
        "std": 0.0
      },
      "sample_revisit_ratio": {
        "mean": 0.0,
        "std": 0.0
      },
      "student_time_steps_mean": {
        "mean": 0.0,
        "std": 0.0
      },
      "teacher_time_steps_mean": {
        "mean": 0.0,
        "std": 0.0
      },
      "teacher_to_student_time_ratio_mean": {
        "mean": 0.0,
        "std": 0.0
      },
      "alignment_interpolation_ratio_mean": {
        "mean": 0.0,
        "std": 0.0
      },
      "student_frames_per_second_estimate": {
        "mean": 0.0,
        "std": 0.0
      },
      "teacher_frames_per_second_estimate": {
        "mean": 0.0,
        "std": 0.0
      },
      "teacher_student_valid_frame_overlap_ratio": {
        "mean": 0.0,
        "std": 0.0
      },
      "teacher_student_alignment_stretch_mean": {
        "mean": 0.0,
        "std": 0.0
      },
      "teacher_entropy_mean": {
        "mean": 0.0,
        "std": 0.0
      },
      "teacher_entropy_std": {
        "mean": 0.0,
        "std": 0.0
      },
      "teacher_top1_confidence_mean": {
        "mean": 0.0,
        "std": 0.0
      },
      "teacher_top1_confidence_std": {
        "mean": 0.0,
        "std": 0.0
      },
      "teacher_top1_margin_mean": {
        "mean": 0.0,
        "std": 0.0
      },
      "teacher_top1_margin_std": {
        "mean": 0.0,
        "std": 0.0
      },
      "teacher_blank_prob_mean": {
        "mean": 0.0,
        "std": 0.0
      },
      "teacher_blank_prob_std": {
        "mean": 0.0,
        "std": 0.0
      },
      "teacher_nonblank_prob_mean": {
        "mean": 0.0,
        "std": 0.0
      },
      "teacher_nonblank_prob_std": {
        "mean": 0.0,
        "std": 0.0
      },
      "teacher_student_argmax_agreement": {
        "mean": 0.0,
        "std": 0.0
      },
      "teacher_student_topk_overlap_at1": {
        "mean": 0.0,
        "std": 0.0
      },
      "teacher_student_topk_overlap_at3": {
        "mean": 0.0,
        "std": 0.0
      },
      "teacher_student_feature_cosine_mean": {
        "mean": 0.0,
        "std": 0.0
      },
      "teacher_student_feature_cosine_std": {
        "mean": 0.0,
        "std": 0.0
      },
      "teacher_student_feature_mse_mean": {
        "mean": 0.0,
        "std": 0.0
      },
      "teacher_student_feature_norm_ratio_mean": {
        "mean": 0.0,
        "std": 0.0
      },
      "seed": {
        "mean": 756.3333333333334,
        "std": 233.0326634234399
      },
      "eval_batch_size": {
        "mean": 2.0,
        "std": 0.0
      },
      "inference_runtime_sec": {
        "mean": 2.9527951081593833,
        "std": 0.06741113072302783
      },
      "inference_samples_per_sec": {
        "mean": 19.652769721640315,
        "std": 0.4539932446307268
      },
      "inference_peak_gpu_mem_mb": {
        "mean": 26.9189453125,
        "std": 0.0
      },
      "model_total_params": {
        "mean": 1551581.0,
        "std": 0.0
      },
      "model_trainable_params": {
        "mean": 1551581.0,
        "std": 0.0
      }
    }
  }
}