{
  "metrics": {
    "openslr/librispeech_asr:test.clean": {
      "wer": {
        "mean": 1.0,
        "std": 0.0
      },
      "accuracy": {
        "mean": 0.05035511363636365,
        "std": 0.05249939276754299
      },
      "eval_runtime_sec": {
        "mean": 2.842241716384888,
        "std": 0.14563907475704882
      },
      "eval_samples_per_sec": {
        "mean": 20.460441817407265,
        "std": 1.0545496010728967
      },
      "eval_peak_gpu_mem_mb": {
        "mean": 26.9189453125,
        "std": 0.0
      },
      "blank_ratio": {
        "mean": 0.6693073096058171,
        "std": 0.3889344085197941
      },
      "empty_pred_ratio": {
        "mean": 0.3793103448275862,
        "std": 0.4591518831966651
      },
      "nonempty_pred_ratio": {
        "mean": 0.6206896551724138,
        "std": 0.45915188319666506
      },
      "exact_match_ratio": {
        "mean": 0.0,
        "std": 0.0
      },
      "avg_pred_chars": {
        "mean": 3.2793103448275867,
        "std": 2.6867667957056747
      },
      "avg_ref_chars": {
        "mean": 40.310344827586206,
        "std": 0.0
      },
      "avg_out_length": {
        "mean": 90.10344827586206,
        "std": 0.0
      },
      "pred_to_ref_char_ratio": {
        "mean": 0.08135158254918733,
        "std": 0.06665204198072247
      },
      "short_pred_ratio": {
        "mean": 0.9186484174508127,
        "std": 0.0666520419807215
      },
      "long_pred_ratio": {
        "mean": 0.0,
        "std": 0.0
      },
      "length_deviation_ratio": {
        "mean": 0.9186484174508127,
        "std": 0.0666520419807215
      },
      "adjacent_repeat_ratio": {
        "mean": 0.14739930567516774,
        "std": 0.18948561094244834
      },
      "dominant_char_ratio": {
        "mean": 0.41208917997711103,
        "std": 0.2952183082850633
      },
      "unique_char_ratio": {
        "mean": 0.3329483686811273,
        "std": 0.23102401369989084
      },
      "collapsed_repeat_ratio": {
        "mean": 0.14739930567516774,
        "std": 0.18948561094244834
      },
      "collapsed_dominant_char_ratio": {
        "mean": 0.41208917997711103,
        "std": 0.2952183082850633
      },
      "collapsed_unique_char_ratio": {
        "mean": 0.3329483686811273,
        "std": 0.23102401369989084
      },
      "collapse_compression_ratio": {
        "mean": 46.08486841361432,
        "std": 36.561137802309204
      },
      "raw_blank_argmax_ratio": {
        "mean": 0.6707058407470219,
        "std": 0.3891367505986741
      },
      "raw_nonblank_argmax_ratio": {
        "mean": 0.329294159252978,
        "std": 0.38913675059867403
      },
      "raw_unique_token_ratio": {
        "mean": 0.028270902597829512,
        "std": 0.013891144533469615
      },
      "raw_dominant_token_ratio": {
        "mean": 0.8666578197071475,
        "std": 0.18880541045941301
      },
      "raw_adjacent_repeat_ratio": {
        "mean": 0.9102934290859077,
        "std": 0.11127627904690719
      },
      "raw_token_switch_ratio": {
        "mean": 0.0897065709140924,
        "std": 0.11127627904690811
      },
      "avg_target_length": {
        "mean": 48.55172413793103,
        "std": 0.0
      },
      "avg_length_margin": {
        "mean": 41.55172413793103,
        "std": 0.0
      },
      "invalid_length_ratio": {
        "mean": 0.0,
        "std": 0.0
      },
      "frame_blank_prob_mean": {
        "mean": 0.13772741300230323,
        "std": 0.06215060806505286
      },
      "frame_blank_prob_std": {
        "mean": 0.040425948374939326,
        "std": 0.03135132352150371
      },
      "frame_nonblank_prob_mean": {
        "mean": 0.862272590610929,
        "std": 0.06215060796678493
      },
      "frame_nonblank_prob_std": {
        "mean": 0.040425824235967085,
        "std": 0.03135136130029872
      },
      "frame_entropy_mean": {
        "mean": 3.0876992261779295,
        "std": 0.024720703761120306
      },
      "frame_entropy_std": {
        "mean": 0.07765971800765586,
        "std": 0.03397692149597016
      },
      "frame_top1_confidence_mean": {
        "mean": 0.1828083493086373,
        "std": 0.025210006363870382
      },
      "frame_top1_confidence_std": {
        "mean": 0.04494494393082088,
        "std": 0.019292189086873624
      },
      "frame_top1_margin_mean": {
        "mean": 0.11122360220367863,
        "std": 0.03477962207239647
      },
      "frame_top1_margin_std": {
        "mean": 0.04843097642812676,
        "std": 0.01966406720165708
      },
      "unique_sample_ids_seen": {
        "mean": 58.0,
        "std": 0.0
      },
      "sample_coverage_ratio": {
        "mean": 1.0,
        "std": 0.0
      },
      "sample_revisit_ratio": {
        "mean": 0.0,
        "std": 0.0
      },
      "student_time_steps_mean": {
        "mean": 0.0,
        "std": 0.0
      },
      "teacher_time_steps_mean": {
        "mean": 0.0,
        "std": 0.0
      },
      "teacher_to_student_time_ratio_mean": {
        "mean": 0.0,
        "std": 0.0
      },
      "alignment_interpolation_ratio_mean": {
        "mean": 0.0,
        "std": 0.0
      },
      "student_frames_per_second_estimate": {
        "mean": 0.0,
        "std": 0.0
      },
      "teacher_frames_per_second_estimate": {
        "mean": 0.0,
        "std": 0.0
      },
      "teacher_student_valid_frame_overlap_ratio": {
        "mean": 0.0,
        "std": 0.0
      },
      "teacher_student_alignment_stretch_mean": {
        "mean": 0.0,
        "std": 0.0
      },
      "teacher_entropy_mean": {
        "mean": 0.0,
        "std": 0.0
      },
      "teacher_entropy_std": {
        "mean": 0.0,
        "std": 0.0
      },
      "teacher_top1_confidence_mean": {
        "mean": 0.0,
        "std": 0.0
      },
      "teacher_top1_confidence_std": {
        "mean": 0.0,
        "std": 0.0
      },
      "teacher_top1_margin_mean": {
        "mean": 0.0,
        "std": 0.0
      },
      "teacher_top1_margin_std": {
        "mean": 0.0,
        "std": 0.0
      },
      "teacher_blank_prob_mean": {
        "mean": 0.0,
        "std": 0.0
      },
      "teacher_blank_prob_std": {
        "mean": 0.0,
        "std": 0.0
      },
      "teacher_nonblank_prob_mean": {
        "mean": 0.0,
        "std": 0.0
      },
      "teacher_nonblank_prob_std": {
        "mean": 0.0,
        "std": 0.0
      },
      "teacher_student_argmax_agreement": {
        "mean": 0.0,
        "std": 0.0
      },
      "teacher_student_topk_overlap_at1": {
        "mean": 0.0,
        "std": 0.0
      },
      "teacher_student_topk_overlap_at3": {
        "mean": 0.0,
        "std": 0.0
      },
      "teacher_student_feature_cosine_mean": {
        "mean": 0.0,
        "std": 0.0
      },
      "teacher_student_feature_cosine_std": {
        "mean": 0.0,
        "std": 0.0
      },
      "teacher_student_feature_mse_mean": {
        "mean": 0.0,
        "std": 0.0
      },
      "teacher_student_feature_norm_ratio_mean": {
        "mean": 0.0,
        "std": 0.0
      },
      "seed": {
        "mean": 486.8,
        "std": 377.1086845990158
      },
      "eval_batch_size": {
        "mean": 2.0,
        "std": 0.0
      },
      "inference_runtime_sec": {
        "mean": 2.842241716384888,
        "std": 0.14563907475704882
      },
      "inference_samples_per_sec": {
        "mean": 20.460441817407265,
        "std": 1.0545496010728967
      },
      "inference_peak_gpu_mem_mb": {
        "mean": 26.9189453125,
        "std": 0.0
      },
      "model_total_params": {
        "mean": 1551581.0,
        "std": 0.0
      },
      "model_trainable_params": {
        "mean": 1551581.0,
        "std": 0.0
      }
    }
  }
}