{
  "experiment_id": "R2_LIBRI",
  "checkpoint_variant": "best",
  "datasets": {
    "openslr/librispeech_asr:test.clean": {
      "456": {
        "wer": 1.0,
        "accuracy": 0.13423295454545459,
        "eval_runtime_sec": 3.0199389457702637,
        "eval_samples_per_sec": 19.205686287543987,
        "eval_peak_gpu_mem_mb": 26.9189453125,
        "blank_ratio": 0.46096440872560274,
        "empty_pred_ratio": 0.0,
        "nonempty_pred_ratio": 1.0,
        "exact_match_ratio": 0.0,
        "avg_pred_chars": 5.448275862068965,
        "avg_ref_chars": 40.310344827586206,
        "avg_out_length": 90.10344827586206,
        "pred_to_ref_char_ratio": 0.13515825491873396,
        "short_pred_ratio": 0.864841745081266,
        "long_pred_ratio": 0.0,
        "length_deviation_ratio": 0.864841745081266,
        "adjacent_repeat_ratio": 0.45953347418864654,
        "dominant_char_ratio": 0.7498358920772714,
        "unique_char_ratio": 0.45024109032729714,
        "collapsed_repeat_ratio": 0.45953347418864654,
        "collapsed_dominant_char_ratio": 0.7498358920772714,
        "collapsed_unique_char_ratio": 0.45024109032729714,
        "collapse_compression_ratio": 5.100670911641829,
        "raw_blank_argmax_ratio": 0.46372811464922303,
        "raw_nonblank_argmax_ratio": 0.536271885350777,
        "raw_unique_token_ratio": 0.0476322670587584,
        "raw_dominant_token_ratio": 0.49750911939090076,
        "raw_adjacent_repeat_ratio": 0.6972965751051636,
        "raw_token_switch_ratio": 0.30270342489483637,
        "avg_target_length": 48.55172413793103,
        "avg_length_margin": 41.55172413793103,
        "invalid_length_ratio": 0.0,
        "frame_blank_prob_mean": 0.11485015118756241,
        "frame_blank_prob_std": 0.10034933330319477,
        "frame_nonblank_prob_mean": 0.8851498510022753,
        "frame_nonblank_prob_std": 0.10034924420188605,
        "frame_entropy_mean": 3.087248763132953,
        "frame_entropy_std": 0.10771573278495447,
        "frame_top1_confidence_mean": 0.1675213873272329,
        "frame_top1_confidence_std": 0.0629533224418771,
        "frame_top1_margin_mean": 0.08437289071183436,
        "frame_top1_margin_std": 0.06581217665785853,
        "raw_top1_token_histogram": [
          {
            "token_id": 0,
            "token": "<blank>",
            "count": 2409.0,
            "ratio": 0.46096440872560274
          },
          {
            "token_id": 1,
            "token": " ",
            "count": 2062.0,
            "ratio": 0.3945656333716035
          },
          {
            "token_id": 9,
            "token": "h",
            "count": 616.0,
            "ratio": 0.1178721775736701
          },
          {
            "token_id": 6,
            "token": "e",
            "count": 112.0,
            "ratio": 0.021431305013394564
          },
          {
            "token_id": 22,
            "token": "u",
            "count": 19.0,
            "ratio": 0.0036356678147722926
          },
          {
            "token_id": 20,
            "token": "s",
            "count": 7.0,
            "ratio": 0.0013394565633371603
          },
          {
            "token_id": 13,
            "token": "l",
            "count": 1.0,
            "ratio": 0.00019135093761959434
          }
        ],
        "collapsed_token_histogram": [
          {
            "token_id": 1,
            "token": " ",
            "count": 774.0,
            "ratio": 0.710091743119266
          },
          {
            "token_id": 9,
            "token": "h",
            "count": 213.0,
            "ratio": 0.19541284403669726
          },
          {
            "token_id": 6,
            "token": "e",
            "count": 79.0,
            "ratio": 0.07247706422018349
          },
          {
            "token_id": 22,
            "token": "u",
            "count": 17.0,
            "ratio": 0.015596330275229359
          },
          {
            "token_id": 20,
            "token": "s",
            "count": 6.0,
            "ratio": 0.005504587155963303
          },
          {
            "token_id": 13,
            "token": "l",
            "count": 1.0,
            "ratio": 0.0009174311926605505
          }
        ],
        "unique_sample_ids_seen": 58.0,
        "sample_coverage_ratio": 1.0,
        "sample_revisit_ratio": 0.0,
        "student_time_steps_mean": 0.0,
        "teacher_time_steps_mean": 0.0,
        "teacher_to_student_time_ratio_mean": 0.0,
        "alignment_interpolation_ratio_mean": 0.0,
        "student_frames_per_second_estimate": 0.0,
        "teacher_frames_per_second_estimate": 0.0,
        "teacher_student_valid_frame_overlap_ratio": 0.0,
        "teacher_student_alignment_stretch_mean": 0.0,
        "teacher_entropy_mean": 0.0,
        "teacher_entropy_std": 0.0,
        "teacher_top1_confidence_mean": 0.0,
        "teacher_top1_confidence_std": 0.0,
        "teacher_top1_margin_mean": 0.0,
        "teacher_top1_margin_std": 0.0,
        "teacher_blank_prob_mean": 0.0,
        "teacher_blank_prob_std": 0.0,
        "teacher_nonblank_prob_mean": 0.0,
        "teacher_nonblank_prob_std": 0.0,
        "teacher_student_argmax_agreement": 0.0,
        "teacher_student_topk_overlap_at1": 0.0,
        "teacher_student_topk_overlap_at3": 0.0,
        "teacher_student_feature_cosine_mean": 0.0,
        "teacher_student_feature_cosine_std": 0.0,
        "teacher_student_feature_mse_mean": 0.0,
        "teacher_student_feature_norm_ratio_mean": 0.0,
        "seed": 456.0,
        "dataset": "openslr/librispeech_asr:test.clean",
        "eval_batch_size": 2.0,
        "inference_runtime_sec": 3.0199389457702637,
        "inference_samples_per_sec": 19.205686287543987,
        "inference_peak_gpu_mem_mb": 26.9189453125,
        "model_total_params": 1551581.0,
        "model_trainable_params": 1551581.0,
        "diagnostics_artifact": "results/experiments/R2_LIBRI/diagnostics/test_seed_456_best_openslr_librispeech_asr_test.clean.json"
      },
      "789": {
        "wer": 1.0,
        "accuracy": 0.00035511363636364646,
        "eval_runtime_sec": 2.9778335094451904,
        "eval_samples_per_sec": 19.47724740689286,
        "eval_peak_gpu_mem_mb": 26.9189453125,
        "blank_ratio": 0.9977037887485649,
        "empty_pred_ratio": 0.8793103448275862,
        "nonempty_pred_ratio": 0.12068965517241381,
        "exact_match_ratio": 0.0,
        "avg_pred_chars": 0.1206896551724138,
        "avg_ref_chars": 40.310344827586206,
        "avg_out_length": 90.10344827586206,
        "pred_to_ref_char_ratio": 0.0029940119760479044,
        "short_pred_ratio": 0.9970059880239521,
        "long_pred_ratio": 0.0,
        "length_deviation_ratio": 0.9970059880239521,
        "adjacent_repeat_ratio": 0.0,
        "dominant_char_ratio": 0.1206896551724138,
        "unique_char_ratio": 0.1206896551724138,
        "collapsed_repeat_ratio": 0.0,
        "collapsed_dominant_char_ratio": 0.1206896551724138,
        "collapsed_unique_char_ratio": 0.1206896551724138,
        "collapse_compression_ratio": 90.10344827586206,
        "raw_blank_argmax_ratio": 0.9980552006047408,
        "raw_nonblank_argmax_ratio": 0.0019447993952592085,
        "raw_unique_token_ratio": 0.013239250827348649,
        "raw_dominant_token_ratio": 0.9980552006047408,
        "raw_adjacent_repeat_ratio": 0.9975721832277803,
        "raw_token_switch_ratio": 0.002427816772219659,
        "avg_target_length": 48.55172413793103,
        "avg_length_margin": 41.55172413793103,
        "invalid_length_ratio": 0.0,
        "frame_blank_prob_mean": 0.17810085090786115,
        "frame_blank_prob_std": 0.03353889756433888,
        "frame_nonblank_prob_mean": 0.8218991542017602,
        "frame_nonblank_prob_std": 0.03353873562132175,
        "frame_entropy_mean": 3.1104680034697307,
        "frame_entropy_std": 0.0470726331717822,
        "frame_top1_confidence_mean": 0.17811409468127082,
        "frame_top1_confidence_std": 0.03350157726642717,