{
  "model_name": "tpfast_core_librispeech_R2_LIBRI",
  "architecture": "Audio Transformer Encoder + CTC",
  "adaptation_technique": "MAE pretrain -> CTC fine-tune",
  "runs": {
    "456": {
      "seed": 456.0,
      "wer": 1.0,
      "accuracy": 0.0021306818181817677,
      "eval_batch_size": 2.0,
      "inference_runtime_sec": 2.835988998413086,
      "inference_samples_per_sec": 20.451419251786465,
      "inference_peak_gpu_mem_mb": 26.9189453125,
      "model_total_params": 1551581.0,
      "model_trainable_params": 1551581.0,
      "blank_ratio": 0.6264829697665518,
      "empty_pred_ratio": 0.896551724137931,
      "nonempty_pred_ratio": 0.10344827586206895,
      "pred_to_ref_char_ratio": 0.0025662959794696323,
      "short_pred_ratio": 0.9974337040205303,
      "invalid_length_ratio": 0.0,
      "avg_out_length": 90.10344827586206,
      "avg_target_length": 48.55172413793103,
      "avg_length_margin": 41.55172413793103,
      "checkpoint_variant": "final",
      "adjacent_repeat_ratio": 0.0,
      "alignment_interpolation_ratio_mean": 0.0,
      "avg_pred_chars": 0.10344827586206896,
      "avg_ref_chars": 40.310344827586206,
      "collapse_compression_ratio": 10.463606366306669,
      "collapsed_dominant_char_ratio": 0.10344827586206896,
      "collapsed_repeat_ratio": 0.0,
      "collapsed_unique_char_ratio": 0.10344827586206896,
      "dominant_char_ratio": 0.10344827586206896,
      "eval_peak_gpu_mem_mb": 26.9189453125,
      "eval_runtime_sec": 2.835988998413086,
      "eval_samples_per_sec": 20.451419251786465,
      "exact_match_ratio": 0.0,
      "frame_blank_prob_mean": 0.5038223390692366,
      "frame_blank_prob_std": 0.3831900612904643,
      "frame_entropy_mean": 1.7896532977717707,
      "frame_entropy_std": 0.936506351323379,
      "frame_nonblank_prob_mean": 0.49617766166070937,
      "frame_nonblank_prob_std": 0.38319004701085535,
      "frame_top1_confidence_mean": 0.5795386424248947,
      "frame_top1_confidence_std": 0.2921742206143044,
      "frame_top1_margin_mean": 0.5131673823815399,
      "frame_top1_margin_std": 0.3456925089433855,
      "length_deviation_ratio": 0.9974337040205303,
      "long_pred_ratio": 0.0,
      "raw_adjacent_repeat_ratio": 0.8167701159588155,
      "raw_blank_argmax_ratio": 0.6247039586878019,
      "raw_dominant_token_ratio": 0.6247039586878019,
      "raw_nonblank_argmax_ratio": 0.3752960413121981,
      "raw_token_switch_ratio": 0.1832298840411844,
      "raw_unique_token_ratio": 0.024979422854291396,
      "sample_coverage_ratio": 1.0,
      "sample_revisit_ratio": 0.0,
      "student_frames_per_second_estimate": 0.0,
      "student_time_steps_mean": 0.0,
      "teacher_blank_prob_mean": 0.0,
      "teacher_blank_prob_std": 0.0,
      "teacher_entropy_mean": 0.0,
      "teacher_entropy_std": 0.0,
      "teacher_frames_per_second_estimate": 0.0,
      "teacher_nonblank_prob_mean": 0.0,
      "teacher_nonblank_prob_std": 0.0,
      "teacher_student_alignment_stretch_mean": 0.0,
      "teacher_student_argmax_agreement": 0.0,
      "teacher_student_feature_cosine_mean": 0.0,
      "teacher_student_feature_cosine_std": 0.0,
      "teacher_student_feature_mse_mean": 0.0,
      "teacher_student_feature_norm_ratio_mean": 0.0,
      "teacher_student_topk_overlap_at1": 0.0,
      "teacher_student_topk_overlap_at3": 0.0,
      "teacher_student_valid_frame_overlap_ratio": 0.0,
      "teacher_time_steps_mean": 0.0,
      "teacher_to_student_time_ratio_mean": 0.0,
      "teacher_top1_confidence_mean": 0.0,
      "teacher_top1_confidence_std": 0.0,
      "teacher_top1_margin_mean": 0.0,
      "teacher_top1_margin_std": 0.0,
      "unique_char_ratio": 0.10344827586206896,
      "unique_sample_ids_seen": 58.0
    },
    "789": {
      "seed": 789.0,
      "wer": 1.0,
      "accuracy": 0.0,
      "eval_batch_size": 2.0,
      "inference_runtime_sec": 2.949477195739746,
      "inference_samples_per_sec": 19.66450192724859,
      "inference_peak_gpu_mem_mb": 26.9189453125,
      "model_total_params": 1551581.0,
      "model_trainable_params": 1551581.0,
      "blank_ratio": 1.0,
      "empty_pred_ratio": 1.0,
      "nonempty_pred_ratio": 0.0,
      "pred_to_ref_char_ratio": 0.0,
      "short_pred_ratio": 1.0,
      "invalid_length_ratio": 0.0,
      "avg_out_length": 90.10344827586206,
      "avg_target_length": 48.55172413793103,
      "avg_length_margin": 41.55172413793103,
      "checkpoint_variant": "final",
      "adjacent_repeat_ratio": 0.0,
      "alignment_interpolation_ratio_mean": 0.0,
      "avg_pred_chars": 0.0,
      "avg_ref_chars": 40.310344827586206,
      "collapse_compression_ratio": 90.10344827586206,
      "collapsed_dominant_char_ratio": 0.0,
      "collapsed_repeat_ratio": 0.0,
      "collapsed_unique_char_ratio": 0.0,
      "dominant_char_ratio": 0.0,
      "eval_peak_gpu_mem_mb": 26.9189453125,
      "eval_runtime_sec": 2.949477195739746,
      "eval_samples_per_sec": 19.66450192724859,
      "exact_match_ratio": 0.0,
      "frame_blank_prob_mean": 0.5768295664738021,
      "frame_blank_prob_std": 0.07000514746018767,
      "frame_entropy_mean": 1.998557805011339,
      "frame_entropy_std": 0.23506932319269497,
      "frame_nonblank_prob_mean": 0.4231704357160356,
      "frame_nonblank_prob_std": 0.07000509512156444,
      "frame_top1_confidence_mean": 0.5768295664738021,
      "frame_top1_confidence_std": 0.07000514746018767,
      "frame_top1_margin_mean": 0.5200920258269107,
      "frame_top1_margin_std": 0.08148485200584524,
      "length_deviation_ratio": 1.0,
      "long_pred_ratio": 0.0,
      "raw_adjacent_repeat_ratio": 1.0,
      "raw_blank_argmax_ratio": 1.0,
      "raw_dominant_token_ratio": 1.0,
      "raw_nonblank_argmax_ratio": 0.0,
      "raw_token_switch_ratio": 0.0,
      "raw_unique_token_ratio": 0.012038221968485016,
      "sample_coverage_ratio": 1.0,
      "sample_revisit_ratio": 0.0,
      "student_frames_per_second_estimate": 0.0,
      "student_time_steps_mean": 0.0,
      "teacher_blank_prob_mean": 0.0,
      "teacher_blank_prob_std": 0.0,
      "teacher_entropy_mean": 0.0,
      "teacher_entropy_std": 0.0,
      "teacher_frames_per_second_estimate": 0.0,
      "teacher_nonblank_prob_mean": 0.0,
      "teacher_nonblank_prob_std": 0.0,
      "teacher_student_alignment_stretch_mean": 0.0,
      "teacher_student_argmax_agreement": 0.0,
      "teacher_student_feature_cosine_mean": 0.0,
      "teacher_student_feature_cosine_std": 0.0,
      "teacher_student_feature_mse_mean": 0.0,
      "teacher_student_feature_norm_ratio_mean": 0.0,
      "teacher_student_topk_overlap_at1": 0.0,
      "teacher_student_topk_overlap_at3": 0.0,
      "teacher_student_valid_frame_overlap_ratio": 0.0,
      "teacher_time_steps_mean": 0.0,
      "teacher_to_student_time_ratio_mean": 0.0,
      "teacher_top1_confidence_mean": 0.0,
      "teacher_top1_confidence_std": 0.0,
      "teacher_top1_margin_mean": 0.0,
      "teacher_top1_margin_std": 0.0,
      "unique_char_ratio": 0.0,
      "unique_sample_ids_seen": 58.0
    },
    "1024": {
      "seed": 1024.0,
      "wer": 1.0,
      "accuracy": 0.03622159090909094,
      "eval_batch_size": 2.0,
      "inference_runtime_sec": 2.9330391883850098,
      "inference_samples_per_sec": 19.77471021515262,
      "inference_peak_gpu_mem_mb": 26.9189453125,
      "model_total_params": 1551581.0,
      "model_trainable_params": 1551581.0,
      "blank_ratio": 0.0,
      "empty_pred_ratio": 0.0,
      "nonempty_pred_ratio": 1.0,
      "pred_to_ref_char_ratio": 0.0350727117194183,
      "short_pred_ratio": 0.9649272882805817,
      "invalid_length_ratio": 0.0,
      "avg_out_length": 90.10344827586206,
      "avg_target_length": 48.55172413793103,
      "avg_length_margin": 41.55172413793103,
      "checkpoint_variant": "final",
      "adjacent_repeat_ratio": 0.3448275862068966,
      "alignment_interpolation_ratio_mean": 0.0,
      "avg_pred_chars": 1.4137931034482758,
      "avg_ref_chars": 40.310344827586206,