{
  "model_name": "phase7_clean_distill_librispeech",
  "architecture": "Audio Transformer Encoder + CTC",
  "adaptation_technique": "CTC fine-tune + distillation (external:wav2vec2_ctc)",
  "runs": {
    "42": {
      "seed": 42.0,
      "wer": 1.0,
      "accuracy": 0.0,
      "eval_batch_size": 1.0,
      "inference_runtime_sec": 9.85620641708374,
      "inference_samples_per_sec": 11.059021634436403,
      "inference_peak_gpu_mem_mb": 43.767578125,
      "model_total_params": 2690909.0,
      "model_trainable_params": 2690909.0,
      "blank_ratio": 0.0,
      "empty_pred_ratio": 0.0,
      "nonempty_pred_ratio": 1.0,
      "pred_to_ref_char_ratio": 2.6491454369558207,
      "short_pred_ratio": 0.0,
      "invalid_length_ratio": 0.0,
      "avg_out_length": 285.8440366972477,
      "avg_target_length": 34.14678899082569,
      "avg_length_margin": 251.69724770642202,
      "checkpoint_variant": "best"
    },
    "123": {
      "seed": 123.0,
      "wer": 1.0,
      "accuracy": 0.06340677055346589,
      "eval_batch_size": 1.0,
      "inference_runtime_sec": 10.71254825592041,
      "inference_samples_per_sec": 10.174983336925454,
      "inference_peak_gpu_mem_mb": 43.767578125,
      "model_total_params": 2690909.0,
      "model_trainable_params": 2690909.0,
      "blank_ratio": 0.0,
      "empty_pred_ratio": 0.0,
      "nonempty_pred_ratio": 1.0,
      "pred_to_ref_char_ratio": 0.47339567881328604,
      "short_pred_ratio": 0.526604321186714,
      "invalid_length_ratio": 0.0,
      "avg_out_length": 285.8440366972477,
      "avg_target_length": 34.14678899082569,
      "avg_length_margin": 251.69724770642202,
      "checkpoint_variant": "best"
    }
  },
  "metrics": {
    "seed": {
      "mean": 82.5,
      "std": 40.5
    },
    "wer": {
      "mean": 1.0,
      "std": 0.0
    },
    "accuracy": {
      "mean": 0.03170338527673294,
      "std": 0.03170338527673294
    },
    "eval_batch_size": {
      "mean": 1.0,
      "std": 0.0
    },
    "inference_runtime_sec": {
      "mean": 10.284377336502075,
      "std": 0.42817091941833496
    },
    "inference_samples_per_sec": {
      "mean": 10.617002485680928,
      "std": 0.44201914875547477
    },
    "inference_peak_gpu_mem_mb": {
      "mean": 43.767578125,
      "std": 0.0
    },
    "model_total_params": {
      "mean": 2690909.0,
      "std": 0.0
    },
    "model_trainable_params": {
      "mean": 2690909.0,
      "std": 0.0
    },
    "blank_ratio": {
      "mean": 0.0,
      "std": 0.0
    },
    "empty_pred_ratio": {
      "mean": 0.0,
      "std": 0.0
    },
    "nonempty_pred_ratio": {
      "mean": 1.0,
      "std": 0.0
    },
    "pred_to_ref_char_ratio": {
      "mean": 1.5612705578845534,
      "std": 1.0878748790712673
    },
    "short_pred_ratio": {
      "mean": 0.263302160593357,
      "std": 0.263302160593357
    },
    "invalid_length_ratio": {
      "mean": 0.0,
      "std": 0.0
    },
    "avg_out_length": {
      "mean": 285.8440366972477,
      "std": 0.0
    },
    "avg_target_length": {
      "mean": 34.14678899082569,
      "std": 0.0
    },
    "avg_length_margin": {
      "mean": 251.69724770642202,
      "std": 0.0
    }
  }
}