{
  "experiment_id": "P7B01",
  "checkpoint_variant": "final",
  "datasets": {
    "openslr/librispeech_asr:test.clean": {
      "42": {
        "seed": 42.0,
        "dataset": "openslr/librispeech_asr:test.clean",
        "wer": 1.0,
        "accuracy": 0.001612036539494932,
        "eval_batch_size": 1.0,
        "inference_runtime_sec": 13.52519416809082,
        "inference_samples_per_sec": 8.059034025341917,
        "inference_peak_gpu_mem_mb": 43.767578125,
        "model_total_params": 2690909.0,
        "model_trainable_params": 2690909.0,
        "blank_ratio": 0.9996148538049234,
        "empty_pred_ratio": 0.944954128440367,
        "nonempty_pred_ratio": 0.05504587155963303,
        "exact_match_ratio": 0.0,
        "avg_pred_chars": 0.05504587155963303,
        "avg_ref_chars": 28.44954128440367,
        "avg_out_length": 285.8440366972477,
        "pred_to_ref_char_ratio": 0.0019348597226701066,
        "short_pred_ratio": 0.9980651402773298,
        "avg_target_length": 34.14678899082569,
        "avg_length_margin": 251.69724770642202,
        "invalid_length_ratio": 0.0,
        "diagnostics_artifact": "results/phase7/experiments/P7B01/diagnostics/test_seed_42_final_openslr_librispeech_asr_test.clean.json"
      },
      "123": {
        "seed": 123.0,
        "dataset": "openslr/librispeech_asr:test.clean",
        "wer": 1.0,
        "accuracy": 0.0005373455131649774,
        "eval_batch_size": 1.0,
        "inference_runtime_sec": 12.858821630477905,
        "inference_samples_per_sec": 8.476670968174007,
        "inference_peak_gpu_mem_mb": 43.767578125,
        "model_total_params": 2690909.0,
        "model_trainable_params": 2690909.0,
        "blank_ratio": 0.9999358089674872,
        "empty_pred_ratio": 0.981651376146789,
        "nonempty_pred_ratio": 0.01834862385321101,
        "exact_match_ratio": 0.0,
        "avg_pred_chars": 0.01834862385321101,
        "avg_ref_chars": 28.44954128440367,
        "avg_out_length": 285.8440366972477,
        "pred_to_ref_char_ratio": 0.0006449532408900355,
        "short_pred_ratio": 0.9993550467591099,
        "avg_target_length": 34.14678899082569,
        "avg_length_margin": 251.69724770642202,
        "invalid_length_ratio": 0.0,
        "diagnostics_artifact": "results/phase7/experiments/P7B01/diagnostics/test_seed_123_final_openslr_librispeech_asr_test.clean.json"
      }
    }
  }
}