{
  "metrics": {
    "openslr/librispeech_asr:test.clean": {
      "seed": {
        "mean": 82.5,
        "std": 40.5
      },
      "wer": {
        "mean": 1.0,
        "std": 0.0
      },
      "accuracy": {
        "mean": 0.0010746910263299547,
        "std": 0.0005373455131649774
      },
      "eval_batch_size": {
        "mean": 1.0,
        "std": 0.0
      },
      "inference_runtime_sec": {
        "mean": 12.724404335021973,
        "std": 0.3794591426849365
      },
      "inference_samples_per_sec": {
        "mean": 8.573841150768121,
        "std": 0.25568367107234646
      },
      "inference_peak_gpu_mem_mb": {
        "mean": 43.767578125,
        "std": 0.0
      },
      "model_total_params": {
        "mean": 2690909.0,
        "std": 0.0
      },
      "model_trainable_params": {
        "mean": 2690909.0,
        "std": 0.0
      },
      "blank_ratio": {
        "mean": 0.9997753313862053,
        "std": 0.0001604775812819037
      },
      "empty_pred_ratio": {
        "mean": 0.963302752293578,
        "std": 0.01834862385321101
      },
      "nonempty_pred_ratio": {
        "mean": 0.03669724770642202,
        "std": 0.01834862385321101
      },
      "exact_match_ratio": {
        "mean": 0.0,
        "std": 0.0
      },
      "avg_pred_chars": {
        "mean": 0.03669724770642202,
        "std": 0.01834862385321101
      },
      "avg_ref_chars": {
        "mean": 28.44954128440367,
        "std": 0.0
      },
      "avg_out_length": {
        "mean": 285.8440366972477,
        "std": 0.0
      },
      "pred_to_ref_char_ratio": {
        "mean": 0.001289906481780071,
        "std": 0.0006449532408900355
      },
      "short_pred_ratio": {
        "mean": 0.9987100935182198,
        "std": 0.0006449532408900338
      },
      "avg_target_length": {
        "mean": 34.14678899082569,
        "std": 0.0
      },
      "avg_length_margin": {
        "mean": 251.69724770642202,
        "std": 0.0
      },
      "invalid_length_ratio": {
        "mean": 0.0,
        "std": 0.0
      }
    }
  }
}