{
  "metrics": {
    "openslr/librispeech_asr:test.clean": {
      "seed": {
        "mean": 82.5,
        "std": 40.5
      },
      "wer": {
        "mean": 1.0,
        "std": 0.0
      },
      "accuracy": {
        "mean": 0.04043524986566366,
        "std": 0.038823213326168726
      },
      "eval_batch_size": {
        "mean": 1.0,
        "std": 0.0
      },
      "inference_runtime_sec": {
        "mean": 11.497389793395996,
        "std": 1.0922601222991943
      },
      "inference_samples_per_sec": {
        "mean": 9.56675391475393,
        "std": 0.90884835503598
      },
      "inference_peak_gpu_mem_mb": {
        "mean": 43.767578125,
        "std": 0.0
      },
      "model_total_params": {
        "mean": 2690909.0,
        "std": 0.0
      },
      "model_trainable_params": {
        "mean": 2690909.0,
        "std": 0.0
      },
      "blank_ratio": {
        "mean": 0.8126263760952595,
        "std": 0.18698847770966393
      },
      "empty_pred_ratio": {
        "mean": 0.4724770642201835,
        "std": 0.4724770642201835
      },
      "nonempty_pred_ratio": {
        "mean": 0.5275229357798166,
        "std": 0.4724770642201835
      },
      "exact_match_ratio": {
        "mean": 0.0,
        "std": 0.0
      },
      "avg_pred_chars": {
        "mean": 5.08256880733945,
        "std": 5.027522935779817
      },
      "avg_ref_chars": {
        "mean": 28.44954128440367,
        "std": 0.0
      },
      "avg_out_length": {
        "mean": 285.8440366972477,
        "std": 0.0
      },
      "pred_to_ref_char_ratio": {
        "mean": 0.17865204772653984,
        "std": 0.17671718800386974
      },
      "short_pred_ratio": {
        "mean": 0.8213479522734601,
        "std": 0.1767171880038697
      },
      "avg_target_length": {
        "mean": 34.14678899082569,
        "std": 0.0
      },
      "avg_length_margin": {
        "mean": 251.69724770642202,
        "std": 0.0
      },
      "invalid_length_ratio": {
        "mean": 0.0,
        "std": 0.0
      }
    }
  }
}