{
  "metrics": {
    "openslr/librispeech_asr:test.clean": {
      "seed": {
        "mean": 82.5,
        "std": 40.5
      },
      "wer": {
        "mean": 1.0,
        "std": 0.0
      },
      "accuracy": {
        "mean": 0.03170338527673294,
        "std": 0.03170338527673294
      },
      "eval_batch_size": {
        "mean": 1.0,
        "std": 0.0
      },
      "inference_runtime_sec": {
        "mean": 10.284377336502075,
        "std": 0.42817091941833496
      },
      "inference_samples_per_sec": {
        "mean": 10.617002485680928,
        "std": 0.44201914875547477
      },
      "inference_peak_gpu_mem_mb": {
        "mean": 43.767578125,
        "std": 0.0
      },
      "model_total_params": {
        "mean": 2690909.0,
        "std": 0.0
      },
      "model_trainable_params": {
        "mean": 2690909.0,
        "std": 0.0
      },
      "blank_ratio": {
        "mean": 0.0,
        "std": 0.0
      },
      "empty_pred_ratio": {
        "mean": 0.0,
        "std": 0.0
      },
      "nonempty_pred_ratio": {
        "mean": 1.0,
        "std": 0.0
      },
      "exact_match_ratio": {
        "mean": 0.0,
        "std": 0.0
      },
      "avg_pred_chars": {
        "mean": 44.41743119266055,
        "std": 30.949541284403672
      },
      "avg_ref_chars": {
        "mean": 28.44954128440367,
        "std": 0.0
      },
      "avg_out_length": {
        "mean": 285.8440366972477,
        "std": 0.0
      },
      "pred_to_ref_char_ratio": {
        "mean": 1.5612705578845534,
        "std": 1.0878748790712673
      },
      "short_pred_ratio": {
        "mean": 0.263302160593357,
        "std": 0.263302160593357
      },
      "avg_target_length": {
        "mean": 34.14678899082569,
        "std": 0.0
      },
      "avg_length_margin": {
        "mean": 251.69724770642202,
        "std": 0.0
      },
      "invalid_length_ratio": {
        "mean": 0.0,
        "std": 0.0
      }
    }
  }
}