{
  "experiment_id": "P7B01",
  "checkpoint_variant": "best",
  "datasets": {
    "openslr/librispeech_asr:test.clean": {
      "42": {
        "seed": 42.0,
        "dataset": "openslr/librispeech_asr:test.clean",
        "wer": 1.0,
        "accuracy": 0.001612036539494932,
        "eval_batch_size": 1.0,
        "inference_runtime_sec": 10.781320333480835,
        "inference_samples_per_sec": 10.110078972563882,
        "inference_peak_gpu_mem_mb": 43.767578125,
        "model_total_params": 2690909.0,
        "model_trainable_params": 2690909.0,
        "blank_ratio": 0.9996148538049234,
        "empty_pred_ratio": 0.944954128440367,
        "nonempty_pred_ratio": 0.05504587155963303,
        "exact_match_ratio": 0.0,
        "avg_pred_chars": 0.05504587155963303,
        "avg_ref_chars": 28.44954128440367,
        "avg_out_length": 285.8440366972477,
        "pred_to_ref_char_ratio": 0.0019348597226701066,
        "short_pred_ratio": 0.9980651402773298,
        "avg_target_length": 34.14678899082569,
        "avg_length_margin": 251.69724770642202,
        "invalid_length_ratio": 0.0,
        "diagnostics_artifact": "results/phase7/experiments/P7B01/diagnostics/test_seed_42_best_openslr_librispeech_asr_test.clean.json"
      },
      "123": {
        "seed": 123.0,
        "dataset": "openslr/librispeech_asr:test.clean",
        "wer": 1.0,
        "accuracy": 0.07925846319183238,
        "eval_batch_size": 1.0,
        "inference_runtime_sec": 10.444233655929565,
        "inference_samples_per_sec": 10.436380838542117,
        "inference_peak_gpu_mem_mb": 43.767578125,
        "model_total_params": 2690909.0,
        "model_trainable_params": 2690909.0,
        "blank_ratio": 0.6256378983855956,
        "empty_pred_ratio": 0.0,
        "nonempty_pred_ratio": 1.0,
        "exact_match_ratio": 0.0,
        "avg_pred_chars": 10.110091743119266,
        "avg_ref_chars": 28.44954128440367,
        "avg_out_length": 285.8440366972477,
        "pred_to_ref_char_ratio": 0.35536923573040957,
        "short_pred_ratio": 0.6446307642695904,
        "avg_target_length": 34.14678899082569,
        "avg_length_margin": 251.69724770642202,
        "invalid_length_ratio": 0.0,
        "diagnostics_artifact": "results/phase7/experiments/P7B01/diagnostics/test_seed_123_best_openslr_librispeech_asr_test.clean.json"
      }
    }
  }
}