{
  "model_name": "phase7_clean_distill_librispeech",
  "architecture": "Audio Transformer Encoder + CTC",
  "adaptation_technique": "CTC fine-tune + distillation (external:wav2vec2_ctc)",
  "runs": {
    "42": {
      "seed": 42.0,
      "wer": 1.0,
      "accuracy": 0.001612036539494932,
      "eval_batch_size": 1.0,
      "inference_runtime_sec": 10.781320333480835,
      "inference_samples_per_sec": 10.110078972563882,
      "inference_peak_gpu_mem_mb": 43.767578125,
      "model_total_params": 2690909.0,
      "model_trainable_params": 2690909.0,
      "blank_ratio": 0.9996148538049234,
      "empty_pred_ratio": 0.944954128440367,
      "nonempty_pred_ratio": 0.05504587155963303,
      "pred_to_ref_char_ratio": 0.0019348597226701066,
      "short_pred_ratio": 0.9980651402773298,
      "invalid_length_ratio": 0.0,
      "avg_out_length": 285.8440366972477,
      "avg_target_length": 34.14678899082569,
      "avg_length_margin": 251.69724770642202,
      "checkpoint_variant": "best"
    },
    "123": {
      "seed": 123.0,
      "wer": 1.0,
      "accuracy": 0.07925846319183238,
      "eval_batch_size": 1.0,
      "inference_runtime_sec": 10.444233655929565,
      "inference_samples_per_sec": 10.436380838542117,
      "inference_peak_gpu_mem_mb": 43.767578125,
      "model_total_params": 2690909.0,
      "model_trainable_params": 2690909.0,
      "blank_ratio": 0.6256378983855956,
      "empty_pred_ratio": 0.0,
      "nonempty_pred_ratio": 1.0,
      "pred_to_ref_char_ratio": 0.35536923573040957,
      "short_pred_ratio": 0.6446307642695904,
      "invalid_length_ratio": 0.0,
      "avg_out_length": 285.8440366972477,
      "avg_target_length": 34.14678899082569,
      "avg_length_margin": 251.69724770642202,
      "checkpoint_variant": "best"
    }
  },
  "metrics": {
    "seed": {
      "mean": 82.5,
      "std": 40.5
    },
    "wer": {
      "mean": 1.0,
      "std": 0.0
    },
    "accuracy": {
      "mean": 0.04043524986566366,
      "std": 0.038823213326168726
    },
    "eval_batch_size": {
      "mean": 1.0,
      "std": 0.0
    },
    "inference_runtime_sec": {
      "mean": 10.6127769947052,
      "std": 0.16854333877563477
    },
    "inference_samples_per_sec": {
      "mean": 10.273229905552999,
      "std": 0.16315093298911787
    },
    "inference_peak_gpu_mem_mb": {
      "mean": 43.767578125,
      "std": 0.0
    },
    "model_total_params": {
      "mean": 2690909.0,
      "std": 0.0
    },
    "model_trainable_params": {
      "mean": 2690909.0,
      "std": 0.0
    },
    "blank_ratio": {
      "mean": 0.8126263760952595,
      "std": 0.18698847770966393
    },
    "empty_pred_ratio": {
      "mean": 0.4724770642201835,
      "std": 0.4724770642201835
    },
    "nonempty_pred_ratio": {
      "mean": 0.5275229357798166,
      "std": 0.4724770642201835
    },
    "pred_to_ref_char_ratio": {
      "mean": 0.17865204772653984,
      "std": 0.17671718800386974
    },
    "short_pred_ratio": {
      "mean": 0.8213479522734601,
      "std": 0.1767171880038697
    },
    "invalid_length_ratio": {
      "mean": 0.0,
      "std": 0.0
    },
    "avg_out_length": {
      "mean": 285.8440366972477,
      "std": 0.0
    },
    "avg_target_length": {
      "mean": 34.14678899082569,
      "std": 0.0
    },
    "avg_length_margin": {
      "mean": 251.69724770642202,
      "std": 0.0
    }
  }
}