{
  "model_name": "phase7_clean_distill_librispeech",
  "architecture": "Audio Transformer Encoder + CTC",
  "adaptation_technique": "CTC fine-tune + distillation (external:wav2vec2_ctc)",
  "runs": {
    "42": {
      "train_loss": 7.61206090482076,
      "train_ctc_loss": 3.476998961766561,
      "train_kd_loss": 5.513415915489197,
      "distillation_enabled": 1.0,
      "train_runtime_sec": 386.54752230644226,
      "train_peak_gpu_mem_mb": 663.50732421875,
      "train_invalid_length_ratio": 0.0,
      "train_avg_out_length": 311.496,
      "train_avg_target_length": 38.470666666666666,
      "train_avg_length_margin": 273.0253333333333,
      "finetune_effective_batch_size": 8.0,
      "eval_peak_gpu_mem_mb": 435.3359375,
      "valid_peak_gpu_mem_mb": 435.3359375,
      "valid_wer": 1.0,
      "valid_accuracy": 0.0005527915975677145,
      "valid_runtime_sec": 11.658670425415039,
      "valid_samples_per_sec": 8.57730739021556,
      "valid_blank_ratio": 0.9996741609644836,
      "valid_empty_pred_ratio": 0.99,
      "valid_nonempty_pred_ratio": 0.010000000000000009,
      "valid_pred_to_ref_char_ratio": 0.0006653359946773121,
      "valid_invalid_length_ratio": 0.0,
      "valid_avg_out_length": 276.21,
      "valid_avg_target_length": 36.18,
      "valid_avg_length_margin": 240.03,
      "valid_exact_match_ratio": 0.0,
      "valid_selection_score": 2.8393302162010485,
      "best_valid_wer": 1.0,
      "best_valid_score": 2.8393302162010485,
      "best_valid_empty_pred_ratio": 0.99,
      "finetune_total_params": 2690909.0,
      "finetune_trainable_params": 2690909.0,
      "seed": 42.0
    },
    "123": {
      "train_loss": 8.325964763005574,
      "train_ctc_loss": 3.9611451552708945,
      "train_kd_loss": 5.819759484767914,
      "distillation_enabled": 1.0,
      "train_runtime_sec": 387.24085426330566,
      "train_peak_gpu_mem_mb": 684.96337890625,
      "train_invalid_length_ratio": 0.0,
      "train_avg_out_length": 311.02066666666667,
      "train_avg_target_length": 38.448,
      "train_avg_length_margin": 272.5726666666667,
      "finetune_effective_batch_size": 8.0,
      "eval_peak_gpu_mem_mb": 455.12158203125,
      "valid_peak_gpu_mem_mb": 455.12158203125,
      "valid_wer": 1.0,
      "valid_accuracy": 0.00027639579878391274,
      "valid_runtime_sec": 11.171656131744385,
      "valid_samples_per_sec": 8.951224314526554,
      "valid_blank_ratio": 0.9999637956627204,
      "valid_empty_pred_ratio": 0.99,
      "valid_nonempty_pred_ratio": 0.010000000000000009,
      "valid_pred_to_ref_char_ratio": 0.00033266799733865603,
      "valid_invalid_length_ratio": 0.0,
      "valid_avg_out_length": 276.21,
      "valid_avg_target_length": 36.18,
      "valid_avg_length_margin": 240.03,
      "valid_exact_match_ratio": 0.0,
      "valid_selection_score": 2.839677779618572,
      "best_valid_wer": 1.0,
      "best_valid_score": 1.52358689802471,
      "best_valid_empty_pred_ratio": 0.0,
      "finetune_total_params": 2690909.0,
      "finetune_trainable_params": 2690909.0,
      "seed": 123.0
    }
  }
}