{
  "experiment_id": "P7A02",
  "checkpoint_variant": "best",
  "datasets": {
    "openslr/librispeech_asr:test.clean": {
      "42": {
        "seed": 42.0,
        "dataset": "openslr/librispeech_asr:test.clean",
        "wer": 1.0,
        "accuracy": 0.03949489521762495,
        "eval_batch_size": 1.0,
        "inference_runtime_sec": 12.371694087982178,
        "inference_samples_per_sec": 8.810434466358348,
        "inference_peak_gpu_mem_mb": 44.8984375,
        "model_total_params": 2839133.0,
        "model_trainable_params": 2839133.0,
        "blank_ratio": 0.21709407195814745,
        "empty_pred_ratio": 0.0,
        "nonempty_pred_ratio": 1.0,
        "exact_match_ratio": 0.0,
        "avg_pred_chars": 3.229357798165138,
        "avg_ref_chars": 28.44954128440367,
        "avg_out_length": 285.8440366972477,
        "pred_to_ref_char_ratio": 0.11351177039664626,
        "short_pred_ratio": 0.8864882296033537,
        "long_pred_ratio": 0.0,
        "length_deviation_ratio": 0.8864882296033537,
        "adjacent_repeat_ratio": 0.7247706422018348,
        "dominant_char_ratio": 1.0,
        "avg_target_length": 34.14678899082569,
        "avg_length_margin": 251.69724770642202,
        "invalid_length_ratio": 0.0,
        "diagnostics_artifact": "results/phase7/experiments/P7A02/diagnostics/test_seed_42_best_openslr_librispeech_asr_test.clean.json"
      },
      "123": {
        "seed": 123.0,
        "dataset": "openslr/librispeech_asr:test.clean",
        "wer": 1.0109589099884033,
        "accuracy": 0.10263299301450834,
        "eval_batch_size": 1.0,
        "inference_runtime_sec": 12.123895168304443,
        "inference_samples_per_sec": 8.99050993817228,
        "inference_peak_gpu_mem_mb": 44.8984375,
        "model_total_params": 2839133.0,
        "model_trainable_params": 2839133.0,
        "blank_ratio": 0.0,
        "empty_pred_ratio": 0.0,
        "nonempty_pred_ratio": 1.0,
        "exact_match_ratio": 0.0,
        "avg_pred_chars": 2.614678899082569,
        "avg_ref_chars": 28.44954128440367,
        "avg_out_length": 285.8440366972477,
        "pred_to_ref_char_ratio": 0.09190583682683007,
        "short_pred_ratio": 0.9080941631731699,
        "long_pred_ratio": 0.0,
        "length_deviation_ratio": 0.9080941631731699,
        "adjacent_repeat_ratio": 0.6788990825688074,
        "dominant_char_ratio": 1.0,
        "avg_target_length": 34.14678899082569,
        "avg_length_margin": 251.69724770642202,
        "invalid_length_ratio": 0.0,
        "diagnostics_artifact": "results/phase7/experiments/P7A02/diagnostics/test_seed_123_best_openslr_librispeech_asr_test.clean.json"
      }
    }
  }
}