{
  "metrics": {
    "openslr/librispeech_asr:test.clean": {
      "seed": {
        "mean": 82.5,
        "std": 40.5
      },
      "wer": {
        "mean": 1.0054794549942017,
        "std": 0.00547945499420166
      },
      "accuracy": {
        "mean": 0.07106394411606665,
        "std": 0.0315690488984417
      },
      "eval_batch_size": {
        "mean": 1.0,
        "std": 0.0
      },
      "inference_runtime_sec": {
        "mean": 12.24779462814331,
        "std": 0.12389945983886719
      },
      "inference_samples_per_sec": {
        "mean": 8.900472202265314,
        "std": 0.09003773590696618
      },
      "inference_peak_gpu_mem_mb": {
        "mean": 44.8984375,
        "std": 0.0
      },
      "model_total_params": {
        "mean": 2839133.0,
        "std": 0.0
      },
      "model_trainable_params": {
        "mean": 2839133.0,
        "std": 0.0
      },
      "blank_ratio": {
        "mean": 0.10854703597907372,
        "std": 0.10854703597907372
      },
      "empty_pred_ratio": {
        "mean": 0.0,
        "std": 0.0
      },
      "nonempty_pred_ratio": {
        "mean": 1.0,
        "std": 0.0
      },
      "exact_match_ratio": {
        "mean": 0.0,
        "std": 0.0
      },
      "avg_pred_chars": {
        "mean": 2.9220183486238533,
        "std": 0.30733944954128445
      },
      "avg_ref_chars": {
        "mean": 28.44954128440367,
        "std": 0.0
      },
      "avg_out_length": {
        "mean": 285.8440366972477,
        "std": 0.0
      },
      "pred_to_ref_char_ratio": {
        "mean": 0.10270880361173816,
        "std": 0.010802966784908094
      },
      "short_pred_ratio": {
        "mean": 0.8972911963882618,
        "std": 0.010802966784908108
      },
      "long_pred_ratio": {
        "mean": 0.0,
        "std": 0.0
      },
      "length_deviation_ratio": {
        "mean": 0.8972911963882618,
        "std": 0.010802966784908108
      },
      "adjacent_repeat_ratio": {
        "mean": 0.7018348623853211,
        "std": 0.022935779816513735
      },
      "dominant_char_ratio": {
        "mean": 1.0,
        "std": 0.0
      },
      "avg_target_length": {
        "mean": 34.14678899082569,
        "std": 0.0
      },
      "avg_length_margin": {
        "mean": 251.69724770642202,
        "std": 0.0
      },
      "invalid_length_ratio": {
        "mean": 0.0,
        "std": 0.0
      }
    }
  }
}