{
  "experiment_id": "P7A02",
  "checkpoint_variant": "final",
  "datasets": {
    "openslr/librispeech_asr:test.clean": {
      "42": {
        "seed": 42.0,
        "dataset": "openslr/librispeech_asr:test.clean",
        "wer": 1.0,
        "accuracy": 0.040032240730789925,
        "eval_batch_size": 1.0,
        "inference_runtime_sec": 13.203747749328613,
        "inference_samples_per_sec": 8.25523192879404,
        "inference_peak_gpu_mem_mb": 44.8984375,
        "model_total_params": 2839133.0,
        "model_trainable_params": 2839133.0,
        "blank_ratio": 0.2618031261032834,
        "empty_pred_ratio": 0.0,
        "nonempty_pred_ratio": 1.0,
        "exact_match_ratio": 0.0,
        "avg_pred_chars": 2.63302752293578,
        "avg_ref_chars": 28.44954128440367,
        "avg_out_length": 285.8440366972477,
        "pred_to_ref_char_ratio": 0.09255079006772009,
        "short_pred_ratio": 0.90744920993228,
        "long_pred_ratio": 0.0,
        "length_deviation_ratio": 0.90744920993228,
        "adjacent_repeat_ratio": 0.6697247706422018,
        "dominant_char_ratio": 1.0,
        "avg_target_length": 34.14678899082569,
        "avg_length_margin": 251.69724770642202,
        "invalid_length_ratio": 0.0,
        "diagnostics_artifact": "results/phase7/experiments/P7A02/diagnostics/test_seed_42_final_openslr_librispeech_asr_test.clean.json"
      },
      "123": {
        "seed": 123.0,
        "dataset": "openslr/librispeech_asr:test.clean",
        "wer": 1.0,
        "accuracy": 0.057764642665233734,
        "eval_batch_size": 1.0,
        "inference_runtime_sec": 13.668389081954956,
        "inference_samples_per_sec": 7.974604713579751,
        "inference_peak_gpu_mem_mb": 44.8984375,
        "model_total_params": 2839133.0,
        "model_trainable_params": 2839133.0,
        "blank_ratio": 0.20030811695606124,
        "empty_pred_ratio": 0.0,
        "nonempty_pred_ratio": 1.0,
        "exact_match_ratio": 0.0,
        "avg_pred_chars": 2.4311926605504586,
        "avg_ref_chars": 28.44954128440367,
        "avg_out_length": 285.8440366972477,
        "pred_to_ref_char_ratio": 0.0854563044179297,
        "short_pred_ratio": 0.9145436955820703,
        "long_pred_ratio": 0.0,
        "length_deviation_ratio": 0.9145436955820703,
        "adjacent_repeat_ratio": 0.6605504587155964,
        "dominant_char_ratio": 1.0,
        "avg_target_length": 34.14678899082569,
        "avg_length_margin": 251.69724770642202,
        "invalid_length_ratio": 0.0,
        "diagnostics_artifact": "results/phase7/experiments/P7A02/diagnostics/test_seed_123_final_openslr_librispeech_asr_test.clean.json"
      }
    }
  }
}