{
  "model_name": "phase7_hidden_states_aug_librispeech",
  "architecture": "Audio Transformer Encoder + CTC",
  "adaptation_technique": "CTC fine-tune + distillation (external:wav2vec2_ctc)",
  "runs": {
    "42": {
      "seed": 42.0,
      "wer": 1.0,
      "accuracy": 0.03949489521762495,
      "eval_batch_size": 1.0,
      "inference_runtime_sec": 12.371694087982178,
      "inference_samples_per_sec": 8.810434466358348,
      "inference_peak_gpu_mem_mb": 44.8984375,
      "model_total_params": 2839133.0,
      "model_trainable_params": 2839133.0,
      "blank_ratio": 0.21709407195814745,
      "empty_pred_ratio": 0.0,
      "nonempty_pred_ratio": 1.0,
      "pred_to_ref_char_ratio": 0.11351177039664626,
      "short_pred_ratio": 0.8864882296033537,
      "invalid_length_ratio": 0.0,
      "avg_out_length": 285.8440366972477,
      "avg_target_length": 34.14678899082569,
      "avg_length_margin": 251.69724770642202,
      "checkpoint_variant": "best"
    },
    "123": {
      "seed": 123.0,
      "wer": 1.0109589099884033,
      "accuracy": 0.10263299301450834,
      "eval_batch_size": 1.0,
      "inference_runtime_sec": 12.123895168304443,
      "inference_samples_per_sec": 8.99050993817228,
      "inference_peak_gpu_mem_mb": 44.8984375,
      "model_total_params": 2839133.0,
      "model_trainable_params": 2839133.0,
      "blank_ratio": 0.0,
      "empty_pred_ratio": 0.0,
      "nonempty_pred_ratio": 1.0,
      "pred_to_ref_char_ratio": 0.09190583682683007,
      "short_pred_ratio": 0.9080941631731699,
      "invalid_length_ratio": 0.0,
      "avg_out_length": 285.8440366972477,
      "avg_target_length": 34.14678899082569,
      "avg_length_margin": 251.69724770642202,
      "checkpoint_variant": "best"
    }
  },
  "metrics": {
    "seed": {
      "mean": 82.5,
      "std": 40.5
    },
    "wer": {
      "mean": 1.0054794549942017,
      "std": 0.00547945499420166
    },
    "accuracy": {
      "mean": 0.07106394411606665,
      "std": 0.0315690488984417
    },
    "eval_batch_size": {
      "mean": 1.0,
      "std": 0.0
    },
    "inference_runtime_sec": {
      "mean": 12.24779462814331,
      "std": 0.12389945983886719
    },
    "inference_samples_per_sec": {
      "mean": 8.900472202265314,
      "std": 0.09003773590696618
    },
    "inference_peak_gpu_mem_mb": {
      "mean": 44.8984375,
      "std": 0.0
    },
    "model_total_params": {
      "mean": 2839133.0,
      "std": 0.0
    },
    "model_trainable_params": {
      "mean": 2839133.0,
      "std": 0.0
    },
    "blank_ratio": {
      "mean": 0.10854703597907372,
      "std": 0.10854703597907372
    },
    "empty_pred_ratio": {
      "mean": 0.0,
      "std": 0.0
    },
    "nonempty_pred_ratio": {
      "mean": 1.0,
      "std": 0.0
    },
    "pred_to_ref_char_ratio": {
      "mean": 0.10270880361173816,
      "std": 0.010802966784908094
    },
    "short_pred_ratio": {
      "mean": 0.8972911963882618,
      "std": 0.010802966784908108
    },
    "invalid_length_ratio": {
      "mean": 0.0,
      "std": 0.0
    },
    "avg_out_length": {
      "mean": 285.8440366972477,
      "std": 0.0
    },
    "avg_target_length": {
      "mean": 34.14678899082569,
      "std": 0.0
    },
    "avg_length_margin": {
      "mean": 251.69724770642202,
      "std": 0.0
    }
  }
}